estado_importacao,chave_importacao,duplicado_provavel,ordem_cronologica,matricula,vin_chassi,processo_oficina,folha_obra,data_documento,hora_documento,data_hora_documento,origem_maquina,tipo_registo,resumo,link_documento_original,origem_ficheiro,lote_importacao,observacoes_importacao,criado_por,criado_em,km_leitura,modulo_calculador,referencia_software,edicao_calibracao,edicao_software,data_telecarregamento,numero_telecarregamentos,fornecedor_ecu,referencia_material,km_ultima_reposicao_manutencao,km_ate_proxima_manutencao,dias_ate_proxima_manutencao,dias_desde_ultima_reposicao_manutencao,numero_manutencoes_efetuadas,limite_temporal_ultrapassado,limite_quilometrico_ultrapassado,limiar_manutencao_km,duracao_manutencao_meses,inicio_primeira_manutencao_km,duracao_antes_primeira_manutencao_meses,gestao_manutencao,taxa_diluicao_oleo_pct,taxa_carbono_oleo_pct,protecao_anti_diluicao,intervalo_calculado_calculador_km,existem_defeitos,numero_total_codigos_eventos,codigos_principais,defeito_critico,estado_principal,caracterizacao_resumo_defeito,km_associado_defeito,acao_recomendada
validado,431e198d24ddb52e_2026-03-13_VF3YBBPFBPG057053_informacoes-lubrificacao-motor_2.pdf,sim,2,BG-46-TM,VF3YBBPFBPG057053,,,2026-03-13,,2026-03-13,Autel,lubrificacao_motor,informacoes lubrificacao motor,file:///C:/Users/andre/OneDrive%20-%20D'accord%20Invest%20-%20Servi%C3%A7os%20Partilhados%20SA/CARFAST%20-%20OFICINA%20-%20HISTORICO%20TECNICO/2026/03_Marco/2026-03-13_BG-46-TM_VF3YBBPFBPG057053_lubrificacao_motor_informacoes-lubrificacao-motor.pdf,2026-03-13_VF3YBBPFBPG057053_informacoes-lubrificacao-motor_2.pdf,historico_tecnico_2026_v2,matricula inferida por VIN,Codex,2026-05-20 03:17:26,,,,,,,,,,,,,,,,,,,,,,,,,,,,,,,,,
validado,431e198d24ddb52e_2026-03-13_VF3YBBPFBPG057053_informacoes-lubrificacao-motor_3.pdf,sim,3,BG-46-TM,VF3YBBPFBPG057053,,,2026-03-13,,2026-03-13,Autel,lubrificacao_motor,informacoes lubrificacao motor,file:///C:/Users/andre/OneDrive%20-%20D'accord%20Invest%20-%20Servi%C3%A7os%20Partilhados%20SA/CARFAST%20-%20OFICINA%20-%20HISTORICO%20TECNICO/2026/03_Marco/2026-03-13_BG-46-TM_VF3YBBPFBPG057053_lubrificacao_motor_informacoes-lubrificacao-motor.pdf,2026-03-13_VF3YBBPFBPG057053_informacoes-lubrificacao-motor_3.pdf,historico_tecnico_2026_v2,matricula inferida por VIN,Codex,2026-05-20 03:17:26,,,,,,,,,,,,,,,,,,,,,,,,,,,,,,,,,
validado,431e198d24ddb52e_2026-03-13_VF3YBBPFBPG057053_informacoes-lubrificacao-motor_4.pdf,sim,4,BG-46-TM,VF3YBBPFBPG057053,,,2026-03-13,,2026-03-13,Autel,lubrificacao_motor,informacoes lubrificacao motor,file:///C:/Users/andre/OneDrive%20-%20D'accord%20Invest%20-%20Servi%C3%A7os%20Partilhados%20SA/CARFAST%20-%20OFICINA%20-%20HISTORICO%20TECNICO/2026/03_Marco/2026-03-13_BG-46-TM_VF3YBBPFBPG057053_lubrificacao_motor_informacoes-lubrificacao-motor.pdf,2026-03-13_VF3YBBPFBPG057053_informacoes-lubrificacao-motor_4.pdf,historico_tecnico_2026_v2,matricula inferida por VIN,Codex,2026-05-20 03:17:26,,,,,,,,,,,,,,,,,,,,,,,,,,,,,,,,,
validado,f28ad98b15f9ec1d_2026-03-13_VF3YBBPFBPG057053_informacoes-linha-de-escape-1_3.pdf,sim,7,BG-46-TM,VF3YBBPFBPG057053,,,2026-03-13,,2026-03-13,Autel,outro,informacoes linha de escape 1,file:///C:/Users/andre/OneDrive%20-%20D'accord%20Invest%20-%20Servi%C3%A7os%20Partilhados%20SA/CARFAST%20-%20OFICINA%20-%20HISTORICO%20TECNICO/2026/03_Marco/2026-03-13_BG-46-TM_VF3YBBPFBPG057053_outro_informacoes-linha-de-escape-1.pdf,2026-03-13_VF3YBBPFBPG057053_informacoes-linha-de-escape-1_3.pdf,historico_tecnico_2026_v2,matricula inferida por VIN,Codex,2026-05-20 03:17:26,,,,,,,,,,,,,,,,,,,,,,,,,,,,,,,,,
validado,73fcc59145d7fcd2_2026-03-13_VF3YBBPFBPG057053_informacoes-linha-de-escape-1_4.pdf,sim,8,BG-46-TM,VF3YBBPFBPG057053,,,2026-03-13,,2026-03-13,Autel,outro,informacoes linha de escape 1,file:///C:/Users/andre/OneDrive%20-%20D'accord%20Invest%20-%20Servi%C3%A7os%20Partilhados%20SA/CARFAST%20-%20OFICINA%20-%20HISTORICO%20TECNICO/2026/03_Marco/2026-03-13_BG-46-TM_VF3YBBPFBPG057053_outro_informacoes-linha-de-escape-1_1.pdf,2026-03-13_VF3YBBPFBPG057053_informacoes-linha-de-escape-1_4.pdf,historico_tecnico_2026_v2,matricula inferida por VIN,Codex,2026-05-20 03:17:27,,,,,,,,,,,,,,,,,,,,,,,,,,,,,,,,,
validado,f28ad98b15f9ec1d_2026-03-13_VF3YBBPFBPG057053_informacoes-linha-de-escape-1_5.pdf,sim,9,BG-46-TM,VF3YBBPFBPG057053,,,2026-03-13,,2026-03-13,Autel,outro,informacoes linha de escape 1,file:///C:/Users/andre/OneDrive%20-%20D'accord%20Invest%20-%20Servi%C3%A7os%20Partilhados%20SA/CARFAST%20-%20OFICINA%20-%20HISTORICO%20TECNICO/2026/03_Marco/2026-03-13_BG-46-TM_VF3YBBPFBPG057053_outro_informacoes-linha-de-escape-1.pdf,2026-03-13_VF3YBBPFBPG057053_informacoes-linha-de-escape-1_5.pdf,historico_tecnico_2026_v2,matricula inferida por VIN,Codex,2026-05-20 03:17:27,,,,,,,,,,,,,,,,,,,,,,,,,,,,,,,,,
validado,73fcc59145d7fcd2_2026-03-13_VF3YBBPFBPG057053_informacoes-linha-de-escape-1_6.pdf,sim,10,BG-46-TM,VF3YBBPFBPG057053,,,2026-03-13,,2026-03-13,Autel,outro,informacoes linha de escape 1,file:///C:/Users/andre/OneDrive%20-%20D'accord%20Invest%20-%20Servi%C3%A7os%20Partilhados%20SA/CARFAST%20-%20OFICINA%20-%20HISTORICO%20TECNICO/2026/03_Marco/2026-03-13_BG-46-TM_VF3YBBPFBPG057053_outro_informacoes-linha-de-escape-1_1.pdf,2026-03-13_VF3YBBPFBPG057053_informacoes-linha-de-escape-1_6.pdf,historico_tecnico_2026_v2,matricula inferida por VIN,Codex,2026-05-20 03:17:27,,,,,,,,,,,,,,,,,,,,,,,,,,,,,,,,,
validado,f28ad98b15f9ec1d_2026-03-13_VF3YBBPFBPG057053_informacoes-linha-de-escape-1_7.pdf,sim,11,BG-46-TM,VF3YBBPFBPG057053,,,2026-03-13,,2026-03-13,Autel,outro,informacoes linha de escape 1,file:///C:/Users/andre/OneDrive%20-%20D'accord%20Invest%20-%20Servi%C3%A7os%20Partilhados%20SA/CARFAST%20-%20OFICINA%20-%20HISTORICO%20TECNICO/2026/03_Marco/2026-03-13_BG-46-TM_VF3YBBPFBPG057053_outro_informacoes-linha-de-escape-1.pdf,2026-03-13_VF3YBBPFBPG057053_informacoes-linha-de-escape-1_7.pdf,historico_tecnico_2026_v2,matricula inferida por VIN,Codex,2026-05-20 03:17:27,,,,,,,,,,,,,,,,,,,,,,,,,,,,,,,,,
validado,73fcc59145d7fcd2_2026-03-13_VF3YBBPFBPG057053_informacoes-linha-de-escape-1_8.pdf,sim,12,BG-46-TM,VF3YBBPFBPG057053,,,2026-03-13,,2026-03-13,Autel,outro,informacoes linha de escape 1,file:///C:/Users/andre/OneDrive%20-%20D'accord%20Invest%20-%20Servi%C3%A7os%20Partilhados%20SA/CARFAST%20-%20OFICINA%20-%20HISTORICO%20TECNICO/2026/03_Marco/2026-03-13_BG-46-TM_VF3YBBPFBPG057053_outro_informacoes-linha-de-escape-1_1.pdf,2026-03-13_VF3YBBPFBPG057053_informacoes-linha-de-escape-1_8.pdf,historico_tecnico_2026_v2,matricula inferida por VIN,Codex,2026-05-20 03:17:27,,,,,,,,,,,,,,,,,,,,,,,,,,,,,,,,,
validado,9df080b141eace40_2026-04-07_VF7SXHMRVNT636098_informacoes-de-manutencao_2.pdf,sim,2,AT-41-ZA,VF7SXHMRVNT636098,,,2026-04-07,,2026-04-07,Autel,manutencao,informacoes de manutencao,file:///C:/Users/andre/OneDrive%20-%20D'accord%20Invest%20-%20Servi%C3%A7os%20Partilhados%20SA/CARFAST%20-%20OFICINA%20-%20HISTORICO%20TECNICO/2026/04_Abril/2026-04-07_AT-41-ZA_VF7SXHMRVNT636098_manutencao_informacoes-de-manutencao.pdf,2026-04-07_VF7SXHMRVNT636098_informacoes-de-manutencao_2.pdf,historico_tecnico_2026_v2,matricula inferida por VIN,Codex,2026-05-20 03:17:27,,,,,,,,,,,,,,,,,,,,,,,,,,,,,,,,,
validado,9df080b141eace40_2026-04-07_VF7SXHMRVNT636098_informacoes-de-manutencao_3.pdf,sim,3,AT-41-ZA,VF7SXHMRVNT636098,,,2026-04-07,,2026-04-07,Autel,manutencao,informacoes de manutencao,file:///C:/Users/andre/OneDrive%20-%20D'accord%20Invest%20-%20Servi%C3%A7os%20Partilhados%20SA/CARFAST%20-%20OFICINA%20-%20HISTORICO%20TECNICO/2026/04_Abril/2026-04-07_AT-41-ZA_VF7SXHMRVNT636098_manutencao_informacoes-de-manutencao.pdf,2026-04-07_VF7SXHMRVNT636098_informacoes-de-manutencao_3.pdf,historico_tecnico_2026_v2,matricula inferida por VIN,Codex,2026-05-20 03:17:27,,,,,,,,,,,,,,,,,,,,,,,,,,,,,,,,,
validado,9df080b141eace40_2026-04-07_VF7SXHMRVNT636098_informacoes-de-manutencao_4.pdf,sim,4,AT-41-ZA,VF7SXHMRVNT636098,,,2026-04-07,,2026-04-07,Autel,manutencao,informacoes de manutencao,file:///C:/Users/andre/OneDrive%20-%20D'accord%20Invest%20-%20Servi%C3%A7os%20Partilhados%20SA/CARFAST%20-%20OFICINA%20-%20HISTORICO%20TECNICO/2026/04_Abril/2026-04-07_AT-41-ZA_VF7SXHMRVNT636098_manutencao_informacoes-de-manutencao.pdf,2026-04-07_VF7SXHMRVNT636098_informacoes-de-manutencao_4.pdf,historico_tecnico_2026_v2,matricula inferida por VIN,Codex,2026-05-20 03:17:27,,,,,,,,,,,,,,,,,,,,,,,,,,,,,,,,,
validado,cf97e6b2ce2629eb_2026-04-07_VF7SXHMRVNT641972_informacoes-de-manutencao_2.pdf,sim,2,AU-87-VS,VF7SXHMRVNT641972,,,2026-04-07,,2026-04-07,Autel,manutencao,informacoes de manutencao,file:///C:/Users/andre/OneDrive%20-%20D'accord%20Invest%20-%20Servi%C3%A7os%20Partilhados%20SA/CARFAST%20-%20OFICINA%20-%20HISTORICO%20TECNICO/2026/04_Abril/2026-04-07_AU-87-VS_VF7SXHMRVNT641972_manutencao_informacoes-de-manutencao.pdf,2026-04-07_VF7SXHMRVNT641972_informacoes-de-manutencao_2.pdf,historico_tecnico_2026_v2,matricula inferida por VIN,Codex,2026-05-20 03:17:27,,,,,,,,,,,,,,,,,,,,,,,,,,,,,,,,,
validado,cf97e6b2ce2629eb_2026-04-07_VF7SXHMRVNT641972_informacoes-de-manutencao_3.pdf,sim,3,AU-87-VS,VF7SXHMRVNT641972,,,2026-04-07,,2026-04-07,Autel,manutencao,informacoes de manutencao,file:///C:/Users/andre/OneDrive%20-%20D'accord%20Invest%20-%20Servi%C3%A7os%20Partilhados%20SA/CARFAST%20-%20OFICINA%20-%20HISTORICO%20TECNICO/2026/04_Abril/2026-04-07_AU-87-VS_VF7SXHMRVNT641972_manutencao_informacoes-de-manutencao.pdf,2026-04-07_VF7SXHMRVNT641972_informacoes-de-manutencao_3.pdf,historico_tecnico_2026_v2,matricula inferida por VIN,Codex,2026-05-20 03:17:27,,,,,,,,,,,,,,,,,,,,,,,,,,,,,,,,,
validado,cf97e6b2ce2629eb_2026-04-07_VF7SXHMRVNT641972_informacoes-de-manutencao_4.pdf,sim,4,AU-87-VS,VF7SXHMRVNT641972,,,2026-04-07,,2026-04-07,Autel,manutencao,informacoes de manutencao,file:///C:/Users/andre/OneDrive%20-%20D'accord%20Invest%20-%20Servi%C3%A7os%20Partilhados%20SA/CARFAST%20-%20OFICINA%20-%20HISTORICO%20TECNICO/2026/04_Abril/2026-04-07_AU-87-VS_VF7SXHMRVNT641972_manutencao_informacoes-de-manutencao.pdf,2026-04-07_VF7SXHMRVNT641972_informacoes-de-manutencao_4.pdf,historico_tecnico_2026_v2,matricula inferida por VIN,Codex,2026-05-20 03:17:27,,,,,,,,,,,,,,,,,,,,,,,,,,,,,,,,,
validado,de4218d3294b0a2d_2026-04-24_VF7YAAPFBPG037976_calculador_2.pdf,sim,3,CONTACTO,VF7YAAPFBPG037976,,,2026-04-24,11:00:40,2026-04-24 11:00:40,PSA-DIAG/Stellantis,identificacao_telecarregamento,calculador | codigos: P0513; P1632; P3059,file:///C:/Users/andre/OneDrive%20-%20D'accord%20Invest%20-%20Servi%C3%A7os%20Partilhados%20SA/CARFAST%20-%20OFICINA%20-%20HISTORICO%20TECNICO/2026/04_Abril/2026-04-24_CONTACTO_VF7YAAPFBPG037976_identificacao_telecarregamento_calculador.pdf,2026-04-24_VF7YAAPFBPG037976_calculador_2.pdf,historico_tecnico_2026_v2,,Codex,2026-05-20 03:17:27,,,,,,,,,,,,,,,,,,,,,Dinâmica,,,,,Sim,,P0513; P1632; P3059,Sim,Permanente,do defeito,,Prioridade alta: diagnosticar defeitos permanentes/críticos
validado,4fd7e88c3c4d0c6c_2026-04-24_VF7YAAPFBPG037976_dcm7-1-f-informacoes-lubrificacao-motor_2.pdf,sim,5,BG-67-TL,VF7YAAPFBPG037976,,,2026-04-24,11:02:31,2026-04-24 11:02:31,PSA-DIAG/Stellantis,lubrificacao_motor,dcm7 1 f informacoes lubrificacao motor,file:///C:/Users/andre/OneDrive%20-%20D'accord%20Invest%20-%20Servi%C3%A7os%20Partilhados%20SA/CARFAST%20-%20OFICINA%20-%20HISTORICO%20TECNICO/2026/04_Abril/2026-04-24_BG-67-TL_VF7YAAPFBPG037976_lubrificacao_motor_dcm7-1-f-informacoes-lubrificacao-motor.pdf,2026-04-24_VF7YAAPFBPG037976_dcm7-1-f-informacoes-lubrificacao-motor_2.pdf,historico_tecnico_2026_v2,matricula inferida por VIN,Codex,2026-05-20 03:17:27,,DCM7_1_F,,,,,,,,,,,,,,,,,,,,,,,,,,,,,,,
validado,d4e542f4660db829_2026-04-24_VF7YAAPFBPG037976_dcm7-1-f-identificacao_2.pdf,sim,7,BG-67-TL,VF7YAAPFBPG037976,,,2026-04-24,11:03:00,2026-04-24 11:03:00,PSA-DIAG/Stellantis,identificacao_telecarregamento,dcm7 1 f identificacao,file:///C:/Users/andre/OneDrive%20-%20D'accord%20Invest%20-%20Servi%C3%A7os%20Partilhados%20SA/CARFAST%20-%20OFICINA%20-%20HISTORICO%20TECNICO/2026/04_Abril/2026-04-24_BG-67-TL_VF7YAAPFBPG037976_identificacao_telecarregamento_dcm7-1-f-identificacao.pdf,2026-04-24_VF7YAAPFBPG037976_dcm7-1-f-identificacao_2.pdf,historico_tecnico_2026_v2,matricula inferida por VIN,Codex,2026-05-20 03:17:27,,DCM7_1_F,00.00,,,,,,,,,,,,,,,,,,,,,,,,,,,,,,
validado,5e02424ce5522f42_2026-03-03_VF7YBBPFBNG007463_relatorio-de-diagnostico-do-veiculo_2.pdf,sim,2,AS-61-ZH,VF7YBBPFBNG007463,,,2026-03-03,,2026-03-03,Autel,leitura_defeitos,relatorio de diagnostico do veiculo,file:///C:/Users/andre/OneDrive%20-%20D'accord%20Invest%20-%20Servi%C3%A7os%20Partilhados%20SA/CARFAST%20-%20OFICINA%20-%20HISTORICO%20TECNICO/2026/03_Marco/2026-03-03_AS-61-ZH_VF7YBBPFBNG007463_leitura_defeitos_relatorio-de-diagnostico-do-veiculo.pdf,2026-03-03_VF7YBBPFBNG007463_relatorio-de-diagnostico-do-veiculo_2.pdf,historico_tecnico_2026_v2,matricula inferida por VIN,Codex,2026-05-20 03:17:27,,,,,,,,,,,,,,,,,,,,,,,,,,,,,,,,,
validado,11b9d449aa670b28_2026-04-27_VF7YBBPFCPG030532_global_2.pdf,sim,2,VELOCIDADE,VF7YBBPFCPG030532,,,2026-04-27,17:50:03,2026-04-27 17:50:03,PSA-DIAG/Stellantis,leitura_defeitos,global | codigos: P0513; P1199,file:///C:/Users/andre/OneDrive%20-%20D'accord%20Invest%20-%20Servi%C3%A7os%20Partilhados%20SA/CARFAST%20-%20OFICINA%20-%20HISTORICO%20TECNICO/2026/04_Abril/2026-04-27_VELOCIDADE_VF7YBBPFCPG030532_leitura_defeitos_global.pdf,2026-04-27_VF7YBBPFCPG030532_global_2.pdf,historico_tecnico_2026_v2,,Codex,2026-05-20 03:17:27,,,,,,,,,,,,,,,,,,,,,Dinâmica,,,,,Sim,,P0513; P1199,Não,Fugitivo,do defeitoNível demasiado fraco no reservatório,,Analisar códigos de defeito e confirmar recorrência
validado,869998df51cc1809_2026-04-27_VF7YBBPFCPG030532_dcm7-1-f-informacoes-lubrificacao-motor_2.pdf,sim,4,BE-05-VV,VF7YBBPFCPG030532,,,2026-04-27,17:51:01,2026-04-27 17:51:01,PSA-DIAG/Stellantis,lubrificacao_motor,dcm7 1 f informacoes lubrificacao motor,file:///C:/Users/andre/OneDrive%20-%20D'accord%20Invest%20-%20Servi%C3%A7os%20Partilhados%20SA/CARFAST%20-%20OFICINA%20-%20HISTORICO%20TECNICO/2026/04_Abril/2026-04-27_BE-05-VV_VF7YBBPFCPG030532_lubrificacao_motor_dcm7-1-f-informacoes-lubrificacao-motor.pdf,2026-04-27_VF7YBBPFCPG030532_dcm7-1-f-informacoes-lubrificacao-motor_2.pdf,historico_tecnico_2026_v2,matricula inferida por VIN,Codex,2026-05-20 03:17:27,,DCM7_1_F,,,,,,,,,,,,,,,,,,,,,,,,,,,,,,,
validado,21f0418fe4493a0d_2026-04-27_VF7YBBPFCPG030532_dcm7-1-f-identificacao_2.pdf,sim,6,BE-05-VV,VF7YBBPFCPG030532,,,2026-04-27,17:51:33,2026-04-27 17:51:33,PSA-DIAG/Stellantis,identificacao_telecarregamento,dcm7 1 f identificacao,file:///C:/Users/andre/OneDrive%20-%20D'accord%20Invest%20-%20Servi%C3%A7os%20Partilhados%20SA/CARFAST%20-%20OFICINA%20-%20HISTORICO%20TECNICO/2026/04_Abril/2026-04-27_BE-05-VV_VF7YBBPFCPG030532_identificacao_telecarregamento_dcm7-1-f-identificacao.pdf,2026-04-27_VF7YBBPFCPG030532_dcm7-1-f-identificacao_2.pdf,historico_tecnico_2026_v2,matricula inferida por VIN,Codex,2026-05-20 03:17:27,,DCM7_1_F,00.00,,,,,,,,,,,,,,,,,,,,,,,,,,,,,,
validado,cdf4d71257fdf6aa_2026-04-10_VF7YBBPFCPG030534_informacoes-lubrificacao-motor_2.pdf,sim,2,BD-87-LZ,VF7YBBPFCPG030534,,,2026-04-10,,2026-04-10,Autel,lubrificacao_motor,informacoes lubrificacao motor,file:///C:/Users/andre/OneDrive%20-%20D'accord%20Invest%20-%20Servi%C3%A7os%20Partilhados%20SA/CARFAST%20-%20OFICINA%20-%20HISTORICO%20TECNICO/2026/04_Abril/2026-04-10_BD-87-LZ_VF7YBBPFCPG030534_lubrificacao_motor_informacoes-lubrificacao-motor.pdf,2026-04-10_VF7YBBPFCPG030534_informacoes-lubrificacao-motor_2.pdf,historico_tecnico_2026_v2,matricula inferida por VIN,Codex,2026-05-20 03:17:27,,,,,,,,,,,,,,,,,,,,,,,,,,,,,,,,,
validado,cdf4d71257fdf6aa_2026-04-10_VF7YBBPFCPG030534_informacoes-lubrificacao-motor_3.pdf,sim,3,BD-87-LZ,VF7YBBPFCPG030534,,,2026-04-10,,2026-04-10,Autel,lubrificacao_motor,informacoes lubrificacao motor,file:///C:/Users/andre/OneDrive%20-%20D'accord%20Invest%20-%20Servi%C3%A7os%20Partilhados%20SA/CARFAST%20-%20OFICINA%20-%20HISTORICO%20TECNICO/2026/04_Abril/2026-04-10_BD-87-LZ_VF7YBBPFCPG030534_lubrificacao_motor_informacoes-lubrificacao-motor.pdf,2026-04-10_VF7YBBPFCPG030534_informacoes-lubrificacao-motor_3.pdf,historico_tecnico_2026_v2,matricula inferida por VIN,Codex,2026-05-20 03:17:27,,,,,,,,,,,,,,,,,,,,,,,,,,,,,,,,,
validado,cdf4d71257fdf6aa_2026-04-10_VF7YBBPFCPG030534_informacoes-lubrificacao-motor_4.pdf,sim,4,BD-87-LZ,VF7YBBPFCPG030534,,,2026-04-10,,2026-04-10,Autel,lubrificacao_motor,informacoes lubrificacao motor,file:///C:/Users/andre/OneDrive%20-%20D'accord%20Invest%20-%20Servi%C3%A7os%20Partilhados%20SA/CARFAST%20-%20OFICINA%20-%20HISTORICO%20TECNICO/2026/04_Abril/2026-04-10_BD-87-LZ_VF7YBBPFCPG030534_lubrificacao_motor_informacoes-lubrificacao-motor.pdf,2026-04-10_VF7YBBPFCPG030534_informacoes-lubrificacao-motor_4.pdf,historico_tecnico_2026_v2,matricula inferida por VIN,Codex,2026-05-20 03:17:27,,,,,,,,,,,,,,,,,,,,,,,,,,,,,,,,,
validado,42f97880c319148f_2026-03-11_VF7YBBPFCPG030536_informacoes-lubrificacao-motor_2.pdf,sim,2,BD-16-LZ,VF7YBBPFCPG030536,,,2026-03-11,,2026-03-11,Autel,lubrificacao_motor,informacoes lubrificacao motor,file:///C:/Users/andre/OneDrive%20-%20D'accord%20Invest%20-%20Servi%C3%A7os%20Partilhados%20SA/CARFAST%20-%20OFICINA%20-%20HISTORICO%20TECNICO/2026/03_Marco/2026-03-11_BD-16-LZ_VF7YBBPFCPG030536_lubrificacao_motor_informacoes-lubrificacao-motor.pdf,2026-03-11_VF7YBBPFCPG030536_informacoes-lubrificacao-motor_2.pdf,historico_tecnico_2026_v2,matricula inferida por VIN,Codex,2026-05-20 03:17:27,,,,,,,,,,,,,,,,,,,,,,,,,,,,,,,,,
validado,42f97880c319148f_2026-03-11_VF7YBBPFCPG030536_informacoes-lubrificacao-motor_3.pdf,sim,3,BD-16-LZ,VF7YBBPFCPG030536,,,2026-03-11,,2026-03-11,Autel,lubrificacao_motor,informacoes lubrificacao motor,file:///C:/Users/andre/OneDrive%20-%20D'accord%20Invest%20-%20Servi%C3%A7os%20Partilhados%20SA/CARFAST%20-%20OFICINA%20-%20HISTORICO%20TECNICO/2026/03_Marco/2026-03-11_BD-16-LZ_VF7YBBPFCPG030536_lubrificacao_motor_informacoes-lubrificacao-motor.pdf,2026-03-11_VF7YBBPFCPG030536_informacoes-lubrificacao-motor_3.pdf,historico_tecnico_2026_v2,matricula inferida por VIN,Codex,2026-05-20 03:17:27,,,,,,,,,,,,,,,,,,,,,,,,,,,,,,,,,
validado,42f97880c319148f_2026-03-11_VF7YBBPFCPG030536_informacoes-lubrificacao-motor_4.pdf,sim,4,BD-16-LZ,VF7YBBPFCPG030536,,,2026-03-11,,2026-03-11,Autel,lubrificacao_motor,informacoes lubrificacao motor,file:///C:/Users/andre/OneDrive%20-%20D'accord%20Invest%20-%20Servi%C3%A7os%20Partilhados%20SA/CARFAST%20-%20OFICINA%20-%20HISTORICO%20TECNICO/2026/03_Marco/2026-03-11_BD-16-LZ_VF7YBBPFCPG030536_lubrificacao_motor_informacoes-lubrificacao-motor.pdf,2026-03-11_VF7YBBPFCPG030536_informacoes-lubrificacao-motor_4.pdf,historico_tecnico_2026_v2,matricula inferida por VIN,Codex,2026-05-20 03:17:27,,,,,,,,,,,,,,,,,,,,,,,,,,,,,,,,,
validado,42f97880c319148f_2026-03-11_VF7YBBPFCPG030536_informacoes-lubrificacao-motor_5.pdf,sim,5,BD-16-LZ,VF7YBBPFCPG030536,,,2026-03-11,,2026-03-11,Autel,lubrificacao_motor,informacoes lubrificacao motor,file:///C:/Users/andre/OneDrive%20-%20D'accord%20Invest%20-%20Servi%C3%A7os%20Partilhados%20SA/CARFAST%20-%20OFICINA%20-%20HISTORICO%20TECNICO/2026/03_Marco/2026-03-11_BD-16-LZ_VF7YBBPFCPG030536_lubrificacao_motor_informacoes-lubrificacao-motor.pdf,2026-03-11_VF7YBBPFCPG030536_informacoes-lubrificacao-motor_5.pdf,historico_tecnico_2026_v2,matricula inferida por VIN,Codex,2026-05-20 03:17:27,,,,,,,,,,,,,,,,,,,,,,,,,,,,,,,,,
validado,42f97880c319148f_2026-03-11_VF7YBBPFCPG030536_informacoes-lubrificacao-motor_6.pdf,sim,6,BD-16-LZ,VF7YBBPFCPG030536,,,2026-03-11,,2026-03-11,Autel,lubrificacao_motor,informacoes lubrificacao motor,file:///C:/Users/andre/OneDrive%20-%20D'accord%20Invest%20-%20Servi%C3%A7os%20Partilhados%20SA/CARFAST%20-%20OFICINA%20-%20HISTORICO%20TECNICO/2026/03_Marco/2026-03-11_BD-16-LZ_VF7YBBPFCPG030536_lubrificacao_motor_informacoes-lubrificacao-motor.pdf,2026-03-11_VF7YBBPFCPG030536_informacoes-lubrificacao-motor_6.pdf,historico_tecnico_2026_v2,matricula inferida por VIN,Codex,2026-05-20 03:17:27,,,,,,,,,,,,,,,,,,,,,,,,,,,,,,,,,
validado,42f97880c319148f_2026-03-11_VF7YBBPFCPG030536_informacoes-lubrificacao-motor_7.pdf,sim,7,BD-16-LZ,VF7YBBPFCPG030536,,,2026-03-11,,2026-03-11,Autel,lubrificacao_motor,informacoes lubrificacao motor,file:///C:/Users/andre/OneDrive%20-%20D'accord%20Invest%20-%20Servi%C3%A7os%20Partilhados%20SA/CARFAST%20-%20OFICINA%20-%20HISTORICO%20TECNICO/2026/03_Marco/2026-03-11_BD-16-LZ_VF7YBBPFCPG030536_lubrificacao_motor_informacoes-lubrificacao-motor.pdf,2026-03-11_VF7YBBPFCPG030536_informacoes-lubrificacao-motor_7.pdf,historico_tecnico_2026_v2,matricula inferida por VIN,Codex,2026-05-20 03:17:27,,,,,,,,,,,,,,,,,,,,,,,,,,,,,,,,,
validado,42f97880c319148f_2026-03-11_VF7YBBPFCPG030536_informacoes-lubrificacao-motor_8.pdf,sim,8,BD-16-LZ,VF7YBBPFCPG030536,,,2026-03-11,,2026-03-11,Autel,lubrificacao_motor,informacoes lubrificacao motor,file:///C:/Users/andre/OneDrive%20-%20D'accord%20Invest%20-%20Servi%C3%A7os%20Partilhados%20SA/CARFAST%20-%20OFICINA%20-%20HISTORICO%20TECNICO/2026/03_Marco/2026-03-11_BD-16-LZ_VF7YBBPFCPG030536_lubrificacao_motor_informacoes-lubrificacao-motor.pdf,2026-03-11_VF7YBBPFCPG030536_informacoes-lubrificacao-motor_8.pdf,historico_tecnico_2026_v2,matricula inferida por VIN,Codex,2026-05-20 03:17:27,,,,,,,,,,,,,,,,,,,,,,,,,,,,,,,,,
validado,430e0f3d8681fdcc_2026-04-21_VF7YBBPFCPG030537_calculador_2.pdf,sim,2,BD-29-LZ,VF7YBBPFCPG030537,,,2026-04-21,14:05:03,2026-04-21 14:05:03,PSA-DIAG/Stellantis,identificacao_telecarregamento,calculador | codigos: P203F; P00BC; P02ED,file:///C:/Users/andre/OneDrive%20-%20D'accord%20Invest%20-%20Servi%C3%A7os%20Partilhados%20SA/CARFAST%20-%20OFICINA%20-%20HISTORICO%20TECNICO/2026/04_Abril/2026-04-21_BD-29-LZ_VF7YBBPFCPG030537_identificacao_telecarregamento_calculador.pdf,2026-04-21_VF7YBBPFCPG030537_calculador_2.pdf,historico_tecnico_2026_v2,matricula inferida por VIN,Codex,2026-05-20 03:17:27,,,,,,,,,,,,,,,,,,,,,Dinâmica,,,,,Sim,,P203F; P00BC; P02ED,Sim,Permanente,do defeitoNível demasiado fraco no reservatrio,,Prioridade alta: diagnosticar defeitos permanentes/críticos
validado,66c934f69eab23d8_2026-04-21_VF7YBBPFCPG030537_dcm7-1-f-informacoes-lubrificacao-motor_2.pdf,sim,4,BD-29-LZ,VF7YBBPFCPG030537,,,2026-04-21,14:08:34,2026-04-21 14:08:34,PSA-DIAG/Stellantis,lubrificacao_motor,dcm7 1 f informacoes lubrificacao motor,file:///C:/Users/andre/OneDrive%20-%20D'accord%20Invest%20-%20Servi%C3%A7os%20Partilhados%20SA/CARFAST%20-%20OFICINA%20-%20HISTORICO%20TECNICO/2026/04_Abril/2026-04-21_BD-29-LZ_VF7YBBPFCPG030537_lubrificacao_motor_dcm7-1-f-informacoes-lubrificacao-motor.pdf,2026-04-21_VF7YBBPFCPG030537_dcm7-1-f-informacoes-lubrificacao-motor_2.pdf,historico_tecnico_2026_v2,matricula inferida por VIN,Codex,2026-05-20 03:17:27,,DCM7_1_F,,,,,,,,,,,,,,,,,,,,,,,,,,,,,,,
validado,bbc414f7fa26aac8_2026-04-21_VF7YBBPFCPG030537_dcm7-1-f-identificacao_2.pdf,sim,6,BD-29-LZ,VF7YBBPFCPG030537,,,2026-04-21,14:10:55,2026-04-21 14:10:55,PSA-DIAG/Stellantis,identificacao_telecarregamento,dcm7 1 f identificacao,file:///C:/Users/andre/OneDrive%20-%20D'accord%20Invest%20-%20Servi%C3%A7os%20Partilhados%20SA/CARFAST%20-%20OFICINA%20-%20HISTORICO%20TECNICO/2026/04_Abril/2026-04-21_BD-29-LZ_VF7YBBPFCPG030537_identificacao_telecarregamento_dcm7-1-f-identificacao.pdf,2026-04-21_VF7YBBPFCPG030537_dcm7-1-f-identificacao_2.pdf,historico_tecnico_2026_v2,matricula inferida por VIN,Codex,2026-05-20 03:17:27,,DCM7_1_F,00.00,,,,,,,,,,,,,,,,,,,,,,,,,,,,,,
validado,98ef181623148855_2026-04-22_VF7YBBPFCPG030537_dcm7-1-f-informacoes-lubrificacao-motor_2.pdf,sim,3,BD-29-LZ,VF7YBBPFCPG030537,,,2026-04-22,15:45:06,2026-04-22 15:45:06,PSA-DIAG/Stellantis,lubrificacao_motor,dcm7 1 f informacoes lubrificacao motor,file:///C:/Users/andre/OneDrive%20-%20D'accord%20Invest%20-%20Servi%C3%A7os%20Partilhados%20SA/CARFAST%20-%20OFICINA%20-%20HISTORICO%20TECNICO/2026/04_Abril/2026-04-22_BD-29-LZ_VF7YBBPFCPG030537_lubrificacao_motor_dcm7-1-f-informacoes-lubrificacao-motor.pdf,2026-04-22_VF7YBBPFCPG030537_dcm7-1-f-informacoes-lubrificacao-motor_2.pdf,historico_tecnico_2026_v2,matricula inferida por VIN,Codex,2026-05-20 03:17:27,,DCM7_1_F,,,,,,,,,,,,,,,,,,,,,,,,,,,,,,,
validado,e62ff40ec3377816_2026-04-22_VF7YBBPFCPG030537_calculador_2.pdf,sim,5,BD-29-LZ,VF7YBBPFCPG030537,,,2026-04-22,15:45:34,2026-04-22 15:45:34,PSA-DIAG/Stellantis,identificacao_telecarregamento,calculador,file:///C:/Users/andre/OneDrive%20-%20D'accord%20Invest%20-%20Servi%C3%A7os%20Partilhados%20SA/CARFAST%20-%20OFICINA%20-%20HISTORICO%20TECNICO/2026/04_Abril/2026-04-22_BD-29-LZ_VF7YBBPFCPG030537_identificacao_telecarregamento_calculador.pdf,2026-04-22_VF7YBBPFCPG030537_calculador_2.pdf,historico_tecnico_2026_v2,matricula inferida por VIN,Codex,2026-05-20 03:17:27,,,,,,,,,,,,,,,,,,,,,,,,,,Sim,,,,,do defeitoCircuito aberto ou curto-circuito ao máximo,,Analisar códigos de defeito e confirmar recorrência
validado,7c68425ec5494f72_2026-04-10_VF7YBBPFCPG030538_informacoes-lubrificacao-motor_2.pdf,sim,2,BD-61-LZ,VF7YBBPFCPG030538,,,2026-04-10,,2026-04-10,Autel,lubrificacao_motor,informacoes lubrificacao motor,file:///C:/Users/andre/OneDrive%20-%20D'accord%20Invest%20-%20Servi%C3%A7os%20Partilhados%20SA/CARFAST%20-%20OFICINA%20-%20HISTORICO%20TECNICO/2026/04_Abril/2026-04-10_BD-61-LZ_VF7YBBPFCPG030538_lubrificacao_motor_informacoes-lubrificacao-motor.pdf,2026-04-10_VF7YBBPFCPG030538_informacoes-lubrificacao-motor_2.pdf,historico_tecnico_2026_v2,matricula inferida por VIN,Codex,2026-05-20 03:17:27,,,,,,,,,,,,,,,,,,,,,,,,,,,,,,,,,
validado,7c68425ec5494f72_2026-04-10_VF7YBBPFCPG030538_informacoes-lubrificacao-motor_3.pdf,sim,3,BD-61-LZ,VF7YBBPFCPG030538,,,2026-04-10,,2026-04-10,Autel,lubrificacao_motor,informacoes lubrificacao motor,file:///C:/Users/andre/OneDrive%20-%20D'accord%20Invest%20-%20Servi%C3%A7os%20Partilhados%20SA/CARFAST%20-%20OFICINA%20-%20HISTORICO%20TECNICO/2026/04_Abril/2026-04-10_BD-61-LZ_VF7YBBPFCPG030538_lubrificacao_motor_informacoes-lubrificacao-motor.pdf,2026-04-10_VF7YBBPFCPG030538_informacoes-lubrificacao-motor_3.pdf,historico_tecnico_2026_v2,matricula inferida por VIN,Codex,2026-05-20 03:17:27,,,,,,,,,,,,,,,,,,,,,,,,,,,,,,,,,
validado,7c68425ec5494f72_2026-04-10_VF7YBBPFCPG030538_informacoes-lubrificacao-motor_4.pdf,sim,4,BD-61-LZ,VF7YBBPFCPG030538,,,2026-04-10,,2026-04-10,Autel,lubrificacao_motor,informacoes lubrificacao motor,file:///C:/Users/andre/OneDrive%20-%20D'accord%20Invest%20-%20Servi%C3%A7os%20Partilhados%20SA/CARFAST%20-%20OFICINA%20-%20HISTORICO%20TECNICO/2026/04_Abril/2026-04-10_BD-61-LZ_VF7YBBPFCPG030538_lubrificacao_motor_informacoes-lubrificacao-motor.pdf,2026-04-10_VF7YBBPFCPG030538_informacoes-lubrificacao-motor_4.pdf,historico_tecnico_2026_v2,matricula inferida por VIN,Codex,2026-05-20 03:17:27,,,,,,,,,,,,,,,,,,,,,,,,,,,,,,,,,
validado,2ecc65b62a26063c_2026-04-24_VR1FCYHZTP1028823_informacoes-lubrificacao-motor_2.pdf,sim,2,BC-53-XM,VR1FCYHZTP1028823,,,2026-04-24,11:26:27,2026-04-24 11:26:27,PSA-DIAG/Stellantis,lubrificacao_motor,informacoes lubrificacao motor,file:///C:/Users/andre/OneDrive%20-%20D'accord%20Invest%20-%20Servi%C3%A7os%20Partilhados%20SA/CARFAST%20-%20OFICINA%20-%20HISTORICO%20TECNICO/2026/04_Abril/2026-04-24_BC-53-XM_VR1FCYHZTP1028823_lubrificacao_motor_informacoes-lubrificacao-motor.pdf,2026-04-24_VR1FCYHZTP1028823_informacoes-lubrificacao-motor_2.pdf,historico_tecnico_2026_v2,matricula inferida por VIN,Codex,2026-05-20 03:17:27,,,,,,,,,,,,,,,,,,,,,,,19.5,,,,,,,,,,
validado,1e315bb55b06152c_2026-04-24_VR1FCYHZTP1028823_identificacao_2.pdf,sim,4,BC-53-XM,VR1FCYHZTP1028823,,,2026-04-24,11:27:05,2026-04-24 11:27:05,PSA-DIAG/Stellantis,identificacao_telecarregamento,identificacao,file:///C:/Users/andre/OneDrive%20-%20D'accord%20Invest%20-%20Servi%C3%A7os%20Partilhados%20SA/CARFAST%20-%20OFICINA%20-%20HISTORICO%20TECNICO/2026/04_Abril/2026-04-24_BC-53-XM_VR1FCYHZTP1028823_identificacao_telecarregamento_identificacao.pdf,2026-04-24_VR1FCYHZTP1028823_identificacao_2.pdf,historico_tecnico_2026_v2,matricula inferida por VIN,Codex,2026-05-20 03:17:27,,,255.255,144.16,,,,,,,,,,,,,,,,,,,,,,,,,,,,,
validado,d03356faf1ab48e5_2026-04-01_VR1JCYHZ1SY523519_relatorio-de-diagnostico-do-veiculo_2.pdf,sim,2,BS-24-QE,VR1JCYHZ1SY523519,,,2026-04-01,,2026-04-01,Autel,leitura_defeitos,relatorio de diagnostico do veiculo,file:///C:/Users/andre/OneDrive%20-%20D'accord%20Invest%20-%20Servi%C3%A7os%20Partilhados%20SA/CARFAST%20-%20OFICINA%20-%20HISTORICO%20TECNICO/2026/04_Abril/2026-04-01_BS-24-QE_VR1JCYHZ1SY523519_leitura_defeitos_relatorio-de-diagnostico-do-veiculo.pdf,2026-04-01_VR1JCYHZ1SY523519_relatorio-de-diagnostico-do-veiculo_2.pdf,historico_tecnico_2026_v2,matricula inferida por VIN,Codex,2026-05-20 03:17:27,,,,,,,,,,,,,,,,,,,,,,,,,,,,,,,,,
validado,d03356faf1ab48e5_2026-04-01_VR1JCYHZ1SY523519_relatorio-de-diagnostico-do-veiculo_3.pdf,sim,3,BS-24-QE,VR1JCYHZ1SY523519,,,2026-04-01,,2026-04-01,Autel,leitura_defeitos,relatorio de diagnostico do veiculo,file:///C:/Users/andre/OneDrive%20-%20D'accord%20Invest%20-%20Servi%C3%A7os%20Partilhados%20SA/CARFAST%20-%20OFICINA%20-%20HISTORICO%20TECNICO/2026/04_Abril/2026-04-01_BS-24-QE_VR1JCYHZ1SY523519_leitura_defeitos_relatorio-de-diagnostico-do-veiculo.pdf,2026-04-01_VR1JCYHZ1SY523519_relatorio-de-diagnostico-do-veiculo_3.pdf,historico_tecnico_2026_v2,matricula inferida por VIN,Codex,2026-05-20 03:17:27,,,,,,,,,,,,,,,,,,,,,,,,,,,,,,,,,
validado,d03356faf1ab48e5_2026-04-01_VR1JCYHZ1SY523519_relatorio-de-diagnostico-do-veiculo_4.pdf,sim,4,BS-24-QE,VR1JCYHZ1SY523519,,,2026-04-01,,2026-04-01,Autel,leitura_defeitos,relatorio de diagnostico do veiculo,file:///C:/Users/andre/OneDrive%20-%20D'accord%20Invest%20-%20Servi%C3%A7os%20Partilhados%20SA/CARFAST%20-%20OFICINA%20-%20HISTORICO%20TECNICO/2026/04_Abril/2026-04-01_BS-24-QE_VR1JCYHZ1SY523519_leitura_defeitos_relatorio-de-diagnostico-do-veiculo.pdf,2026-04-01_VR1JCYHZ1SY523519_relatorio-de-diagnostico-do-veiculo_4.pdf,historico_tecnico_2026_v2,matricula inferida por VIN,Codex,2026-05-20 03:17:27,,,,,,,,,,,,,,,,,,,,,,,,,,,,,,,,,
validado,ba181dc0318292ab_2026-04-01_VR1JCYHZ1SY523519_informacoes-lubrificacao-motor_2.pdf,sim,6,BS-24-QE,VR1JCYHZ1SY523519,,,2026-04-01,,2026-04-01,Autel,lubrificacao_motor,informacoes lubrificacao motor,file:///C:/Users/andre/OneDrive%20-%20D'accord%20Invest%20-%20Servi%C3%A7os%20Partilhados%20SA/CARFAST%20-%20OFICINA%20-%20HISTORICO%20TECNICO/2026/04_Abril/2026-04-01_BS-24-QE_VR1JCYHZ1SY523519_lubrificacao_motor_informacoes-lubrificacao-motor.pdf,2026-04-01_VR1JCYHZ1SY523519_informacoes-lubrificacao-motor_2.pdf,historico_tecnico_2026_v2,matricula inferida por VIN,Codex,2026-05-20 03:17:27,,,,,,,,,,,,,,,,,,,,,,,,,,,,,,,,,
validado,ba181dc0318292ab_2026-04-01_VR1JCYHZ1SY523519_informacoes-lubrificacao-motor_3.pdf,sim,7,BS-24-QE,VR1JCYHZ1SY523519,,,2026-04-01,,2026-04-01,Autel,lubrificacao_motor,informacoes lubrificacao motor,file:///C:/Users/andre/OneDrive%20-%20D'accord%20Invest%20-%20Servi%C3%A7os%20Partilhados%20SA/CARFAST%20-%20OFICINA%20-%20HISTORICO%20TECNICO/2026/04_Abril/2026-04-01_BS-24-QE_VR1JCYHZ1SY523519_lubrificacao_motor_informacoes-lubrificacao-motor.pdf,2026-04-01_VR1JCYHZ1SY523519_informacoes-lubrificacao-motor_3.pdf,historico_tecnico_2026_v2,matricula inferida por VIN,Codex,2026-05-20 03:17:27,,,,,,,,,,,,,,,,,,,,,,,,,,,,,,,,,
validado,ba181dc0318292ab_2026-04-01_VR1JCYHZ1SY523519_informacoes-lubrificacao-motor_4.pdf,sim,8,BS-24-QE,VR1JCYHZ1SY523519,,,2026-04-01,,2026-04-01,Autel,lubrificacao_motor,informacoes lubrificacao motor,file:///C:/Users/andre/OneDrive%20-%20D'accord%20Invest%20-%20Servi%C3%A7os%20Partilhados%20SA/CARFAST%20-%20OFICINA%20-%20HISTORICO%20TECNICO/2026/04_Abril/2026-04-01_BS-24-QE_VR1JCYHZ1SY523519_lubrificacao_motor_informacoes-lubrificacao-motor.pdf,2026-04-01_VR1JCYHZ1SY523519_informacoes-lubrificacao-motor_4.pdf,historico_tecnico_2026_v2,matricula inferida por VIN,Codex,2026-05-20 03:17:27,,,,,,,,,,,,,,,,,,,,,,,,,,,,,,,,,
validado,073923f3c34e2069_2026-04-01_VR1JCYHZ1SY523519_informacoes-de-manutencao_2.pdf,sim,10,BS-24-QE,VR1JCYHZ1SY523519,,,2026-04-01,,2026-04-01,Autel,manutencao,informacoes de manutencao,file:///C:/Users/andre/OneDrive%20-%20D'accord%20Invest%20-%20Servi%C3%A7os%20Partilhados%20SA/CARFAST%20-%20OFICINA%20-%20HISTORICO%20TECNICO/2026/04_Abril/2026-04-01_BS-24-QE_VR1JCYHZ1SY523519_manutencao_informacoes-de-manutencao.pdf,2026-04-01_VR1JCYHZ1SY523519_informacoes-de-manutencao_2.pdf,historico_tecnico_2026_v2,matricula inferida por VIN,Codex,2026-05-20 03:17:27,,,,,,,,,,,,,,,,,,,,,,,,,,,,,,,,,
validado,073923f3c34e2069_2026-04-01_VR1JCYHZ1SY523519_informacoes-de-manutencao_3.pdf,sim,11,BS-24-QE,VR1JCYHZ1SY523519,,,2026-04-01,,2026-04-01,Autel,manutencao,informacoes de manutencao,file:///C:/Users/andre/OneDrive%20-%20D'accord%20Invest%20-%20Servi%C3%A7os%20Partilhados%20SA/CARFAST%20-%20OFICINA%20-%20HISTORICO%20TECNICO/2026/04_Abril/2026-04-01_BS-24-QE_VR1JCYHZ1SY523519_manutencao_informacoes-de-manutencao.pdf,2026-04-01_VR1JCYHZ1SY523519_informacoes-de-manutencao_3.pdf,historico_tecnico_2026_v2,matricula inferida por VIN,Codex,2026-05-20 03:17:27,,,,,,,,,,,,,,,,,,,,,,,,,,,,,,,,,
validado,073923f3c34e2069_2026-04-01_VR1JCYHZ1SY523519_informacoes-de-manutencao_4.pdf,sim,12,BS-24-QE,VR1JCYHZ1SY523519,,,2026-04-01,,2026-04-01,Autel,manutencao,informacoes de manutencao,file:///C:/Users/andre/OneDrive%20-%20D'accord%20Invest%20-%20Servi%C3%A7os%20Partilhados%20SA/CARFAST%20-%20OFICINA%20-%20HISTORICO%20TECNICO/2026/04_Abril/2026-04-01_BS-24-QE_VR1JCYHZ1SY523519_manutencao_informacoes-de-manutencao.pdf,2026-04-01_VR1JCYHZ1SY523519_informacoes-de-manutencao_4.pdf,historico_tecnico_2026_v2,matricula inferida por VIN,Codex,2026-05-20 03:17:27,,,,,,,,,,,,,,,,,,,,,,,,,,,,,,,,,
validado,fc76688e4a84a568_2026-04-01_VR1JCYHZXSY523518_informacoes-lubrificacao-motor_2.pdf,sim,2,BS-27-QE,VR1JCYHZXSY523518,,,2026-04-01,,2026-04-01,Autel,lubrificacao_motor,informacoes lubrificacao motor,file:///C:/Users/andre/OneDrive%20-%20D'accord%20Invest%20-%20Servi%C3%A7os%20Partilhados%20SA/CARFAST%20-%20OFICINA%20-%20HISTORICO%20TECNICO/2026/04_Abril/2026-04-01_BS-27-QE_VR1JCYHZXSY523518_lubrificacao_motor_informacoes-lubrificacao-motor.pdf,2026-04-01_VR1JCYHZXSY523518_informacoes-lubrificacao-motor_2.pdf,historico_tecnico_2026_v2,matricula inferida por VIN,Codex,2026-05-20 03:17:27,,,,,,,,,,,,,,,,,,,,,,,,,,,,,,,,,
validado,fc76688e4a84a568_2026-04-01_VR1JCYHZXSY523518_informacoes-lubrificacao-motor_3.pdf,sim,3,BS-27-QE,VR1JCYHZXSY523518,,,2026-04-01,,2026-04-01,Autel,lubrificacao_motor,informacoes lubrificacao motor,file:///C:/Users/andre/OneDrive%20-%20D'accord%20Invest%20-%20Servi%C3%A7os%20Partilhados%20SA/CARFAST%20-%20OFICINA%20-%20HISTORICO%20TECNICO/2026/04_Abril/2026-04-01_BS-27-QE_VR1JCYHZXSY523518_lubrificacao_motor_informacoes-lubrificacao-motor.pdf,2026-04-01_VR1JCYHZXSY523518_informacoes-lubrificacao-motor_3.pdf,historico_tecnico_2026_v2,matricula inferida por VIN,Codex,2026-05-20 03:17:27,,,,,,,,,,,,,,,,,,,,,,,,,,,,,,,,,
validado,fc76688e4a84a568_2026-04-01_VR1JCYHZXSY523518_informacoes-lubrificacao-motor_4.pdf,sim,4,BS-27-QE,VR1JCYHZXSY523518,,,2026-04-01,,2026-04-01,Autel,lubrificacao_motor,informacoes lubrificacao motor,file:///C:/Users/andre/OneDrive%20-%20D'accord%20Invest%20-%20Servi%C3%A7os%20Partilhados%20SA/CARFAST%20-%20OFICINA%20-%20HISTORICO%20TECNICO/2026/04_Abril/2026-04-01_BS-27-QE_VR1JCYHZXSY523518_lubrificacao_motor_informacoes-lubrificacao-motor.pdf,2026-04-01_VR1JCYHZXSY523518_informacoes-lubrificacao-motor_4.pdf,historico_tecnico_2026_v2,matricula inferida por VIN,Codex,2026-05-20 03:17:27,,,,,,,,,,,,,,,,,,,,,,,,,,,,,,,,,
validado,b6590d8f2f2f1c92_2026-04-01_VR1JCYHZXSY523518_informacoes-de-manutencao_2.pdf,sim,6,BS-27-QE,VR1JCYHZXSY523518,,,2026-04-01,,2026-04-01,Autel,manutencao,informacoes de manutencao,file:///C:/Users/andre/OneDrive%20-%20D'accord%20Invest%20-%20Servi%C3%A7os%20Partilhados%20SA/CARFAST%20-%20OFICINA%20-%20HISTORICO%20TECNICO/2026/04_Abril/2026-04-01_BS-27-QE_VR1JCYHZXSY523518_manutencao_informacoes-de-manutencao.pdf,2026-04-01_VR1JCYHZXSY523518_informacoes-de-manutencao_2.pdf,historico_tecnico_2026_v2,matricula inferida por VIN,Codex,2026-05-20 03:17:27,,,,,,,,,,,,,,,,,,,,,,,,,,,,,,,,,
validado,b6590d8f2f2f1c92_2026-04-01_VR1JCYHZXSY523518_informacoes-de-manutencao_3.pdf,sim,7,BS-27-QE,VR1JCYHZXSY523518,,,2026-04-01,,2026-04-01,Autel,manutencao,informacoes de manutencao,file:///C:/Users/andre/OneDrive%20-%20D'accord%20Invest%20-%20Servi%C3%A7os%20Partilhados%20SA/CARFAST%20-%20OFICINA%20-%20HISTORICO%20TECNICO/2026/04_Abril/2026-04-01_BS-27-QE_VR1JCYHZXSY523518_manutencao_informacoes-de-manutencao.pdf,2026-04-01_VR1JCYHZXSY523518_informacoes-de-manutencao_3.pdf,historico_tecnico_2026_v2,matricula inferida por VIN,Codex,2026-05-20 03:17:27,,,,,,,,,,,,,,,,,,,,,,,,,,,,,,,,,
validado,b6590d8f2f2f1c92_2026-04-01_VR1JCYHZXSY523518_informacoes-de-manutencao_4.pdf,sim,8,BS-27-QE,VR1JCYHZXSY523518,,,2026-04-01,,2026-04-01,Autel,manutencao,informacoes de manutencao,file:///C:/Users/andre/OneDrive%20-%20D'accord%20Invest%20-%20Servi%C3%A7os%20Partilhados%20SA/CARFAST%20-%20OFICINA%20-%20HISTORICO%20TECNICO/2026/04_Abril/2026-04-01_BS-27-QE_VR1JCYHZXSY523518_manutencao_informacoes-de-manutencao.pdf,2026-04-01_VR1JCYHZXSY523518_informacoes-de-manutencao_4.pdf,historico_tecnico_2026_v2,matricula inferida por VIN,Codex,2026-05-20 03:17:27,,,,,,,,,,,,,,,,,,,,,,,,,,,,,,,,,
validado,0bdb458494e71ad0_2026-04-20_VR3EDYHT7RJ747043_dos-defeitos_6.pdf,sim,2,,VR3EDHT7R747043,,,2026-04-20,10:31:30,2026-04-20 10:31:30,PSA-DIAG/Stellantis,lubrificacao_motor,dos defeitos | codigos: B15B1; B1215; B173A; B120D; U1108; B11F0; P0513 68; B120D 16; B1238 7B; P0562; P0513; P203F,file:///C:/Users/andre/OneDrive%20-%20D'accord%20Invest%20-%20Servi%C3%A7os%20Partilhados%20SA/CARFAST%20-%20OFICINA%20-%20HISTORICO%20TECNICO/2026/04_Abril/2026-04-20_VR3EDHT7R747043_lubrificacao_motor_dos-defeitos.pdf,2026-04-20_VR3EDYHT7RJ747043_dos-defeitos_6.pdf,historico_tecnico_2026_v2,,Codex,2026-05-20 03:17:27,,,local,,,,,,,,,,,,,,,,,,Dinâmica,,,,,Sim,,B15B1; B1215; B173A; B120D; U1108; B11F0; P0513 68; B120D 16; B1238 7B; P0562; P0513; P203F,Sim,Permanente,,,Prioridade alta: diagnosticar defeitos permanentes/críticos
validado,dfe71e0fbd2303d5_2026-04-15_VR3EDYHT7SJ761952_dos-defeitos_2.pdf,sim,2,,VR3EDHT7S761952,,,2026-04-15,15:09:54,2026-04-15 15:09:54,PSA-DIAG/Stellantis,lubrificacao_motor,dos defeitos | codigos: B1418; B1175; B11F0; B153E; C1433; B120A; B16E2 00; B1472; B1865; B1715; B1040; P250A,file:///C:/Users/andre/OneDrive%20-%20D'accord%20Invest%20-%20Servi%C3%A7os%20Partilhados%20SA/CARFAST%20-%20OFICINA%20-%20HISTORICO%20TECNICO/2026/04_Abril/2026-04-15_VR3EDHT7S761952_lubrificacao_motor_dos-defeitos.pdf,2026-04-15_VR3EDYHT7SJ761952_dos-defeitos_2.pdf,historico_tecnico_2026_v2,,Codex,2026-05-20 03:17:27,,,local,,,,,,,,,,,,,,,,,,Dinâmica,,,,,Sim,,B1418; B1175; B11F0; B153E; C1433; B120A; B16E2 00; B1472; B1865; B1715; B1040; P250A,Não,,,,Analisar códigos de defeito e confirmar recorrência
validado,f34b5e4764d7f186_2026-04-20_VR3EDYHT9SJ767168_dos-defeitos_6.pdf,sim,2,,VR3EDHT9S767168,,,2026-04-20,15:00:34,2026-04-20 15:00:34,PSA-DIAG/Stellantis,leitura_defeitos,dos defeitos | codigos: P203F 61; B15B1; B1537; C1135; B15B1 81; C1638; U1221; B1418; P203F; B132A; B1805 13; B1473,file:///C:/Users/andre/OneDrive%20-%20D'accord%20Invest%20-%20Servi%C3%A7os%20Partilhados%20SA/CARFAST%20-%20OFICINA%20-%20HISTORICO%20TECNICO/2026/04_Abril/2026-04-20_VR3EDHT9S767168_leitura_defeitos_dos-defeitos.pdf,2026-04-20_VR3EDYHT9SJ767168_dos-defeitos_6.pdf,historico_tecnico_2026_v2,,Codex,2026-05-20 03:17:27,,,,,,,,,,,,,,,,,,,,,Dinâmica,,,,,Sim,,P203F 61; B15B1; B1537; C1135; B15B1 81; C1638; U1221; B1418; P203F; B132A; B1805 13; B1473,Não,,,,Analisar códigos de defeito e confirmar recorrência
validado,a6e493d85ea1d547_2026-04-20_VR3EDYHT9SJ767168_dos-defeitos_7.pdf,sim,4,,VR3EDHT9S767168,,,2026-04-20,15:01:41,2026-04-20 15:01:41,PSA-DIAG/Stellantis,identificacao_telecarregamento,dos defeitos | codigos: C1433 86; U1FE6; B173D; B1238; U1205 00; B1040; B120D 00; U1F3B; B1238 87; C1433 96; U1F6C 21; U1205 92,file:///C:/Users/andre/OneDrive%20-%20D'accord%20Invest%20-%20Servi%C3%A7os%20Partilhados%20SA/CARFAST%20-%20OFICINA%20-%20HISTORICO%20TECNICO/2026/04_Abril/2026-04-20_VR3EDHT9S767168_identificacao_telecarregamento_dos-defeitos.pdf,2026-04-20_VR3EDYHT9SJ767168_dos-defeitos_7.pdf,historico_tecnico_2026_v2,,Codex,2026-05-20 03:17:27,,,local,,,,,,,,,,,,,,,,,,Dinâmica,,,,,Sim,,C1433 86; U1FE6; B173D; B1238; U1205 00; B1040; B120D 00; U1F3B; B1238 87; C1433 96; U1F6C 21; U1205 92,Sim,Permanente,,,Prioridade alta: diagnosticar defeitos permanentes/críticos
validado,f2286005812f3275_2026-04-20_VR3EDYHT9SJ767168_dos-defeitos_8.pdf,sim,6,,VR3EDHT9S767168,,,2026-04-20,15:01:56,2026-04-20 15:01:56,PSA-DIAG/Stellantis,leitura_defeitos,dos defeitos | codigos: U1205 13; B16E2; B15EE 94; B15EE; B1002; B1472; U1F1A; U1118; U1802; B1717 21; U1817; B1400,file:///C:/Users/andre/OneDrive%20-%20D'accord%20Invest%20-%20Servi%C3%A7os%20Partilhados%20SA/CARFAST%20-%20OFICINA%20-%20HISTORICO%20TECNICO/2026/04_Abril/2026-04-20_VR3EDHT9S767168_leitura_defeitos_dos-defeitos_1.pdf,2026-04-20_VR3EDYHT9SJ767168_dos-defeitos_8.pdf,historico_tecnico_2026_v2,,Codex,2026-05-20 03:17:27,,,,,,,,,,,,,,,,,,,,,Dinâmica,,,,,Sim,,U1205 13; B16E2; B15EE 94; B15EE; B1002; B1472; U1F1A; U1118; U1802; B1717 21; U1817; B1400,Não,,,,Analisar códigos de defeito e confirmar recorrência
validado,05d2362be533259c_2026-03-11_VR3EDYHT0RJ747000_informacoes-de-manutencao_2.pdf,sim,2,BN-72-MN,VR3EDYHT0RJ747000,,,2026-03-11,,2026-03-11,Autel,manutencao,informacoes de manutencao,file:///C:/Users/andre/OneDrive%20-%20D'accord%20Invest%20-%20Servi%C3%A7os%20Partilhados%20SA/CARFAST%20-%20OFICINA%20-%20HISTORICO%20TECNICO/2026/03_Marco/2026-03-11_BN-72-MN_VR3EDYHT0RJ747000_manutencao_informacoes-de-manutencao.pdf,2026-03-11_VR3EDYHT0RJ747000_informacoes-de-manutencao_2.pdf,historico_tecnico_2026_v2,matricula inferida por VIN,Codex,2026-05-20 03:17:27,,,,,,,,,,,,,,,,,,,,,,,,,,,,,,,,,
validado,05d2362be533259c_2026-03-11_VR3EDYHT0RJ747000_informacoes-de-manutencao_3.pdf,sim,3,BN-72-MN,VR3EDYHT0RJ747000,,,2026-03-11,,2026-03-11,Autel,manutencao,informacoes de manutencao,file:///C:/Users/andre/OneDrive%20-%20D'accord%20Invest%20-%20Servi%C3%A7os%20Partilhados%20SA/CARFAST%20-%20OFICINA%20-%20HISTORICO%20TECNICO/2026/03_Marco/2026-03-11_BN-72-MN_VR3EDYHT0RJ747000_manutencao_informacoes-de-manutencao.pdf,2026-03-11_VR3EDYHT0RJ747000_informacoes-de-manutencao_3.pdf,historico_tecnico_2026_v2,matricula inferida por VIN,Codex,2026-05-20 03:17:27,,,,,,,,,,,,,,,,,,,,,,,,,,,,,,,,,
validado,51712a3ddbd7b904_2026-04-27_VR3EDYHT0RJ747000_familia-n-calculador_2.pdf,sim,2,BN-72-MN,VR3EDYHT0RJ747000,,,2026-04-27,18:01:41,2026-04-27 18:01:41,PSA-DIAG/Stellantis,lubrificacao_motor,familia n calculador | codigos: U1F00 00; U1218; P24D1,file:///C:/Users/andre/OneDrive%20-%20D'accord%20Invest%20-%20Servi%C3%A7os%20Partilhados%20SA/CARFAST%20-%20OFICINA%20-%20HISTORICO%20TECNICO/2026/04_Abril/2026-04-27_BN-72-MN_VR3EDYHT0RJ747000_lubrificacao_motor_familia-n-calculador.pdf,2026-04-27_VR3EDYHT0RJ747000_familia-n-calculador_2.pdf,historico_tecnico_2026_v2,matricula inferida por VIN,Codex,2026-05-20 03:17:27,,,,,,,,,,,,,,,,,,,,,Dinâmica,,,,,Sim,,U1F00 00; U1218; P24D1,Sim,Permanente,Circuito aberto ou curto-circuito ao máximo,,Prioridade alta: diagnosticar defeitos permanentes/críticos
validado,fa2fc7052ec62c74_2026-04-27_VR3EDYHT0RJ747000_informacoes-lubrificacao-motor_2.pdf,sim,4,BN-72-MN,VR3EDYHT0RJ747000,,,2026-04-27,18:02:17,2026-04-27 18:02:17,PSA-DIAG/Stellantis,lubrificacao_motor,informacoes lubrificacao motor,file:///C:/Users/andre/OneDrive%20-%20D'accord%20Invest%20-%20Servi%C3%A7os%20Partilhados%20SA/CARFAST%20-%20OFICINA%20-%20HISTORICO%20TECNICO/2026/04_Abril/2026-04-27_BN-72-MN_VR3EDYHT0RJ747000_lubrificacao_motor_informacoes-lubrificacao-motor.pdf,2026-04-27_VR3EDYHT0RJ747000_informacoes-lubrificacao-motor_2.pdf,historico_tecnico_2026_v2,matricula inferida por VIN,Codex,2026-05-20 03:17:27,,,,,,,,,,,,,,,,,,,,,,,,,,,,,,,,,
validado,c090fa2daf721d13_2026-04-27_VR3EDYHT0RJ747000_identificacao_2.pdf,sim,6,BN-72-MN,VR3EDYHT0RJ747000,,,2026-04-27,18:02:39,2026-04-27 18:02:39,PSA-DIAG/Stellantis,identificacao_telecarregamento,identificacao,file:///C:/Users/andre/OneDrive%20-%20D'accord%20Invest%20-%20Servi%C3%A7os%20Partilhados%20SA/CARFAST%20-%20OFICINA%20-%20HISTORICO%20TECNICO/2026/04_Abril/2026-04-27_BN-72-MN_VR3EDYHT0RJ747000_identificacao_telecarregamento_identificacao.pdf,2026-04-27_VR3EDYHT0RJ747000_identificacao_2.pdf,historico_tecnico_2026_v2,matricula inferida por VIN,Codex,2026-05-20 03:17:27,,,255.255,144.03,,,,,,,,,,,,,,,,,,,,,,,,,,,,,
validado,35927c5542f8e6d5_2026-04-27_VR3EDYHT0RJ747000_informacoes-manutencao_2.pdf,sim,8,BN-72-MN,VR3EDYHT0RJ747000,,,2026-04-27,18:03:21,2026-04-27 18:03:21,PSA-DIAG/Stellantis,manutencao,informacoes manutencao,file:///C:/Users/andre/OneDrive%20-%20D'accord%20Invest%20-%20Servi%C3%A7os%20Partilhados%20SA/CARFAST%20-%20OFICINA%20-%20HISTORICO%20TECNICO/2026/04_Abril/2026-04-27_BN-72-MN_VR3EDYHT0RJ747000_manutencao_informacoes-manutencao.pdf,2026-04-27_VR3EDYHT0RJ747000_informacoes-manutencao_2.pdf,historico_tecnico_2026_v2,matricula inferida por VIN,Codex,2026-05-20 03:17:27,,,,,,,,,,,,,,,,,,,,,Dinâmica,,,,,,,,,,,,
validado,70818c1708d87115_2026-03-30_VR3EDYHT1RJ643860_relatorio-de-diagnostico-do-veiculo_2.pdf,sim,2,BI-69-MF,VR3EDYHT1RJ643860,,,2026-03-30,,2026-03-30,Autel,leitura_defeitos,relatorio de diagnostico do veiculo,file:///C:/Users/andre/OneDrive%20-%20D'accord%20Invest%20-%20Servi%C3%A7os%20Partilhados%20SA/CARFAST%20-%20OFICINA%20-%20HISTORICO%20TECNICO/2026/03_Marco/2026-03-30_BI-69-MF_VR3EDYHT1RJ643860_leitura_defeitos_relatorio-de-diagnostico-do-veiculo.pdf,2026-03-30_VR3EDYHT1RJ643860_relatorio-de-diagnostico-do-veiculo_2.pdf,historico_tecnico_2026_v2,matricula inferida por VIN,Codex,2026-05-20 03:17:27,,,,,,,,,,,,,,,,,,,,,,,,,,,,,,,,,
validado,70818c1708d87115_2026-03-30_VR3EDYHT1RJ643860_relatorio-de-diagnostico-do-veiculo_3.pdf,sim,3,BI-69-MF,VR3EDYHT1RJ643860,,,2026-03-30,,2026-03-30,Autel,leitura_defeitos,relatorio de diagnostico do veiculo,file:///C:/Users/andre/OneDrive%20-%20D'accord%20Invest%20-%20Servi%C3%A7os%20Partilhados%20SA/CARFAST%20-%20OFICINA%20-%20HISTORICO%20TECNICO/2026/03_Marco/2026-03-30_BI-69-MF_VR3EDYHT1RJ643860_leitura_defeitos_relatorio-de-diagnostico-do-veiculo.pdf,2026-03-30_VR3EDYHT1RJ643860_relatorio-de-diagnostico-do-veiculo_3.pdf,historico_tecnico_2026_v2,matricula inferida por VIN,Codex,2026-05-20 03:17:27,,,,,,,,,,,,,,,,,,,,,,,,,,,,,,,,,
validado,70818c1708d87115_2026-03-30_VR3EDYHT1RJ643860_relatorio-de-diagnostico-do-veiculo_4.pdf,sim,4,BI-69-MF,VR3EDYHT1RJ643860,,,2026-03-30,,2026-03-30,Autel,leitura_defeitos,relatorio de diagnostico do veiculo,file:///C:/Users/andre/OneDrive%20-%20D'accord%20Invest%20-%20Servi%C3%A7os%20Partilhados%20SA/CARFAST%20-%20OFICINA%20-%20HISTORICO%20TECNICO/2026/03_Marco/2026-03-30_BI-69-MF_VR3EDYHT1RJ643860_leitura_defeitos_relatorio-de-diagnostico-do-veiculo.pdf,2026-03-30_VR3EDYHT1RJ643860_relatorio-de-diagnostico-do-veiculo_4.pdf,historico_tecnico_2026_v2,matricula inferida por VIN,Codex,2026-05-20 03:17:27,,,,,,,,,,,,,,,,,,,,,,,,,,,,,,,,,
validado,70818c1708d87115_2026-03-30_VR3EDYHT1RJ643860_relatorio-de-diagnostico-do-veiculo_5.pdf,sim,5,BI-69-MF,VR3EDYHT1RJ643860,,,2026-03-30,,2026-03-30,Autel,leitura_defeitos,relatorio de diagnostico do veiculo,file:///C:/Users/andre/OneDrive%20-%20D'accord%20Invest%20-%20Servi%C3%A7os%20Partilhados%20SA/CARFAST%20-%20OFICINA%20-%20HISTORICO%20TECNICO/2026/03_Marco/2026-03-30_BI-69-MF_VR3EDYHT1RJ643860_leitura_defeitos_relatorio-de-diagnostico-do-veiculo.pdf,2026-03-30_VR3EDYHT1RJ643860_relatorio-de-diagnostico-do-veiculo_5.pdf,historico_tecnico_2026_v2,matricula inferida por VIN,Codex,2026-05-20 03:17:27,,,,,,,,,,,,,,,,,,,,,,,,,,,,,,,,,
validado,70818c1708d87115_2026-03-30_VR3EDYHT1RJ643860_relatorio-de-diagnostico-do-veiculo_6.pdf,sim,6,BI-69-MF,VR3EDYHT1RJ643860,,,2026-03-30,,2026-03-30,Autel,leitura_defeitos,relatorio de diagnostico do veiculo,file:///C:/Users/andre/OneDrive%20-%20D'accord%20Invest%20-%20Servi%C3%A7os%20Partilhados%20SA/CARFAST%20-%20OFICINA%20-%20HISTORICO%20TECNICO/2026/03_Marco/2026-03-30_BI-69-MF_VR3EDYHT1RJ643860_leitura_defeitos_relatorio-de-diagnostico-do-veiculo.pdf,2026-03-30_VR3EDYHT1RJ643860_relatorio-de-diagnostico-do-veiculo_6.pdf,historico_tecnico_2026_v2,matricula inferida por VIN,Codex,2026-05-20 03:17:27,,,,,,,,,,,,,,,,,,,,,,,,,,,,,,,,,
validado,08843172a3269260_2026-03-30_VR3EDYHT1RJ643860_informacoes-lubrificacao-motor_2.pdf,sim,8,BI-69-MF,VR3EDYHT1RJ643860,,,2026-03-30,,2026-03-30,Autel,lubrificacao_motor,informacoes lubrificacao motor,file:///C:/Users/andre/OneDrive%20-%20D'accord%20Invest%20-%20Servi%C3%A7os%20Partilhados%20SA/CARFAST%20-%20OFICINA%20-%20HISTORICO%20TECNICO/2026/03_Marco/2026-03-30_BI-69-MF_VR3EDYHT1RJ643860_lubrificacao_motor_informacoes-lubrificacao-motor.pdf,2026-03-30_VR3EDYHT1RJ643860_informacoes-lubrificacao-motor_2.pdf,historico_tecnico_2026_v2,matricula inferida por VIN,Codex,2026-05-20 03:17:27,,,,,,,,,,,,,,,,,,,,,,,,,,,,,,,,,
validado,08843172a3269260_2026-03-30_VR3EDYHT1RJ643860_informacoes-lubrificacao-motor_3.pdf,sim,9,BI-69-MF,VR3EDYHT1RJ643860,,,2026-03-30,,2026-03-30,Autel,lubrificacao_motor,informacoes lubrificacao motor,file:///C:/Users/andre/OneDrive%20-%20D'accord%20Invest%20-%20Servi%C3%A7os%20Partilhados%20SA/CARFAST%20-%20OFICINA%20-%20HISTORICO%20TECNICO/2026/03_Marco/2026-03-30_BI-69-MF_VR3EDYHT1RJ643860_lubrificacao_motor_informacoes-lubrificacao-motor.pdf,2026-03-30_VR3EDYHT1RJ643860_informacoes-lubrificacao-motor_3.pdf,historico_tecnico_2026_v2,matricula inferida por VIN,Codex,2026-05-20 03:17:27,,,,,,,,,,,,,,,,,,,,,,,,,,,,,,,,,
validado,08843172a3269260_2026-03-30_VR3EDYHT1RJ643860_informacoes-lubrificacao-motor_4.pdf,sim,10,BI-69-MF,VR3EDYHT1RJ643860,,,2026-03-30,,2026-03-30,Autel,lubrificacao_motor,informacoes lubrificacao motor,file:///C:/Users/andre/OneDrive%20-%20D'accord%20Invest%20-%20Servi%C3%A7os%20Partilhados%20SA/CARFAST%20-%20OFICINA%20-%20HISTORICO%20TECNICO/2026/03_Marco/2026-03-30_BI-69-MF_VR3EDYHT1RJ643860_lubrificacao_motor_informacoes-lubrificacao-motor.pdf,2026-03-30_VR3EDYHT1RJ643860_informacoes-lubrificacao-motor_4.pdf,historico_tecnico_2026_v2,matricula inferida por VIN,Codex,2026-05-20 03:17:27,,,,,,,,,,,,,,,,,,,,,,,,,,,,,,,,,
validado,08843172a3269260_2026-03-30_VR3EDYHT1RJ643860_informacoes-lubrificacao-motor_5.pdf,sim,11,BI-69-MF,VR3EDYHT1RJ643860,,,2026-03-30,,2026-03-30,Autel,lubrificacao_motor,informacoes lubrificacao motor,file:///C:/Users/andre/OneDrive%20-%20D'accord%20Invest%20-%20Servi%C3%A7os%20Partilhados%20SA/CARFAST%20-%20OFICINA%20-%20HISTORICO%20TECNICO/2026/03_Marco/2026-03-30_BI-69-MF_VR3EDYHT1RJ643860_lubrificacao_motor_informacoes-lubrificacao-motor.pdf,2026-03-30_VR3EDYHT1RJ643860_informacoes-lubrificacao-motor_5.pdf,historico_tecnico_2026_v2,matricula inferida por VIN,Codex,2026-05-20 03:17:27,,,,,,,,,,,,,,,,,,,,,,,,,,,,,,,,,
validado,08843172a3269260_2026-03-30_VR3EDYHT1RJ643860_informacoes-lubrificacao-motor_6.pdf,sim,12,BI-69-MF,VR3EDYHT1RJ643860,,,2026-03-30,,2026-03-30,Autel,lubrificacao_motor,informacoes lubrificacao motor,file:///C:/Users/andre/OneDrive%20-%20D'accord%20Invest%20-%20Servi%C3%A7os%20Partilhados%20SA/CARFAST%20-%20OFICINA%20-%20HISTORICO%20TECNICO/2026/03_Marco/2026-03-30_BI-69-MF_VR3EDYHT1RJ643860_lubrificacao_motor_informacoes-lubrificacao-motor.pdf,2026-03-30_VR3EDYHT1RJ643860_informacoes-lubrificacao-motor_6.pdf,historico_tecnico_2026_v2,matricula inferida por VIN,Codex,2026-05-20 03:17:27,,,,,,,,,,,,,,,,,,,,,,,,,,,,,,,,,
validado,972a3f4e7d447cd5_2026-03-30_VR3EDYHT1RJ643860_informacoes-de-manutencao_2.pdf,sim,14,BI-69-MF,VR3EDYHT1RJ643860,,,2026-03-30,,2026-03-30,Autel,manutencao,informacoes de manutencao,file:///C:/Users/andre/OneDrive%20-%20D'accord%20Invest%20-%20Servi%C3%A7os%20Partilhados%20SA/CARFAST%20-%20OFICINA%20-%20HISTORICO%20TECNICO/2026/03_Marco/2026-03-30_BI-69-MF_VR3EDYHT1RJ643860_manutencao_informacoes-de-manutencao.pdf,2026-03-30_VR3EDYHT1RJ643860_informacoes-de-manutencao_2.pdf,historico_tecnico_2026_v2,matricula inferida por VIN,Codex,2026-05-20 03:17:27,,,,,,,,,,,,,,,,,,,,,,,,,,,,,,,,,
validado,972a3f4e7d447cd5_2026-03-30_VR3EDYHT1RJ643860_informacoes-de-manutencao_3.pdf,sim,15,BI-69-MF,VR3EDYHT1RJ643860,,,2026-03-30,,2026-03-30,Autel,manutencao,informacoes de manutencao,file:///C:/Users/andre/OneDrive%20-%20D'accord%20Invest%20-%20Servi%C3%A7os%20Partilhados%20SA/CARFAST%20-%20OFICINA%20-%20HISTORICO%20TECNICO/2026/03_Marco/2026-03-30_BI-69-MF_VR3EDYHT1RJ643860_manutencao_informacoes-de-manutencao.pdf,2026-03-30_VR3EDYHT1RJ643860_informacoes-de-manutencao_3.pdf,historico_tecnico_2026_v2,matricula inferida por VIN,Codex,2026-05-20 03:17:27,,,,,,,,,,,,,,,,,,,,,,,,,,,,,,,,,
validado,972a3f4e7d447cd5_2026-03-30_VR3EDYHT1RJ643860_informacoes-de-manutencao_4.pdf,sim,16,BI-69-MF,VR3EDYHT1RJ643860,,,2026-03-30,,2026-03-30,Autel,manutencao,informacoes de manutencao,file:///C:/Users/andre/OneDrive%20-%20D'accord%20Invest%20-%20Servi%C3%A7os%20Partilhados%20SA/CARFAST%20-%20OFICINA%20-%20HISTORICO%20TECNICO/2026/03_Marco/2026-03-30_BI-69-MF_VR3EDYHT1RJ643860_manutencao_informacoes-de-manutencao.pdf,2026-03-30_VR3EDYHT1RJ643860_informacoes-de-manutencao_4.pdf,historico_tecnico_2026_v2,matricula inferida por VIN,Codex,2026-05-20 03:17:27,,,,,,,,,,,,,,,,,,,,,,,,,,,,,,,,,
validado,972a3f4e7d447cd5_2026-03-30_VR3EDYHT1RJ643860_informacoes-de-manutencao_5.pdf,sim,17,BI-69-MF,VR3EDYHT1RJ643860,,,2026-03-30,,2026-03-30,Autel,manutencao,informacoes de manutencao,file:///C:/Users/andre/OneDrive%20-%20D'accord%20Invest%20-%20Servi%C3%A7os%20Partilhados%20SA/CARFAST%20-%20OFICINA%20-%20HISTORICO%20TECNICO/2026/03_Marco/2026-03-30_BI-69-MF_VR3EDYHT1RJ643860_manutencao_informacoes-de-manutencao.pdf,2026-03-30_VR3EDYHT1RJ643860_informacoes-de-manutencao_5.pdf,historico_tecnico_2026_v2,matricula inferida por VIN,Codex,2026-05-20 03:17:27,,,,,,,,,,,,,,,,,,,,,,,,,,,,,,,,,
validado,972a3f4e7d447cd5_2026-03-30_VR3EDYHT1RJ643860_informacoes-de-manutencao_6.pdf,sim,18,BI-69-MF,VR3EDYHT1RJ643860,,,2026-03-30,,2026-03-30,Autel,manutencao,informacoes de manutencao,file:///C:/Users/andre/OneDrive%20-%20D'accord%20Invest%20-%20Servi%C3%A7os%20Partilhados%20SA/CARFAST%20-%20OFICINA%20-%20HISTORICO%20TECNICO/2026/03_Marco/2026-03-30_BI-69-MF_VR3EDYHT1RJ643860_manutencao_informacoes-de-manutencao.pdf,2026-03-30_VR3EDYHT1RJ643860_informacoes-de-manutencao_6.pdf,historico_tecnico_2026_v2,matricula inferida por VIN,Codex,2026-05-20 03:17:27,,,,,,,,,,,,,,,,,,,,,,,,,,,,,,,,,
validado,d4e874c3c82e0368_2026-03-30_VR3EDYHT1RJ643860_informacao-ecu_2.pdf,sim,20,BI-69-MF,VR3EDYHT1RJ643860,,,2026-03-30,,2026-03-30,Autel,identificacao_telecarregamento,informacao ecu,file:///C:/Users/andre/OneDrive%20-%20D'accord%20Invest%20-%20Servi%C3%A7os%20Partilhados%20SA/CARFAST%20-%20OFICINA%20-%20HISTORICO%20TECNICO/2026/03_Marco/2026-03-30_BI-69-MF_VR3EDYHT1RJ643860_identificacao_telecarregamento_informacao-ecu.pdf,2026-03-30_VR3EDYHT1RJ643860_informacao-ecu_2.pdf,historico_tecnico_2026_v2,matricula inferida por VIN,Codex,2026-05-20 03:17:27,,,,,,,,,,,,,,,,,,,,,,,,,,,,,,,,,
validado,55e963fac345ceb7_2026-03-30_VR3EDYHT1RJ643860_informacao-ecu-s-and-t-daewoo_2.pdf,sim,22,BI-69-MF,VR3EDYHT1RJ643860,,,2026-03-30,,2026-03-30,Autel,identificacao_telecarregamento,informacao ecu s and t daewoo,file:///C:/Users/andre/OneDrive%20-%20D'accord%20Invest%20-%20Servi%C3%A7os%20Partilhados%20SA/CARFAST%20-%20OFICINA%20-%20HISTORICO%20TECNICO/2026/03_Marco/2026-03-30_BI-69-MF_VR3EDYHT1RJ643860_identificacao_telecarregamento_informacao-ecu-s-and-t-daewoo.pdf,2026-03-30_VR3EDYHT1RJ643860_informacao-ecu-s-and-t-daewoo_2.pdf,historico_tecnico_2026_v2,matricula inferida por VIN,Codex,2026-05-20 03:17:27,,,,,,,,,,,,,,,,,,,,,,,,,,,,,,,,,
validado,cc8f65c2654d07f0_2026-03-30_VR3EDYHT1RJ643860_a-fixacao-do-veiculo-na-via-de-circulacao_2.pdf,sim,24,BI-69-MF,VR3EDYHT1RJ643860,,,2026-03-30,,2026-03-30,Autel,outro,a fixacao do veiculo na via de circulacao,file:///C:/Users/andre/OneDrive%20-%20D'accord%20Invest%20-%20Servi%C3%A7os%20Partilhados%20SA/CARFAST%20-%20OFICINA%20-%20HISTORICO%20TECNICO/2026/03_Marco/2026-03-30_BI-69-MF_VR3EDYHT1RJ643860_outro_a-fixacao-do-veiculo-na-via-de-circulacao.pdf,2026-03-30_VR3EDYHT1RJ643860_a-fixacao-do-veiculo-na-via-de-circulacao_2.pdf,historico_tecnico_2026_v2,matricula inferida por VIN,Codex,2026-05-20 03:17:27,,,,,,,,,,,,,,,,,,,,,,,,,,,,,,,,,
validado,09043e3bd93bfc73_2026-03-30_VR3EDYHT1RJ643860_acionadores_2.pdf,sim,26,BI-69-MF,VR3EDYHT1RJ643860,,,2026-03-30,,2026-03-30,Autel,outro,acionadores,file:///C:/Users/andre/OneDrive%20-%20D'accord%20Invest%20-%20Servi%C3%A7os%20Partilhados%20SA/CARFAST%20-%20OFICINA%20-%20HISTORICO%20TECNICO/2026/03_Marco/2026-03-30_BI-69-MF_VR3EDYHT1RJ643860_outro_acionadores.pdf,2026-03-30_VR3EDYHT1RJ643860_acionadores_2.pdf,historico_tecnico_2026_v2,matricula inferida por VIN,Codex,2026-05-20 03:17:27,,,,,,,,,,,,,,,,,,,,,,,,,,,,,,,,,
validado,35665ed53e78f7fd_2026-03-30_VR3EDYHT1RJ643860_actuais_3.pdf,sim,29,BI-69-MF,VR3EDYHT1RJ643860,,,2026-03-30,,2026-03-30,Autel,outro,actuais,file:///C:/Users/andre/OneDrive%20-%20D'accord%20Invest%20-%20Servi%C3%A7os%20Partilhados%20SA/CARFAST%20-%20OFICINA%20-%20HISTORICO%20TECNICO/2026/03_Marco/2026-03-30_BI-69-MF_VR3EDYHT1RJ643860_outro_actuais.pdf,2026-03-30_VR3EDYHT1RJ643860_actuais_3.pdf,historico_tecnico_2026_v2,matricula inferida por VIN,Codex,2026-05-20 03:17:27,,,,,,,,,,,,,,,,,,,,,,,,,,,,,,,,,
validado,a2b7386a7f18fe7f_2026-03-30_VR3EDYHT1RJ643860_actuais_4.pdf,sim,30,BI-69-MF,VR3EDYHT1RJ643860,,,2026-03-30,,2026-03-30,Autel,outro,actuais,file:///C:/Users/andre/OneDrive%20-%20D'accord%20Invest%20-%20Servi%C3%A7os%20Partilhados%20SA/CARFAST%20-%20OFICINA%20-%20HISTORICO%20TECNICO/2026/03_Marco/2026-03-30_BI-69-MF_VR3EDYHT1RJ643860_outro_actuais_1.pdf,2026-03-30_VR3EDYHT1RJ643860_actuais_4.pdf,historico_tecnico_2026_v2,matricula inferida por VIN,Codex,2026-05-20 03:17:27,,,,,,,,,,,,,,,,,,,,,,,,,,,,,,,,,
validado,8b7d13693d899807_2026-03-30_VR3EDYHT1RJ643860_bordo_2.pdf,sim,32,BI-69-MF,VR3EDYHT1RJ643860,,,2026-03-30,,2026-03-30,Autel,outro,bordo,file:///C:/Users/andre/OneDrive%20-%20D'accord%20Invest%20-%20Servi%C3%A7os%20Partilhados%20SA/CARFAST%20-%20OFICINA%20-%20HISTORICO%20TECNICO/2026/03_Marco/2026-03-30_BI-69-MF_VR3EDYHT1RJ643860_outro_bordo.pdf,2026-03-30_VR3EDYHT1RJ643860_bordo_2.pdf,historico_tecnico_2026_v2,matricula inferida por VIN,Codex,2026-05-20 03:17:27,,,,,,,,,,,,,,,,,,,,,,,,,,,,,,,,,
validado,6902425c7a5d77a5_2026-03-30_VR3EDYHT1RJ643860_calibracao-da-camara-de-video-multifuncoes_2.pdf,sim,34,BI-69-MF,VR3EDYHT1RJ643860,,,2026-03-30,,2026-03-30,Autel,outro,calibracao da camara de video multifuncoes,file:///C:/Users/andre/OneDrive%20-%20D'accord%20Invest%20-%20Servi%C3%A7os%20Partilhados%20SA/CARFAST%20-%20OFICINA%20-%20HISTORICO%20TECNICO/2026/03_Marco/2026-03-30_BI-69-MF_VR3EDYHT1RJ643860_outro_calibracao-da-camara-de-video-multifuncoes.pdf,2026-03-30_VR3EDYHT1RJ643860_calibracao-da-camara-de-video-multifuncoes_2.pdf,historico_tecnico_2026_v2,matricula inferida por VIN,Codex,2026-05-20 03:17:27,,,,,,,,,,,,,,,,,,,,,,,,,,,,,,,,,
validado,76308f6703f28aeb_2026-03-30_VR3EDYHT1RJ643860_comutacao-automatica-das-luzes-de-estrada_2.pdf,sim,36,BI-69-MF,VR3EDYHT1RJ643860,,,2026-03-30,,2026-03-30,Autel,outro,comutacao automatica das luzes de estrada,file:///C:/Users/andre/OneDrive%20-%20D'accord%20Invest%20-%20Servi%C3%A7os%20Partilhados%20SA/CARFAST%20-%20OFICINA%20-%20HISTORICO%20TECNICO/2026/03_Marco/2026-03-30_BI-69-MF_VR3EDYHT1RJ643860_outro_comutacao-automatica-das-luzes-de-estrada.pdf,2026-03-30_VR3EDYHT1RJ643860_comutacao-automatica-das-luzes-de-estrada_2.pdf,historico_tecnico_2026_v2,matricula inferida por VIN,Codex,2026-05-20 03:17:27,,,,,,,,,,,,,,,,,,,,,,,,,,,,,,,,,
validado,7d18b2035d7da92d_2026-03-30_VR3EDYHT1RJ643860_configuracao-da-funcao-de-alerta-de-transposicao-involuntaria-de-linha_2.pdf,sim,38,BI-69-MF,VR3EDYHT1RJ643860,,,2026-03-30,,2026-03-30,Autel,outro,configuracao da funcao de alerta de transposicao involuntaria de linha,file:///C:/Users/andre/OneDrive%20-%20D'accord%20Invest%20-%20Servi%C3%A7os%20Partilhados%20SA/CARFAST%20-%20OFICINA%20-%20HISTORICO%20TECNICO/2026/03_Marco/2026-03-30_BI-69-MF_VR3EDYHT1RJ643860_outro_configuracao-da-funcao-de-alerta-de-transposicao-involuntaria-de.pdf,2026-03-30_VR3EDYHT1RJ643860_configuracao-da-funcao-de-alerta-de-transposicao-involuntaria-de-linha_2.pdf,historico_tecnico_2026_v2,matricula inferida por VIN,Codex,2026-05-20 03:17:27,,,,,,,,,,,,,,,,,,,,,,,,,,,,,,,,,
validado,7f3188eb938ad2ea_2026-03-30_VR3EDYHT1RJ643860_funcoes-audio-radio-e-telematica_2.pdf,sim,40,BI-69-MF,VR3EDYHT1RJ643860,,,2026-03-30,,2026-03-30,Autel,outro,funcoes audio radio e telematica,file:///C:/Users/andre/OneDrive%20-%20D'accord%20Invest%20-%20Servi%C3%A7os%20Partilhados%20SA/CARFAST%20-%20OFICINA%20-%20HISTORICO%20TECNICO/2026/03_Marco/2026-03-30_BI-69-MF_VR3EDYHT1RJ643860_outro_funcoes-audio-radio-e-telematica.pdf,2026-03-30_VR3EDYHT1RJ643860_funcoes-audio-radio-e-telematica_2.pdf,historico_tecnico_2026_v2,matricula inferida por VIN,Codex,2026-05-20 03:17:27,,,,,,,,,,,,,,,,,,,,,,,,,,,,,,,,,
validado,9d2acf008fae9a6c_2026-03-30_VR3EDYHT1RJ643860_imobilizacao_2.pdf,sim,42,BI-69-MF,VR3EDYHT1RJ643860,,,2026-03-30,,2026-03-30,Autel,outro,imobilizacao,file:///C:/Users/andre/OneDrive%20-%20D'accord%20Invest%20-%20Servi%C3%A7os%20Partilhados%20SA/CARFAST%20-%20OFICINA%20-%20HISTORICO%20TECNICO/2026/03_Marco/2026-03-30_BI-69-MF_VR3EDYHT1RJ643860_outro_imobilizacao.pdf,2026-03-30_VR3EDYHT1RJ643860_imobilizacao_2.pdf,historico_tecnico_2026_v2,matricula inferida por VIN,Codex,2026-05-20 03:17:27,,,,,,,,,,,,,,,,,,,,,,,,,,,,,,,,,
validado,066e801159d8b64b_2026-03-30_VR3EDYHT1RJ643860_informacoes-antiarranque_2.pdf,sim,44,BI-69-MF,VR3EDYHT1RJ643860,,,2026-03-30,,2026-03-30,Autel,outro,informacoes antiarranque,file:///C:/Users/andre/OneDrive%20-%20D'accord%20Invest%20-%20Servi%C3%A7os%20Partilhados%20SA/CARFAST%20-%20OFICINA%20-%20HISTORICO%20TECNICO/2026/03_Marco/2026-03-30_BI-69-MF_VR3EDYHT1RJ643860_outro_informacoes-antiarranque.pdf,2026-03-30_VR3EDYHT1RJ643860_informacoes-antiarranque_2.pdf,historico_tecnico_2026_v2,matricula inferida por VIN,Codex,2026-05-20 03:17:27,,,,,,,,,,,,,,,,,,,,,,,,,,,,,,,,,
validado,066e801159d8b64b_2026-03-30_VR3EDYHT1RJ643860_informacoes-antiarranque_3.pdf,sim,45,BI-69-MF,VR3EDYHT1RJ643860,,,2026-03-30,,2026-03-30,Autel,outro,informacoes antiarranque,file:///C:/Users/andre/OneDrive%20-%20D'accord%20Invest%20-%20Servi%C3%A7os%20Partilhados%20SA/CARFAST%20-%20OFICINA%20-%20HISTORICO%20TECNICO/2026/03_Marco/2026-03-30_BI-69-MF_VR3EDYHT1RJ643860_outro_informacoes-antiarranque.pdf,2026-03-30_VR3EDYHT1RJ643860_informacoes-antiarranque_3.pdf,historico_tecnico_2026_v2,matricula inferida por VIN,Codex,2026-05-20 03:17:27,,,,,,,,,,,,,,,,,,,,,,,,,,,,,,,,,
validado,066e801159d8b64b_2026-03-30_VR3EDYHT1RJ643860_informacoes-antiarranque_4.pdf,sim,46,BI-69-MF,VR3EDYHT1RJ643860,,,2026-03-30,,2026-03-30,Autel,outro,informacoes antiarranque,file:///C:/Users/andre/OneDrive%20-%20D'accord%20Invest%20-%20Servi%C3%A7os%20Partilhados%20SA/CARFAST%20-%20OFICINA%20-%20HISTORICO%20TECNICO/2026/03_Marco/2026-03-30_BI-69-MF_VR3EDYHT1RJ643860_outro_informacoes-antiarranque.pdf,2026-03-30_VR3EDYHT1RJ643860_informacoes-antiarranque_4.pdf,historico_tecnico_2026_v2,matricula inferida por VIN,Codex,2026-05-20 03:17:27,,,,,,,,,,,,,,,,,,,,,,,,,,,,,,,,,
validado,066e801159d8b64b_2026-03-30_VR3EDYHT1RJ643860_informacoes-antiarranque_5.pdf,sim,47,BI-69-MF,VR3EDYHT1RJ643860,,,2026-03-30,,2026-03-30,Autel,outro,informacoes antiarranque,file:///C:/Users/andre/OneDrive%20-%20D'accord%20Invest%20-%20Servi%C3%A7os%20Partilhados%20SA/CARFAST%20-%20OFICINA%20-%20HISTORICO%20TECNICO/2026/03_Marco/2026-03-30_BI-69-MF_VR3EDYHT1RJ643860_outro_informacoes-antiarranque.pdf,2026-03-30_VR3EDYHT1RJ643860_informacoes-antiarranque_5.pdf,historico_tecnico_2026_v2,matricula inferida por VIN,Codex,2026-05-20 03:17:27,,,,,,,,,,,,,,,,,,,,,,,,,,,,,,,,,
validado,066e801159d8b64b_2026-03-30_VR3EDYHT1RJ643860_informacoes-antiarranque_6.pdf,sim,48,BI-69-MF,VR3EDYHT1RJ643860,,,2026-03-30,,2026-03-30,Autel,outro,informacoes antiarranque,file:///C:/Users/andre/OneDrive%20-%20D'accord%20Invest%20-%20Servi%C3%A7os%20Partilhados%20SA/CARFAST%20-%20OFICINA%20-%20HISTORICO%20TECNICO/2026/03_Marco/2026-03-30_BI-69-MF_VR3EDYHT1RJ643860_outro_informacoes-antiarranque.pdf,2026-03-30_VR3EDYHT1RJ643860_informacoes-antiarranque_6.pdf,historico_tecnico_2026_v2,matricula inferida por VIN,Codex,2026-05-20 03:17:27,,,,,,,,,,,,,,,,,,,,,,,,,,,,,,,,,
validado,5abf545fd8560763_2026-03-30_VR3EDYHT1RJ643860_informacoes-arrefecimento-climatizacao_2.pdf,sim,50,BI-69-MF,VR3EDYHT1RJ643860,,,2026-03-30,,2026-03-30,Autel,outro,informacoes arrefecimento climatizacao,file:///C:/Users/andre/OneDrive%20-%20D'accord%20Invest%20-%20Servi%C3%A7os%20Partilhados%20SA/CARFAST%20-%20OFICINA%20-%20HISTORICO%20TECNICO/2026/03_Marco/2026-03-30_BI-69-MF_VR3EDYHT1RJ643860_outro_informacoes-arrefecimento-climatizacao.pdf,2026-03-30_VR3EDYHT1RJ643860_informacoes-arrefecimento-climatizacao_2.pdf,historico_tecnico_2026_v2,matricula inferida por VIN,Codex,2026-05-20 03:17:27,,,,,,,,,,,,,,,,,,,,,,,,,,,,,,,,,
validado,88d21b948d355886_2026-03-30_VR3EDYHT1RJ643860_informacoes-circuito-combustivel_2.pdf,sim,52,BI-69-MF,VR3EDYHT1RJ643860,,,2026-03-30,,2026-03-30,Autel,outro,informacoes circuito combustivel,file:///C:/Users/andre/OneDrive%20-%20D'accord%20Invest%20-%20Servi%C3%A7os%20Partilhados%20SA/CARFAST%20-%20OFICINA%20-%20HISTORICO%20TECNICO/2026/03_Marco/2026-03-30_BI-69-MF_VR3EDYHT1RJ643860_outro_informacoes-circuito-combustivel.pdf,2026-03-30_VR3EDYHT1RJ643860_informacoes-circuito-combustivel_2.pdf,historico_tecnico_2026_v2,matricula inferida por VIN,Codex,2026-05-20 03:17:27,,,,,,,,,,,,,,,,,,,,,,,,,,,,,,,,,
validado,88d21b948d355886_2026-03-30_VR3EDYHT1RJ643860_informacoes-circuito-combustivel_3.pdf,sim,53,BI-69-MF,VR3EDYHT1RJ643860,,,2026-03-30,,2026-03-30,Autel,outro,informacoes circuito combustivel,file:///C:/Users/andre/OneDrive%20-%20D'accord%20Invest%20-%20Servi%C3%A7os%20Partilhados%20SA/CARFAST%20-%20OFICINA%20-%20HISTORICO%20TECNICO/2026/03_Marco/2026-03-30_BI-69-MF_VR3EDYHT1RJ643860_outro_informacoes-circuito-combustivel.pdf,2026-03-30_VR3EDYHT1RJ643860_informacoes-circuito-combustivel_3.pdf,historico_tecnico_2026_v2,matricula inferida por VIN,Codex,2026-05-20 03:17:27,,,,,,,,,,,,,,,,,,,,,,,,,,,,,,,,,
validado,88d21b948d355886_2026-03-30_VR3EDYHT1RJ643860_informacoes-circuito-combustivel_4.pdf,sim,54,BI-69-MF,VR3EDYHT1RJ643860,,,2026-03-30,,2026-03-30,Autel,outro,informacoes circuito combustivel,file:///C:/Users/andre/OneDrive%20-%20D'accord%20Invest%20-%20Servi%C3%A7os%20Partilhados%20SA/CARFAST%20-%20OFICINA%20-%20HISTORICO%20TECNICO/2026/03_Marco/2026-03-30_BI-69-MF_VR3EDYHT1RJ643860_outro_informacoes-circuito-combustivel.pdf,2026-03-30_VR3EDYHT1RJ643860_informacoes-circuito-combustivel_4.pdf,historico_tecnico_2026_v2,matricula inferida por VIN,Codex,2026-05-20 03:17:27,,,,,,,,,,,,,,,,,,,,,,,,,,,,,,,,,
validado,88d21b948d355886_2026-03-30_VR3EDYHT1RJ643860_informacoes-circuito-combustivel_5.pdf,sim,55,BI-69-MF,VR3EDYHT1RJ643860,,,2026-03-30,,2026-03-30,Autel,outro,informacoes circuito combustivel,file:///C:/Users/andre/OneDrive%20-%20D'accord%20Invest%20-%20Servi%C3%A7os%20Partilhados%20SA/CARFAST%20-%20OFICINA%20-%20HISTORICO%20TECNICO/2026/03_Marco/2026-03-30_BI-69-MF_VR3EDYHT1RJ643860_outro_informacoes-circuito-combustivel.pdf,2026-03-30_VR3EDYHT1RJ643860_informacoes-circuito-combustivel_5.pdf,historico_tecnico_2026_v2,matricula inferida por VIN,Codex,2026-05-20 03:17:27,,,,,,,,,,,,,,,,,,,,,,,,,,,,,,,,,
validado,88d21b948d355886_2026-03-30_VR3EDYHT1RJ643860_informacoes-circuito-combustivel_6.pdf,sim,56,BI-69-MF,VR3EDYHT1RJ643860,,,2026-03-30,,2026-03-30,Autel,outro,informacoes circuito combustivel,file:///C:/Users/andre/OneDrive%20-%20D'accord%20Invest%20-%20Servi%C3%A7os%20Partilhados%20SA/CARFAST%20-%20OFICINA%20-%20HISTORICO%20TECNICO/2026/03_Marco/2026-03-30_BI-69-MF_VR3EDYHT1RJ643860_outro_informacoes-circuito-combustivel.pdf,2026-03-30_VR3EDYHT1RJ643860_informacoes-circuito-combustivel_6.pdf,historico_tecnico_2026_v2,matricula inferida por VIN,Codex,2026-05-20 03:17:27,,,,,,,,,,,,,,,,,,,,,,,,,,,,,,,,,
validado,1b6cb1879b69d546_2026-03-30_VR3EDYHT1RJ643860_informacoes-da-funcao-de-detecao-de-pressao-baixa-dos-pneus_2.pdf,sim,58,BI-69-MF,VR3EDYHT1RJ643860,,,2026-03-30,,2026-03-30,Autel,outro,informacoes da funcao de detecao de pressao baixa dos pneus,file:///C:/Users/andre/OneDrive%20-%20D'accord%20Invest%20-%20Servi%C3%A7os%20Partilhados%20SA/CARFAST%20-%20OFICINA%20-%20HISTORICO%20TECNICO/2026/03_Marco/2026-03-30_BI-69-MF_VR3EDYHT1RJ643860_outro_informacoes-da-funcao-de-detecao-de-pressao-baixa-dos-pneus.pdf,2026-03-30_VR3EDYHT1RJ643860_informacoes-da-funcao-de-detecao-de-pressao-baixa-dos-pneus_2.pdf,historico_tecnico_2026_v2,matricula inferida por VIN,Codex,2026-05-20 03:17:27,,,,,,,,,,,,,,,,,,,,,,,,,,,,,,,,,
validado,84de2ac2d4784032_2026-03-30_VR3EDYHT1RJ643860_informacoes-da-travagem-automatica-em-caso-de-risco-de-colisao_2.pdf,sim,60,BI-69-MF,VR3EDYHT1RJ643860,,,2026-03-30,,2026-03-30,Autel,outro,informacoes da travagem automatica em caso de risco de colisao,file:///C:/Users/andre/OneDrive%20-%20D'accord%20Invest%20-%20Servi%C3%A7os%20Partilhados%20SA/CARFAST%20-%20OFICINA%20-%20HISTORICO%20TECNICO/2026/03_Marco/2026-03-30_BI-69-MF_VR3EDYHT1RJ643860_outro_informacoes-da-travagem-automatica-em-caso-de-risco-de-colisao.pdf,2026-03-30_VR3EDYHT1RJ643860_informacoes-da-travagem-automatica-em-caso-de-risco-de-colisao_2.pdf,historico_tecnico_2026_v2,matricula inferida por VIN,Codex,2026-05-20 03:17:27,,,,,,,,,,,,,,,,,,,,,,,,,,,,,,,,,
validado,2dda334c2b019490_2026-03-30_VR3EDYHT1RJ643860_informacoes-diversas_2.pdf,sim,62,BI-69-MF,VR3EDYHT1RJ643860,,,2026-03-30,,2026-03-30,Autel,outro,informacoes diversas,file:///C:/Users/andre/OneDrive%20-%20D'accord%20Invest%20-%20Servi%C3%A7os%20Partilhados%20SA/CARFAST%20-%20OFICINA%20-%20HISTORICO%20TECNICO/2026/03_Marco/2026-03-30_BI-69-MF_VR3EDYHT1RJ643860_outro_informacoes-diversas.pdf,2026-03-30_VR3EDYHT1RJ643860_informacoes-diversas_2.pdf,historico_tecnico_2026_v2,matricula inferida por VIN,Codex,2026-05-20 03:17:27,,,,,,,,,,,,,,,,,,,,,,,,,,,,,,,,,
validado,2dda334c2b019490_2026-03-30_VR3EDYHT1RJ643860_informacoes-diversas_3.pdf,sim,63,BI-69-MF,VR3EDYHT1RJ643860,,,2026-03-30,,2026-03-30,Autel,outro,informacoes diversas,file:///C:/Users/andre/OneDrive%20-%20D'accord%20Invest%20-%20Servi%C3%A7os%20Partilhados%20SA/CARFAST%20-%20OFICINA%20-%20HISTORICO%20TECNICO/2026/03_Marco/2026-03-30_BI-69-MF_VR3EDYHT1RJ643860_outro_informacoes-diversas.pdf,2026-03-30_VR3EDYHT1RJ643860_informacoes-diversas_3.pdf,historico_tecnico_2026_v2,matricula inferida por VIN,Codex,2026-05-20 03:17:27,,,,,,,,,,,,,,,,,,,,,,,,,,,,,,,,,
validado,2dda334c2b019490_2026-03-30_VR3EDYHT1RJ643860_informacoes-diversas_4.pdf,sim,64,BI-69-MF,VR3EDYHT1RJ643860,,,2026-03-30,,2026-03-30,Autel,outro,informacoes diversas,file:///C:/Users/andre/OneDrive%20-%20D'accord%20Invest%20-%20Servi%C3%A7os%20Partilhados%20SA/CARFAST%20-%20OFICINA%20-%20HISTORICO%20TECNICO/2026/03_Marco/2026-03-30_BI-69-MF_VR3EDYHT1RJ643860_outro_informacoes-diversas.pdf,2026-03-30_VR3EDYHT1RJ643860_informacoes-diversas_4.pdf,historico_tecnico_2026_v2,matricula inferida por VIN,Codex,2026-05-20 03:17:27,,,,,,,,,,,,,,,,,,,,,,,,,,,,,,,,,
validado,2dda334c2b019490_2026-03-30_VR3EDYHT1RJ643860_informacoes-diversas_6.pdf,sim,66,BI-69-MF,VR3EDYHT1RJ643860,,,2026-03-30,,2026-03-30,Autel,outro,informacoes diversas,file:///C:/Users/andre/OneDrive%20-%20D'accord%20Invest%20-%20Servi%C3%A7os%20Partilhados%20SA/CARFAST%20-%20OFICINA%20-%20HISTORICO%20TECNICO/2026/03_Marco/2026-03-30_BI-69-MF_VR3EDYHT1RJ643860_outro_informacoes-diversas.pdf,2026-03-30_VR3EDYHT1RJ643860_informacoes-diversas_6.pdf,historico_tecnico_2026_v2,matricula inferida por VIN,Codex,2026-05-20 03:17:27,,,,,,,,,,,,,,,,,,,,,,,,,,,,,,,,,
validado,e80f7540ecfe1b90_2026-03-30_VR3EDYHT1RJ643860_informacoes-diversas_7.pdf,sim,67,BI-69-MF,VR3EDYHT1RJ643860,,,2026-03-30,,2026-03-30,Autel,outro,informacoes diversas,file:///C:/Users/andre/OneDrive%20-%20D'accord%20Invest%20-%20Servi%C3%A7os%20Partilhados%20SA/CARFAST%20-%20OFICINA%20-%20HISTORICO%20TECNICO/2026/03_Marco/2026-03-30_BI-69-MF_VR3EDYHT1RJ643860_outro_informacoes-diversas_1.pdf,2026-03-30_VR3EDYHT1RJ643860_informacoes-diversas_7.pdf,historico_tecnico_2026_v2,matricula inferida por VIN,Codex,2026-05-20 03:17:27,,,,,,,,,,,,,,,,,,,,,,,,,,,,,,,,,
validado,2dda334c2b019490_2026-03-30_VR3EDYHT1RJ643860_informacoes-diversas_8.pdf,sim,68,BI-69-MF,VR3EDYHT1RJ643860,,,2026-03-30,,2026-03-30,Autel,outro,informacoes diversas,file:///C:/Users/andre/OneDrive%20-%20D'accord%20Invest%20-%20Servi%C3%A7os%20Partilhados%20SA/CARFAST%20-%20OFICINA%20-%20HISTORICO%20TECNICO/2026/03_Marco/2026-03-30_BI-69-MF_VR3EDYHT1RJ643860_outro_informacoes-diversas.pdf,2026-03-30_VR3EDYHT1RJ643860_informacoes-diversas_8.pdf,historico_tecnico_2026_v2,matricula inferida por VIN,Codex,2026-05-20 03:17:27,,,,,,,,,,,,,,,,,,,,,,,,,,,,,,,,,
validado,875ceea0c3a77e25_2026-03-30_VR3EDYHT1RJ643860_informacoes-do-sensor-giroscopico_2.pdf,sim,70,BI-69-MF,VR3EDYHT1RJ643860,,,2026-03-30,,2026-03-30,Autel,outro,informacoes do sensor giroscopico,file:///C:/Users/andre/OneDrive%20-%20D'accord%20Invest%20-%20Servi%C3%A7os%20Partilhados%20SA/CARFAST%20-%20OFICINA%20-%20HISTORICO%20TECNICO/2026/03_Marco/2026-03-30_BI-69-MF_VR3EDYHT1RJ643860_outro_informacoes-do-sensor-giroscopico.pdf,2026-03-30_VR3EDYHT1RJ643860_informacoes-do-sensor-giroscopico_2.pdf,historico_tecnico_2026_v2,matricula inferida por VIN,Codex,2026-05-20 03:17:27,,,,,,,,,,,,,,,,,,,,,,,,,,,,,,,,,
validado,c44c34cba682a767_2026-03-30_VR3EDYHT1RJ643860_informacoes-do-travao-de-estacionamento-com-comando-eletrico-fse_2.pdf,sim,72,BI-69-MF,VR3EDYHT1RJ643860,,,2026-03-30,,2026-03-30,Autel,outro,informacoes do travao de estacionamento com comando eletrico fse,file:///C:/Users/andre/OneDrive%20-%20D'accord%20Invest%20-%20Servi%C3%A7os%20Partilhados%20SA/CARFAST%20-%20OFICINA%20-%20HISTORICO%20TECNICO/2026/03_Marco/2026-03-30_BI-69-MF_VR3EDYHT1RJ643860_outro_informacoes-do-travao-de-estacionamento-com-comando-eletrico-fse.pdf,2026-03-30_VR3EDYHT1RJ643860_informacoes-do-travao-de-estacionamento-com-comando-eletrico-fse_2.pdf,historico_tecnico_2026_v2,matricula inferida por VIN,Codex,2026-05-20 03:17:27,,,,,,,,,,,,,,,,,,,,,,,,,,,,,,,,,
validado,867a6ad8254670a3_2026-03-30_VR3EDYHT1RJ643860_informacoes-do-veiculo-equipado-com-camara-de-video-multifuncoes_2.pdf,sim,74,BI-69-MF,VR3EDYHT1RJ643860,,,2026-03-30,,2026-03-30,Autel,outro,informacoes do veiculo equipado com camara de video multifuncoes,file:///C:/Users/andre/OneDrive%20-%20D'accord%20Invest%20-%20Servi%C3%A7os%20Partilhados%20SA/CARFAST%20-%20OFICINA%20-%20HISTORICO%20TECNICO/2026/03_Marco/2026-03-30_BI-69-MF_VR3EDYHT1RJ643860_outro_informacoes-do-veiculo-equipado-com-camara-de-video-multifuncoes.pdf,2026-03-30_VR3EDYHT1RJ643860_informacoes-do-veiculo-equipado-com-camara-de-video-multifuncoes_2.pdf,historico_tecnico_2026_v2,matricula inferida por VIN,Codex,2026-05-20 03:17:27,,,,,,,,,,,,,,,,,,,,,,,,,,,,,,,,,
validado,e3c1a6fc2ee3d5e6_2026-03-30_VR3EDYHT1RJ643860_informacoes-linha-de-escape-1_2.pdf,sim,76,BI-69-MF,VR3EDYHT1RJ643860,,,2026-03-30,,2026-03-30,Autel,outro,informacoes linha de escape 1,file:///C:/Users/andre/OneDrive%20-%20D'accord%20Invest%20-%20Servi%C3%A7os%20Partilhados%20SA/CARFAST%20-%20OFICINA%20-%20HISTORICO%20TECNICO/2026/03_Marco/2026-03-30_BI-69-MF_VR3EDYHT1RJ643860_outro_informacoes-linha-de-escape-1.pdf,2026-03-30_VR3EDYHT1RJ643860_informacoes-linha-de-escape-1_2.pdf,historico_tecnico_2026_v2,matricula inferida por VIN,Codex,2026-05-20 03:17:27,,,,,,,,,,,,,,,,,,,,,,,,,,,,,,,,,
validado,e3c1a6fc2ee3d5e6_2026-03-30_VR3EDYHT1RJ643860_informacoes-linha-de-escape-1_3.pdf,sim,77,BI-69-MF,VR3EDYHT1RJ643860,,,2026-03-30,,2026-03-30,Autel,outro,informacoes linha de escape 1,file:///C:/Users/andre/OneDrive%20-%20D'accord%20Invest%20-%20Servi%C3%A7os%20Partilhados%20SA/CARFAST%20-%20OFICINA%20-%20HISTORICO%20TECNICO/2026/03_Marco/2026-03-30_BI-69-MF_VR3EDYHT1RJ643860_outro_informacoes-linha-de-escape-1.pdf,2026-03-30_VR3EDYHT1RJ643860_informacoes-linha-de-escape-1_3.pdf,historico_tecnico_2026_v2,matricula inferida por VIN,Codex,2026-05-20 03:17:27,,,,,,,,,,,,,,,,,,,,,,,,,,,,,,,,,
validado,e3c1a6fc2ee3d5e6_2026-03-30_VR3EDYHT1RJ643860_informacoes-linha-de-escape-1_4.pdf,sim,78,BI-69-MF,VR3EDYHT1RJ643860,,,2026-03-30,,2026-03-30,Autel,outro,informacoes linha de escape 1,file:///C:/Users/andre/OneDrive%20-%20D'accord%20Invest%20-%20Servi%C3%A7os%20Partilhados%20SA/CARFAST%20-%20OFICINA%20-%20HISTORICO%20TECNICO/2026/03_Marco/2026-03-30_BI-69-MF_VR3EDYHT1RJ643860_outro_informacoes-linha-de-escape-1.pdf,2026-03-30_VR3EDYHT1RJ643860_informacoes-linha-de-escape-1_4.pdf,historico_tecnico_2026_v2,matricula inferida por VIN,Codex,2026-05-20 03:17:27,,,,,,,,,,,,,,,,,,,,,,,,,,,,,,,,,
validado,e3c1a6fc2ee3d5e6_2026-03-30_VR3EDYHT1RJ643860_informacoes-linha-de-escape-1_5.pdf,sim,79,BI-69-MF,VR3EDYHT1RJ643860,,,2026-03-30,,2026-03-30,Autel,outro,informacoes linha de escape 1,file:///C:/Users/andre/OneDrive%20-%20D'accord%20Invest%20-%20Servi%C3%A7os%20Partilhados%20SA/CARFAST%20-%20OFICINA%20-%20HISTORICO%20TECNICO/2026/03_Marco/2026-03-30_BI-69-MF_VR3EDYHT1RJ643860_outro_informacoes-linha-de-escape-1.pdf,2026-03-30_VR3EDYHT1RJ643860_informacoes-linha-de-escape-1_5.pdf,historico_tecnico_2026_v2,matricula inferida por VIN,Codex,2026-05-20 03:17:27,,,,,,,,,,,,,,,,,,,,,,,,,,,,,,,,,
validado,e3c1a6fc2ee3d5e6_2026-03-30_VR3EDYHT1RJ643860_informacoes-linha-de-escape-1_6.pdf,sim,80,BI-69-MF,VR3EDYHT1RJ643860,,,2026-03-30,,2026-03-30,Autel,outro,informacoes linha de escape 1,file:///C:/Users/andre/OneDrive%20-%20D'accord%20Invest%20-%20Servi%C3%A7os%20Partilhados%20SA/CARFAST%20-%20OFICINA%20-%20HISTORICO%20TECNICO/2026/03_Marco/2026-03-30_BI-69-MF_VR3EDYHT1RJ643860_outro_informacoes-linha-de-escape-1.pdf,2026-03-30_VR3EDYHT1RJ643860_informacoes-linha-de-escape-1_6.pdf,historico_tecnico_2026_v2,matricula inferida por VIN,Codex,2026-05-20 03:17:27,,,,,,,,,,,,,,,,,,,,,,,,,,,,,,,,,
validado,ff3dfd51abd2f9a3_2026-03-30_VR3EDYHT1RJ643860_informacoes-sensor-angulo-volante_2.pdf,sim,82,BI-69-MF,VR3EDYHT1RJ643860,,,2026-03-30,,2026-03-30,Autel,outro,informacoes sensor angulo volante,file:///C:/Users/andre/OneDrive%20-%20D'accord%20Invest%20-%20Servi%C3%A7os%20Partilhados%20SA/CARFAST%20-%20OFICINA%20-%20HISTORICO%20TECNICO/2026/03_Marco/2026-03-30_BI-69-MF_VR3EDYHT1RJ643860_outro_informacoes-sensor-angulo-volante.pdf,2026-03-30_VR3EDYHT1RJ643860_informacoes-sensor-angulo-volante_2.pdf,historico_tecnico_2026_v2,matricula inferida por VIN,Codex,2026-05-20 03:17:27,,,,,,,,,,,,,,,,,,,,,,,,,,,,,,,,,
validado,5e087c928ac2af2e_2026-03-30_VR3EDYHT1RJ643860_informacoes-veiculo_2.pdf,sim,84,BI-69-MF,VR3EDYHT1RJ643860,,,2026-03-30,,2026-03-30,Autel,outro,informacoes veiculo,file:///C:/Users/andre/OneDrive%20-%20D'accord%20Invest%20-%20Servi%C3%A7os%20Partilhados%20SA/CARFAST%20-%20OFICINA%20-%20HISTORICO%20TECNICO/2026/03_Marco/2026-03-30_BI-69-MF_VR3EDYHT1RJ643860_outro_informacoes-veiculo.pdf,2026-03-30_VR3EDYHT1RJ643860_informacoes-veiculo_2.pdf,historico_tecnico_2026_v2,matricula inferida por VIN,Codex,2026-05-20 03:17:27,,,,,,,,,,,,,,,,,,,,,,,,,,,,,,,,,
validado,c12e2995f6585529_2026-03-30_VR3EDYHT1RJ643860_inicializacoes_2.pdf,sim,86,BI-69-MF,VR3EDYHT1RJ643860,,,2026-03-30,,2026-03-30,Autel,outro,inicializacoes,file:///C:/Users/andre/OneDrive%20-%20D'accord%20Invest%20-%20Servi%C3%A7os%20Partilhados%20SA/CARFAST%20-%20OFICINA%20-%20HISTORICO%20TECNICO/2026/03_Marco/2026-03-30_BI-69-MF_VR3EDYHT1RJ643860_outro_inicializacoes.pdf,2026-03-30_VR3EDYHT1RJ643860_inicializacoes_2.pdf,historico_tecnico_2026_v2,matricula inferida por VIN,Codex,2026-05-20 03:17:27,,,,,,,,,,,,,,,,,,,,,,,,,,,,,,,,,
validado,c12e2995f6585529_2026-03-30_VR3EDYHT1RJ643860_inicializacoes_3.pdf,sim,87,BI-69-MF,VR3EDYHT1RJ643860,,,2026-03-30,,2026-03-30,Autel,outro,inicializacoes,file:///C:/Users/andre/OneDrive%20-%20D'accord%20Invest%20-%20Servi%C3%A7os%20Partilhados%20SA/CARFAST%20-%20OFICINA%20-%20HISTORICO%20TECNICO/2026/03_Marco/2026-03-30_BI-69-MF_VR3EDYHT1RJ643860_outro_inicializacoes.pdf,2026-03-30_VR3EDYHT1RJ643860_inicializacoes_3.pdf,historico_tecnico_2026_v2,matricula inferida por VIN,Codex,2026-05-20 03:17:27,,,,,,,,,,,,,,,,,,,,,,,,,,,,,,,,,
validado,c12e2995f6585529_2026-03-30_VR3EDYHT1RJ643860_inicializacoes_4.pdf,sim,88,BI-69-MF,VR3EDYHT1RJ643860,,,2026-03-30,,2026-03-30,Autel,outro,inicializacoes,file:///C:/Users/andre/OneDrive%20-%20D'accord%20Invest%20-%20Servi%C3%A7os%20Partilhados%20SA/CARFAST%20-%20OFICINA%20-%20HISTORICO%20TECNICO/2026/03_Marco/2026-03-30_BI-69-MF_VR3EDYHT1RJ643860_outro_inicializacoes.pdf,2026-03-30_VR3EDYHT1RJ643860_inicializacoes_4.pdf,historico_tecnico_2026_v2,matricula inferida por VIN,Codex,2026-05-20 03:17:27,,,,,,,,,,,,,,,,,,,,,,,,,,,,,,,,,
validado,c12e2995f6585529_2026-03-30_VR3EDYHT1RJ643860_inicializacoes_5.pdf,sim,89,BI-69-MF,VR3EDYHT1RJ643860,,,2026-03-30,,2026-03-30,Autel,outro,inicializacoes,file:///C:/Users/andre/OneDrive%20-%20D'accord%20Invest%20-%20Servi%C3%A7os%20Partilhados%20SA/CARFAST%20-%20OFICINA%20-%20HISTORICO%20TECNICO/2026/03_Marco/2026-03-30_BI-69-MF_VR3EDYHT1RJ643860_outro_inicializacoes.pdf,2026-03-30_VR3EDYHT1RJ643860_inicializacoes_5.pdf,historico_tecnico_2026_v2,matricula inferida por VIN,Codex,2026-05-20 03:17:27,,,,,,,,,,,,,,,,,,,,,,,,,,,,,,,,,
validado,c12e2995f6585529_2026-03-30_VR3EDYHT1RJ643860_inicializacoes_6.pdf,sim,90,BI-69-MF,VR3EDYHT1RJ643860,,,2026-03-30,,2026-03-30,Autel,outro,inicializacoes,file:///C:/Users/andre/OneDrive%20-%20D'accord%20Invest%20-%20Servi%C3%A7os%20Partilhados%20SA/CARFAST%20-%20OFICINA%20-%20HISTORICO%20TECNICO/2026/03_Marco/2026-03-30_BI-69-MF_VR3EDYHT1RJ643860_outro_inicializacoes.pdf,2026-03-30_VR3EDYHT1RJ643860_inicializacoes_6.pdf,historico_tecnico_2026_v2,matricula inferida por VIN,Codex,2026-05-20 03:17:27,,,,,,,,,,,,,,,,,,,,,,,,,,,,,,,,,
validado,09c1384e45afd0b2_2026-03-30_VR3EDYHT1RJ643860_limitacao-e-regulacao-de-velocidade_2.pdf,sim,92,BI-69-MF,VR3EDYHT1RJ643860,,,2026-03-30,,2026-03-30,Autel,outro,limitacao e regulacao de velocidade,file:///C:/Users/andre/OneDrive%20-%20D'accord%20Invest%20-%20Servi%C3%A7os%20Partilhados%20SA/CARFAST%20-%20OFICINA%20-%20HISTORICO%20TECNICO/2026/03_Marco/2026-03-30_BI-69-MF_VR3EDYHT1RJ643860_outro_limitacao-e-regulacao-de-velocidade.pdf,2026-03-30_VR3EDYHT1RJ643860_limitacao-e-regulacao-de-velocidade_2.pdf,historico_tecnico_2026_v2,matricula inferida por VIN,Codex,2026-05-20 03:17:27,,,,,,,,,,,,,,,,,,,,,,,,,,,,,,,,,
validado,a86394e991b7385c_2026-03-30_VR3EDYHT1RJ643860_passagem-involuntaria-de-linha_2.pdf,sim,94,BI-69-MF,VR3EDYHT1RJ643860,,,2026-03-30,,2026-03-30,Autel,outro,passagem involuntaria de linha,file:///C:/Users/andre/OneDrive%20-%20D'accord%20Invest%20-%20Servi%C3%A7os%20Partilhados%20SA/CARFAST%20-%20OFICINA%20-%20HISTORICO%20TECNICO/2026/03_Marco/2026-03-30_BI-69-MF_VR3EDYHT1RJ643860_outro_passagem-involuntaria-de-linha.pdf,2026-03-30_VR3EDYHT1RJ643860_passagem-involuntaria-de-linha_2.pdf,historico_tecnico_2026_v2,matricula inferida por VIN,Codex,2026-05-20 03:17:27,,,,,,,,,,,,,,,,,,,,,,,,,,,,,,,,,
validado,29df9fb45e34bef3_2026-03-30_VR3EDYHT1RJ643860_pre-tensores_2.pdf,sim,96,BI-69-MF,VR3EDYHT1RJ643860,,,2026-03-30,,2026-03-30,Autel,outro,pre tensores,file:///C:/Users/andre/OneDrive%20-%20D'accord%20Invest%20-%20Servi%C3%A7os%20Partilhados%20SA/CARFAST%20-%20OFICINA%20-%20HISTORICO%20TECNICO/2026/03_Marco/2026-03-30_BI-69-MF_VR3EDYHT1RJ643860_outro_pre-tensores.pdf,2026-03-30_VR3EDYHT1RJ643860_pre-tensores_2.pdf,historico_tecnico_2026_v2,matricula inferida por VIN,Codex,2026-05-20 03:17:27,,,,,,,,,,,,,,,,,,,,,,,,,,,,,,,,,
validado,e41402f655f3ed99_2026-03-30_VR3EDYHT1RJ643860_seguranca_2.pdf,sim,98,BI-69-MF,VR3EDYHT1RJ643860,,,2026-03-30,,2026-03-30,Autel,outro,seguranca,file:///C:/Users/andre/OneDrive%20-%20D'accord%20Invest%20-%20Servi%C3%A7os%20Partilhados%20SA/CARFAST%20-%20OFICINA%20-%20HISTORICO%20TECNICO/2026/03_Marco/2026-03-30_BI-69-MF_VR3EDYHT1RJ643860_outro_seguranca.pdf,2026-03-30_VR3EDYHT1RJ643860_seguranca_2.pdf,historico_tecnico_2026_v2,matricula inferida por VIN,Codex,2026-05-20 03:17:27,,,,,,,,,,,,,,,,,,,,,,,,,,,,,,,,,
validado,81bdbc1137fa3f9f_2026-03-30_VR3EDYHT1RJ643860_seguranca-condutor-e-passageiros_2.pdf,sim,100,BI-69-MF,VR3EDYHT1RJ643860,,,2026-03-30,,2026-03-30,Autel,outro,seguranca condutor e passageiros,file:///C:/Users/andre/OneDrive%20-%20D'accord%20Invest%20-%20Servi%C3%A7os%20Partilhados%20SA/CARFAST%20-%20OFICINA%20-%20HISTORICO%20TECNICO/2026/03_Marco/2026-03-30_BI-69-MF_VR3EDYHT1RJ643860_outro_seguranca-condutor-e-passageiros.pdf,2026-03-30_VR3EDYHT1RJ643860_seguranca-condutor-e-passageiros_2.pdf,historico_tecnico_2026_v2,matricula inferida por VIN,Codex,2026-05-20 03:17:27,,,,,,,,,,,,,,,,,,,,,,,,,,,,,,,,,
validado,aa17cc1e20a5de9b_2026-03-30_VR3EDYHT1RJ643860_sinalizacao_2.pdf,sim,102,BI-69-MF,VR3EDYHT1RJ643860,,,2026-03-30,,2026-03-30,Autel,outro,sinalizacao,file:///C:/Users/andre/OneDrive%20-%20D'accord%20Invest%20-%20Servi%C3%A7os%20Partilhados%20SA/CARFAST%20-%20OFICINA%20-%20HISTORICO%20TECNICO/2026/03_Marco/2026-03-30_BI-69-MF_VR3EDYHT1RJ643860_outro_sinalizacao.pdf,2026-03-30_VR3EDYHT1RJ643860_sinalizacao_2.pdf,historico_tecnico_2026_v2,matricula inferida por VIN,Codex,2026-05-20 03:17:27,,,,,,,,,,,,,,,,,,,,,,,,,,,,,,,,,
validado,224cd048cdc55797_2026-03-30_VR3EDYHT1RJ643860_sinalizacao-de-estrada_2.pdf,sim,104,BI-69-MF,VR3EDYHT1RJ643860,,,2026-03-30,,2026-03-30,Autel,outro,sinalizacao de estrada,file:///C:/Users/andre/OneDrive%20-%20D'accord%20Invest%20-%20Servi%C3%A7os%20Partilhados%20SA/CARFAST%20-%20OFICINA%20-%20HISTORICO%20TECNICO/2026/03_Marco/2026-03-30_BI-69-MF_VR3EDYHT1RJ643860_outro_sinalizacao-de-estrada.pdf,2026-03-30_VR3EDYHT1RJ643860_sinalizacao-de-estrada_2.pdf,historico_tecnico_2026_v2,matricula inferida por VIN,Codex,2026-05-20 03:17:27,,,,,,,,,,,,,,,,,,,,,,,,,,,,,,,,,
validado,74ce83a0ec0ff7cc_2026-03-30_VR3EDYHT1RJ643860_sondas-e-dos-motores-ventilacao_2.pdf,sim,106,BI-69-MF,VR3EDYHT1RJ643860,,,2026-03-30,,2026-03-30,Autel,outro,sondas e dos motores ventilacao,file:///C:/Users/andre/OneDrive%20-%20D'accord%20Invest%20-%20Servi%C3%A7os%20Partilhados%20SA/CARFAST%20-%20OFICINA%20-%20HISTORICO%20TECNICO/2026/03_Marco/2026-03-30_BI-69-MF_VR3EDYHT1RJ643860_outro_sondas-e-dos-motores-ventilacao.pdf,2026-03-30_VR3EDYHT1RJ643860_sondas-e-dos-motores-ventilacao_2.pdf,historico_tecnico_2026_v2,matricula inferida por VIN,Codex,2026-05-20 03:17:27,,,,,,,,,,,,,,,,,,,,,,,,,,,,,,,,,
validado,ae83699fbb4ecb70_2026-03-30_VR3EDYHT1RJ643860_calculador_2.pdf,sim,108,BI-69-MF,VR3EDYHT1RJ643860,,,2026-03-30,11:52:42,2026-03-30 11:52:42,PSA-DIAG/Stellantis,lubrificacao_motor,calculador,file:///C:/Users/andre/OneDrive%20-%20D'accord%20Invest%20-%20Servi%C3%A7os%20Partilhados%20SA/CARFAST%20-%20OFICINA%20-%20HISTORICO%20TECNICO/2026/03_Marco/2026-03-30_BI-69-MF_VR3EDYHT1RJ643860_lubrificacao_motor_calculador.pdf,2026-03-30_VR3EDYHT1RJ643860_calculador_2.pdf,historico_tecnico_2026_v2,matricula inferida por VIN,Codex,2026-05-20 03:17:27,,,,,,,,,,,,,,,,,,,,,,,,,,,,,,,,,
validado,58cede049f46b687_2026-03-30_VR3EDYHT1RJ643860_identificacao_2.pdf,sim,110,BI-69-MF,VR3EDYHT1RJ643860,,,2026-03-30,11:53:38,2026-03-30 11:53:38,PSA-DIAG/Stellantis,identificacao_telecarregamento,identificacao,file:///C:/Users/andre/OneDrive%20-%20D'accord%20Invest%20-%20Servi%C3%A7os%20Partilhados%20SA/CARFAST%20-%20OFICINA%20-%20HISTORICO%20TECNICO/2026/03_Marco/2026-03-30_BI-69-MF_VR3EDYHT1RJ643860_identificacao_telecarregamento_identificacao.pdf,2026-03-30_VR3EDYHT1RJ643860_identificacao_2.pdf,historico_tecnico_2026_v2,matricula inferida por VIN,Codex,2026-05-20 03:17:27,,,255.255,144.06,,,,,,,,,,,,,,,,,,,,,,,,,,,,,
validado,d4f8a27ded76f935_2026-03-30_VR3EDYHT1RJ643860_de-defeitos_4.pdf,sim,112,BI-69-MF,VR3EDYHT1RJ643860,,,2026-03-30,11:54:13,2026-03-30 11:54:13,PSA-DIAG/Stellantis,leitura_defeitos,de defeitos | codigos: P203F; P166F 06; U1218; P06B8,file:///C:/Users/andre/OneDrive%20-%20D'accord%20Invest%20-%20Servi%C3%A7os%20Partilhados%20SA/CARFAST%20-%20OFICINA%20-%20HISTORICO%20TECNICO/2026/03_Marco/2026-03-30_BI-69-MF_VR3EDYHT1RJ643860_leitura_defeitos_de-defeitos.pdf,2026-03-30_VR3EDYHT1RJ643860_de-defeitos_4.pdf,historico_tecnico_2026_v2,matricula inferida por VIN,Codex,2026-05-20 03:17:27,,,,,,,,,,,,,,,,,,,,,,,,,,Sim,,P203F; P166F 06; U1218; P06B8,Sim,Permanente,do defeitoNível demasiado fraco no reservatrio,,Prioridade alta: diagnosticar defeitos permanentes/críticos
validado,e03998b491cf49af_2026-03-30_VR3EDYHT1RJ643860_de-defeitos_3.pdf,sim,114,BI-69-MF,VR3EDYHT1RJ643860,,,2026-03-30,11:55:00,2026-03-30 11:55:00,PSA-DIAG/Stellantis,identificacao_telecarregamento,de defeitos | codigos: U1F39 87; U1F00; B120D; U1F3E; B1818; B120A; U1F3B 87; B1418 00; B2ED3; U053B; B1805; B12C8,file:///C:/Users/andre/OneDrive%20-%20D'accord%20Invest%20-%20Servi%C3%A7os%20Partilhados%20SA/CARFAST%20-%20OFICINA%20-%20HISTORICO%20TECNICO/2026/03_Marco/2026-03-30_BI-69-MF_VR3EDYHT1RJ643860_identificacao_telecarregamento_de-defeitos.pdf,2026-03-30_VR3EDYHT1RJ643860_de-defeitos_3.pdf,historico_tecnico_2026_v2,matricula inferida por VIN,Codex,2026-05-20 03:17:27,,,,,,,,,,,,,,,,,,,,,,,,,,Sim,,U1F39 87; U1F00; B120D; U1F3E; B1818; B120A; U1F3B 87; B1418 00; B2ED3; U053B; B1805; B12C8,Sim,Permanente,Informação errada,,Prioridade alta: diagnosticar defeitos permanentes/críticos
validado,eb535d6ef5cdc00e_2026-03-30_VR3EDYHT1RJ643860_parametros-de-manutencao-recuperados-do-veiculo_2.pdf,sim,116,BI-69-MF,VR3EDYHT1RJ643860,,,2026-03-30,12:00:04,2026-03-30 12:00:04,PSA-DIAG/Stellantis,parametrizacao_manutencao,parametros de manutencao recuperados do veiculo,file:///C:/Users/andre/OneDrive%20-%20D'accord%20Invest%20-%20Servi%C3%A7os%20Partilhados%20SA/CARFAST%20-%20OFICINA%20-%20HISTORICO%20TECNICO/2026/03_Marco/2026-03-30_BI-69-MF_VR3EDYHT1RJ643860_parametrizacao_manutencao_parametros-de-manutencao-recuperados-do-veiculo.pdf,2026-03-30_VR3EDYHT1RJ643860_parametros-de-manutencao-recuperados-do-veiculo_2.pdf,historico_tecnico_2026_v2,matricula inferida por VIN,Codex,2026-05-20 03:17:27,,,,,,,,,,,,,,,,,,,,,Dinâmica,,,,,,,,,,,,
validado,4a518afcf538b691_2026-04-27_VR3EDYHT1RJ747006_familia-n-calculador_4.pdf,sim,2,BM-44-OP,VR3EDYHT1RJ747006,,,2026-04-27,10:28:16,2026-04-27 10:28:16,PSA-DIAG/Stellantis,identificacao_telecarregamento,familia n calculador | codigos: U1218; P119F; U1F1A 08; P2A00,file:///C:/Users/andre/OneDrive%20-%20D'accord%20Invest%20-%20Servi%C3%A7os%20Partilhados%20SA/CARFAST%20-%20OFICINA%20-%20HISTORICO%20TECNICO/2026/04_Abril/2026-04-27_BM-44-OP_VR3EDYHT1RJ747006_identificacao_telecarregamento_familia-n-calculador.pdf,2026-04-27_VR3EDYHT1RJ747006_familia-n-calculador_4.pdf,historico_tecnico_2026_v2,matricula inferida por VIN,Codex,2026-05-20 03:17:28,,,,,,,,,,,,,,,,,,,,,,,,,,Sim,,U1218; P119F; U1F1A 08; P2A00,Sim,Permanente,dentificação inválido,,Prioridade alta: diagnosticar defeitos permanentes/críticos
validado,d1e892eb7bbd2985_2026-04-27_VR3EDYHT1RJ747006_informacoes-lubrificacao-motor_4.pdf,sim,4,BM-44-OP,VR3EDYHT1RJ747006,,,2026-04-27,10:29:31,2026-04-27 10:29:31,PSA-DIAG/Stellantis,lubrificacao_motor,informacoes lubrificacao motor,file:///C:/Users/andre/OneDrive%20-%20D'accord%20Invest%20-%20Servi%C3%A7os%20Partilhados%20SA/CARFAST%20-%20OFICINA%20-%20HISTORICO%20TECNICO/2026/04_Abril/2026-04-27_BM-44-OP_VR3EDYHT1RJ747006_lubrificacao_motor_informacoes-lubrificacao-motor.pdf,2026-04-27_VR3EDYHT1RJ747006_informacoes-lubrificacao-motor_4.pdf,historico_tecnico_2026_v2,matricula inferida por VIN,Codex,2026-05-20 03:17:28,,,,,,,,,,,,,,,,,,,,,,,12.688,,,,,,,,,,
validado,b4ce50f332a1ca58_2026-04-27_VR3EDYHT1RJ747006_identificacao_2.pdf,sim,6,BM-44-OP,VR3EDYHT1RJ747006,,,2026-04-27,10:30:09,2026-04-27 10:30:09,PSA-DIAG/Stellantis,identificacao_telecarregamento,identificacao,file:///C:/Users/andre/OneDrive%20-%20D'accord%20Invest%20-%20Servi%C3%A7os%20Partilhados%20SA/CARFAST%20-%20OFICINA%20-%20HISTORICO%20TECNICO/2026/04_Abril/2026-04-27_BM-44-OP_VR3EDYHT1RJ747006_identificacao_telecarregamento_identificacao.pdf,2026-04-27_VR3EDYHT1RJ747006_identificacao_2.pdf,historico_tecnico_2026_v2,matricula inferida por VIN,Codex,2026-05-20 03:17:28,,,255.255,144.03,,,,,,,,,,,,,,,,,,,,,,,,,,,,,
validado,d42d7b2bf8b1f6cf_2026-04-27_VR3EDYHT1RJ747006_informacoes-manutencao_3.pdf,sim,8,BM-44-OP,VR3EDYHT1RJ747006,,,2026-04-27,10:31:16,2026-04-27 10:31:16,PSA-DIAG/Stellantis,manutencao,informacoes manutencao,file:///C:/Users/andre/OneDrive%20-%20D'accord%20Invest%20-%20Servi%C3%A7os%20Partilhados%20SA/CARFAST%20-%20OFICINA%20-%20HISTORICO%20TECNICO/2026/04_Abril/2026-04-27_BM-44-OP_VR3EDYHT1RJ747006_manutencao_informacoes-manutencao.pdf,2026-04-27_VR3EDYHT1RJ747006_informacoes-manutencao_3.pdf,historico_tecnico_2026_v2,matricula inferida por VIN,Codex,2026-05-20 03:17:28,,,,,,,,,,,,,,,,,,,,,Dinâmica,,,,,,,,,,,,
validado,fafab33f2e3854c9_2026-04-27_VR3EDYHT1RJ747006_parametros-de-manutencao-recuperados-do-veiculo_2.pdf,sim,10,BM-44-OP,VR3EDYHT1RJ747006,,,2026-04-27,10:32:34,2026-04-27 10:32:34,PSA-DIAG/Stellantis,parametrizacao_manutencao,parametros de manutencao recuperados do veiculo,file:///C:/Users/andre/OneDrive%20-%20D'accord%20Invest%20-%20Servi%C3%A7os%20Partilhados%20SA/CARFAST%20-%20OFICINA%20-%20HISTORICO%20TECNICO/2026/04_Abril/2026-04-27_BM-44-OP_VR3EDYHT1RJ747006_parametrizacao_manutencao_parametros-de-manutencao-recuperados-do-veiculo.pdf,2026-04-27_VR3EDYHT1RJ747006_parametros-de-manutencao-recuperados-do-veiculo_2.pdf,historico_tecnico_2026_v2,matricula inferida por VIN,Codex,2026-05-20 03:17:28,,,,,,,,,,,,,,,,,,,,,Dinâmica,,,,,,,,,,,,
validado,848ed04d77fd9d0a_2026-04-27_VR3EDYHT1RJ747006_familia-n-calculador_3.pdf,sim,12,BM-44-OP,VR3EDYHT1RJ747006,,,2026-04-27,10:35:38,2026-04-27 10:35:38,PSA-DIAG/Stellantis,identificacao_telecarregamento,familia n calculador | codigos: U1F00 00,file:///C:/Users/andre/OneDrive%20-%20D'accord%20Invest%20-%20Servi%C3%A7os%20Partilhados%20SA/CARFAST%20-%20OFICINA%20-%20HISTORICO%20TECNICO/2026/04_Abril/2026-04-27_BM-44-OP_VR3EDYHT1RJ747006_identificacao_telecarregamento_familia-n-calculador_1.pdf,2026-04-27_VR3EDYHT1RJ747006_familia-n-calculador_3.pdf,historico_tecnico_2026_v2,matricula inferida por VIN,Codex,2026-05-20 03:17:28,,,,,,,,,,,,,,,,,,,,,,,,,,Sim,,U1F00 00,Sim,Permanente,Ausente,,Prioridade alta: diagnosticar defeitos permanentes/críticos
validado,07f5a04b9092c163_2026-04-27_VR3EDYHT1RJ747006_informacoes-manutencao_4.pdf,sim,14,BM-44-OP,VR3EDYHT1RJ747006,,,2026-04-27,10:40:28,2026-04-27 10:40:28,PSA-DIAG/Stellantis,manutencao,informacoes manutencao,file:///C:/Users/andre/OneDrive%20-%20D'accord%20Invest%20-%20Servi%C3%A7os%20Partilhados%20SA/CARFAST%20-%20OFICINA%20-%20HISTORICO%20TECNICO/2026/04_Abril/2026-04-27_BM-44-OP_VR3EDYHT1RJ747006_manutencao_informacoes-manutencao_1.pdf,2026-04-27_VR3EDYHT1RJ747006_informacoes-manutencao_4.pdf,historico_tecnico_2026_v2,matricula inferida por VIN,Codex,2026-05-20 03:17:28,,,,,,,,,,,,,,,,,,,,,Dinâmica,,,,,,,,,,,,
validado,48b4273d923b96b3_2026-04-27_VR3EDYHT1RJ747006_informacoes-lubrificacao-motor_3.pdf,sim,16,BM-44-OP,VR3EDYHT1RJ747006,,,2026-04-27,10:41:17,2026-04-27 10:41:17,PSA-DIAG/Stellantis,lubrificacao_motor,informacoes lubrificacao motor,file:///C:/Users/andre/OneDrive%20-%20D'accord%20Invest%20-%20Servi%C3%A7os%20Partilhados%20SA/CARFAST%20-%20OFICINA%20-%20HISTORICO%20TECNICO/2026/04_Abril/2026-04-27_BM-44-OP_VR3EDYHT1RJ747006_lubrificacao_motor_informacoes-lubrificacao-motor_1.pdf,2026-04-27_VR3EDYHT1RJ747006_informacoes-lubrificacao-motor_3.pdf,historico_tecnico_2026_v2,matricula inferida por VIN,Codex,2026-05-20 03:17:28,,,,,,,,,,,,,,,,,,,,,,,,,,,,,,,,,
validado,4a37d55486157381_2026-04-20_VR3EDYHT3RJ968624_relatorio-de-diagnostico-do-veiculo_2.pdf,sim,2,BQ-31-IP,VR3EDYHT3RJ968624,,,2026-04-20,,2026-04-20,Autel,leitura_defeitos,relatorio de diagnostico do veiculo,file:///C:/Users/andre/OneDrive%20-%20D'accord%20Invest%20-%20Servi%C3%A7os%20Partilhados%20SA/CARFAST%20-%20OFICINA%20-%20HISTORICO%20TECNICO/2026/04_Abril/2026-04-20_BQ-31-IP_VR3EDYHT3RJ968624_leitura_defeitos_relatorio-de-diagnostico-do-veiculo.pdf,2026-04-20_VR3EDYHT3RJ968624_relatorio-de-diagnostico-do-veiculo_2.pdf,historico_tecnico_2026_v2,matricula inferida por VIN,Codex,2026-05-20 03:17:28,,,,,,,,,,,,,,,,,,,,,,,,,,,,,,,,,
validado,4a37d55486157381_2026-04-20_VR3EDYHT3RJ968624_relatorio-de-diagnostico-do-veiculo_3.pdf,sim,3,BQ-31-IP,VR3EDYHT3RJ968624,,,2026-04-20,,2026-04-20,Autel,leitura_defeitos,relatorio de diagnostico do veiculo,file:///C:/Users/andre/OneDrive%20-%20D'accord%20Invest%20-%20Servi%C3%A7os%20Partilhados%20SA/CARFAST%20-%20OFICINA%20-%20HISTORICO%20TECNICO/2026/04_Abril/2026-04-20_BQ-31-IP_VR3EDYHT3RJ968624_leitura_defeitos_relatorio-de-diagnostico-do-veiculo.pdf,2026-04-20_VR3EDYHT3RJ968624_relatorio-de-diagnostico-do-veiculo_3.pdf,historico_tecnico_2026_v2,matricula inferida por VIN,Codex,2026-05-20 03:17:28,,,,,,,,,,,,,,,,,,,,,,,,,,,,,,,,,
validado,4a37d55486157381_2026-04-20_VR3EDYHT3RJ968624_relatorio-de-diagnostico-do-veiculo_4.pdf,sim,4,BQ-31-IP,VR3EDYHT3RJ968624,,,2026-04-20,,2026-04-20,Autel,leitura_defeitos,relatorio de diagnostico do veiculo,file:///C:/Users/andre/OneDrive%20-%20D'accord%20Invest%20-%20Servi%C3%A7os%20Partilhados%20SA/CARFAST%20-%20OFICINA%20-%20HISTORICO%20TECNICO/2026/04_Abril/2026-04-20_BQ-31-IP_VR3EDYHT3RJ968624_leitura_defeitos_relatorio-de-diagnostico-do-veiculo.pdf,2026-04-20_VR3EDYHT3RJ968624_relatorio-de-diagnostico-do-veiculo_4.pdf,historico_tecnico_2026_v2,matricula inferida por VIN,Codex,2026-05-20 03:17:28,,,,,,,,,,,,,,,,,,,,,,,,,,,,,,,,,
validado,fe9886ba34725b19_2026-04-20_VR3EDYHT3RJ968624_informacoes-lubrificacao-motor_3.pdf,sim,6,BQ-31-IP,VR3EDYHT3RJ968624,,,2026-04-20,,2026-04-20,Autel,lubrificacao_motor,informacoes lubrificacao motor,file:///C:/Users/andre/OneDrive%20-%20D'accord%20Invest%20-%20Servi%C3%A7os%20Partilhados%20SA/CARFAST%20-%20OFICINA%20-%20HISTORICO%20TECNICO/2026/04_Abril/2026-04-20_BQ-31-IP_VR3EDYHT3RJ968624_lubrificacao_motor_informacoes-lubrificacao-motor.pdf,2026-04-20_VR3EDYHT3RJ968624_informacoes-lubrificacao-motor_3.pdf,historico_tecnico_2026_v2,matricula inferida por VIN,Codex,2026-05-20 03:17:28,,,,,,,,,,,,,,,,,,,,,,,,,,,,,,,,,
validado,fe9886ba34725b19_2026-04-20_VR3EDYHT3RJ968624_informacoes-lubrificacao-motor_5.pdf,sim,7,BQ-31-IP,VR3EDYHT3RJ968624,,,2026-04-20,,2026-04-20,Autel,lubrificacao_motor,informacoes lubrificacao motor,file:///C:/Users/andre/OneDrive%20-%20D'accord%20Invest%20-%20Servi%C3%A7os%20Partilhados%20SA/CARFAST%20-%20OFICINA%20-%20HISTORICO%20TECNICO/2026/04_Abril/2026-04-20_BQ-31-IP_VR3EDYHT3RJ968624_lubrificacao_motor_informacoes-lubrificacao-motor.pdf,2026-04-20_VR3EDYHT3RJ968624_informacoes-lubrificacao-motor_5.pdf,historico_tecnico_2026_v2,matricula inferida por VIN,Codex,2026-05-20 03:17:28,,,,,,,,,,,,,,,,,,,,,,,,,,,,,,,,,
validado,fe9886ba34725b19_2026-04-20_VR3EDYHT3RJ968624_informacoes-lubrificacao-motor_7.pdf,sim,8,BQ-31-IP,VR3EDYHT3RJ968624,,,2026-04-20,,2026-04-20,Autel,lubrificacao_motor,informacoes lubrificacao motor,file:///C:/Users/andre/OneDrive%20-%20D'accord%20Invest%20-%20Servi%C3%A7os%20Partilhados%20SA/CARFAST%20-%20OFICINA%20-%20HISTORICO%20TECNICO/2026/04_Abril/2026-04-20_BQ-31-IP_VR3EDYHT3RJ968624_lubrificacao_motor_informacoes-lubrificacao-motor.pdf,2026-04-20_VR3EDYHT3RJ968624_informacoes-lubrificacao-motor_7.pdf,historico_tecnico_2026_v2,matricula inferida por VIN,Codex,2026-05-20 03:17:28,,,,,,,,,,,,,,,,,,,,,,,,,,,,,,,,,
validado,ea024ce57ccf244e_2026-04-20_VR3EDYHT3RJ968624_informacoes-de-manutencao_2.pdf,sim,10,BQ-31-IP,VR3EDYHT3RJ968624,,,2026-04-20,,2026-04-20,Autel,manutencao,informacoes de manutencao,file:///C:/Users/andre/OneDrive%20-%20D'accord%20Invest%20-%20Servi%C3%A7os%20Partilhados%20SA/CARFAST%20-%20OFICINA%20-%20HISTORICO%20TECNICO/2026/04_Abril/2026-04-20_BQ-31-IP_VR3EDYHT3RJ968624_manutencao_informacoes-de-manutencao.pdf,2026-04-20_VR3EDYHT3RJ968624_informacoes-de-manutencao_2.pdf,historico_tecnico_2026_v2,matricula inferida por VIN,Codex,2026-05-20 03:17:28,,,,,,,,,,,,,,,,,,,,,,,,,,,,,,,,,
validado,ea024ce57ccf244e_2026-04-20_VR3EDYHT3RJ968624_informacoes-de-manutencao_3.pdf,sim,11,BQ-31-IP,VR3EDYHT3RJ968624,,,2026-04-20,,2026-04-20,Autel,manutencao,informacoes de manutencao,file:///C:/Users/andre/OneDrive%20-%20D'accord%20Invest%20-%20Servi%C3%A7os%20Partilhados%20SA/CARFAST%20-%20OFICINA%20-%20HISTORICO%20TECNICO/2026/04_Abril/2026-04-20_BQ-31-IP_VR3EDYHT3RJ968624_manutencao_informacoes-de-manutencao.pdf,2026-04-20_VR3EDYHT3RJ968624_informacoes-de-manutencao_3.pdf,historico_tecnico_2026_v2,matricula inferida por VIN,Codex,2026-05-20 03:17:28,,,,,,,,,,,,,,,,,,,,,,,,,,,,,,,,,
validado,ea024ce57ccf244e_2026-04-20_VR3EDYHT3RJ968624_informacoes-de-manutencao_4.pdf,sim,12,BQ-31-IP,VR3EDYHT3RJ968624,,,2026-04-20,,2026-04-20,Autel,manutencao,informacoes de manutencao,file:///C:/Users/andre/OneDrive%20-%20D'accord%20Invest%20-%20Servi%C3%A7os%20Partilhados%20SA/CARFAST%20-%20OFICINA%20-%20HISTORICO%20TECNICO/2026/04_Abril/2026-04-20_BQ-31-IP_VR3EDYHT3RJ968624_manutencao_informacoes-de-manutencao.pdf,2026-04-20_VR3EDYHT3RJ968624_informacoes-de-manutencao_4.pdf,historico_tecnico_2026_v2,matricula inferida por VIN,Codex,2026-05-20 03:17:28,,,,,,,,,,,,,,,,,,,,,,,,,,,,,,,,,
validado,61ddea9d5a221eae_2026-04-20_VR3EDYHT3RJ968624_familia-n-calculador_2.pdf,sim,14,BQ-31-IP,VR3EDYHT3RJ968624,,,2026-04-20,14:15:58,2026-04-20 14:15:58,PSA-DIAG/Stellantis,identificacao_telecarregamento,familia n calculador | codigos: U1F05 12; U1F1A 08; P2A00 64; U1218 81; U1F03,file:///C:/Users/andre/OneDrive%20-%20D'accord%20Invest%20-%20Servi%C3%A7os%20Partilhados%20SA/CARFAST%20-%20OFICINA%20-%20HISTORICO%20TECNICO/2026/04_Abril/2026-04-20_BQ-31-IP_VR3EDYHT3RJ968624_identificacao_telecarregamento_familia-n-calculador.pdf,2026-04-20_VR3EDYHT3RJ968624_familia-n-calculador_2.pdf,historico_tecnico_2026_v2,matricula inferida por VIN,Codex,2026-05-20 03:17:28,,,,,,,,,,,,,,,,,,,,,,,,,,Sim,,U1F05 12; U1F1A 08; P2A00 64; U1218 81; U1F03,Sim,Permanente,do defeitoAmplitude do sinal demasiado fraco,,Prioridade alta: diagnosticar defeitos permanentes/críticos
validado,61ddea9d5a221eae_2026-04-20_VR3EDYHT3RJ968624_familia-n-calculador_3.pdf,sim,15,BQ-31-IP,VR3EDYHT3RJ968624,,,2026-04-20,14:15:58,2026-04-20 14:15:58,PSA-DIAG/Stellantis,identificacao_telecarregamento,familia n calculador | codigos: U1F05 12; U1F1A 08; P2A00 64; U1218 81; U1F03,file:///C:/Users/andre/OneDrive%20-%20D'accord%20Invest%20-%20Servi%C3%A7os%20Partilhados%20SA/CARFAST%20-%20OFICINA%20-%20HISTORICO%20TECNICO/2026/04_Abril/2026-04-20_BQ-31-IP_VR3EDYHT3RJ968624_identificacao_telecarregamento_familia-n-calculador.pdf,2026-04-20_VR3EDYHT3RJ968624_familia-n-calculador_3.pdf,historico_tecnico_2026_v2,matricula inferida por VIN,Codex,2026-05-20 03:17:28,,,,,,,,,,,,,,,,,,,,,,,,,,Sim,,U1F05 12; U1F1A 08; P2A00 64; U1218 81; U1F03,Sim,Permanente,do defeitoAmplitude do sinal demasiado fraco,,Prioridade alta: diagnosticar defeitos permanentes/críticos
validado,61ddea9d5a221eae_2026-04-20_VR3EDYHT3RJ968624_familia-n-calculador_4.pdf,sim,16,BQ-31-IP,VR3EDYHT3RJ968624,,,2026-04-20,14:15:58,2026-04-20 14:15:58,PSA-DIAG/Stellantis,identificacao_telecarregamento,familia n calculador | codigos: U1F05 12; U1F1A 08; P2A00 64; U1218 81; U1F03,file:///C:/Users/andre/OneDrive%20-%20D'accord%20Invest%20-%20Servi%C3%A7os%20Partilhados%20SA/CARFAST%20-%20OFICINA%20-%20HISTORICO%20TECNICO/2026/04_Abril/2026-04-20_BQ-31-IP_VR3EDYHT3RJ968624_identificacao_telecarregamento_familia-n-calculador.pdf,2026-04-20_VR3EDYHT3RJ968624_familia-n-calculador_4.pdf,historico_tecnico_2026_v2,matricula inferida por VIN,Codex,2026-05-20 03:17:28,,,,,,,,,,,,,,,,,,,,,,,,,,Sim,,U1F05 12; U1F1A 08; P2A00 64; U1218 81; U1F03,Sim,Permanente,do defeitoAmplitude do sinal demasiado fraco,,Prioridade alta: diagnosticar defeitos permanentes/críticos
validado,f44a1d1007c67dd8_2026-04-20_VR3EDYHT3RJ968624_informacoes-lubrificacao-motor_4.pdf,sim,18,BQ-31-IP,VR3EDYHT3RJ968624,,,2026-04-20,14:17:33,2026-04-20 14:17:33,PSA-DIAG/Stellantis,lubrificacao_motor,informacoes lubrificacao motor,file:///C:/Users/andre/OneDrive%20-%20D'accord%20Invest%20-%20Servi%C3%A7os%20Partilhados%20SA/CARFAST%20-%20OFICINA%20-%20HISTORICO%20TECNICO/2026/04_Abril/2026-04-20_BQ-31-IP_VR3EDYHT3RJ968624_lubrificacao_motor_informacoes-lubrificacao-motor_1.pdf,2026-04-20_VR3EDYHT3RJ968624_informacoes-lubrificacao-motor_4.pdf,historico_tecnico_2026_v2,matricula inferida por VIN,Codex,2026-05-20 03:17:28,,,,,,,,,,,,,,,,,,,,,,,15.688,,,,,,,,,,
validado,f44a1d1007c67dd8_2026-04-20_VR3EDYHT3RJ968624_informacoes-lubrificacao-motor_6.pdf,sim,19,BQ-31-IP,VR3EDYHT3RJ968624,,,2026-04-20,14:17:33,2026-04-20 14:17:33,PSA-DIAG/Stellantis,lubrificacao_motor,informacoes lubrificacao motor,file:///C:/Users/andre/OneDrive%20-%20D'accord%20Invest%20-%20Servi%C3%A7os%20Partilhados%20SA/CARFAST%20-%20OFICINA%20-%20HISTORICO%20TECNICO/2026/04_Abril/2026-04-20_BQ-31-IP_VR3EDYHT3RJ968624_lubrificacao_motor_informacoes-lubrificacao-motor_1.pdf,2026-04-20_VR3EDYHT3RJ968624_informacoes-lubrificacao-motor_6.pdf,historico_tecnico_2026_v2,matricula inferida por VIN,Codex,2026-05-20 03:17:28,,,,,,,,,,,,,,,,,,,,,,,15.688,,,,,,,,,,
validado,f44a1d1007c67dd8_2026-04-20_VR3EDYHT3RJ968624_informacoes-lubrificacao-motor_8.pdf,sim,20,BQ-31-IP,VR3EDYHT3RJ968624,,,2026-04-20,14:17:33,2026-04-20 14:17:33,PSA-DIAG/Stellantis,lubrificacao_motor,informacoes lubrificacao motor,file:///C:/Users/andre/OneDrive%20-%20D'accord%20Invest%20-%20Servi%C3%A7os%20Partilhados%20SA/CARFAST%20-%20OFICINA%20-%20HISTORICO%20TECNICO/2026/04_Abril/2026-04-20_BQ-31-IP_VR3EDYHT3RJ968624_lubrificacao_motor_informacoes-lubrificacao-motor_1.pdf,2026-04-20_VR3EDYHT3RJ968624_informacoes-lubrificacao-motor_8.pdf,historico_tecnico_2026_v2,matricula inferida por VIN,Codex,2026-05-20 03:17:28,,,,,,,,,,,,,,,,,,,,,,,15.688,,,,,,,,,,
validado,ac14d8f977467d45_2026-04-20_VR3EDYHT3RJ968624_identificacao_2.pdf,sim,22,BQ-31-IP,VR3EDYHT3RJ968624,,,2026-04-20,14:17:56,2026-04-20 14:17:56,PSA-DIAG/Stellantis,identificacao_telecarregamento,identificacao,file:///C:/Users/andre/OneDrive%20-%20D'accord%20Invest%20-%20Servi%C3%A7os%20Partilhados%20SA/CARFAST%20-%20OFICINA%20-%20HISTORICO%20TECNICO/2026/04_Abril/2026-04-20_BQ-31-IP_VR3EDYHT3RJ968624_identificacao_telecarregamento_identificacao.pdf,2026-04-20_VR3EDYHT3RJ968624_identificacao_2.pdf,historico_tecnico_2026_v2,matricula inferida por VIN,Codex,2026-05-20 03:17:28,,,255.255,144.06,,,,,,,,,,,,,,,,,,,,,,,,,,,,,
validado,ac14d8f977467d45_2026-04-20_VR3EDYHT3RJ968624_identificacao_3.pdf,sim,23,BQ-31-IP,VR3EDYHT3RJ968624,,,2026-04-20,14:17:56,2026-04-20 14:17:56,PSA-DIAG/Stellantis,identificacao_telecarregamento,identificacao,file:///C:/Users/andre/OneDrive%20-%20D'accord%20Invest%20-%20Servi%C3%A7os%20Partilhados%20SA/CARFAST%20-%20OFICINA%20-%20HISTORICO%20TECNICO/2026/04_Abril/2026-04-20_BQ-31-IP_VR3EDYHT3RJ968624_identificacao_telecarregamento_identificacao.pdf,2026-04-20_VR3EDYHT3RJ968624_identificacao_3.pdf,historico_tecnico_2026_v2,matricula inferida por VIN,Codex,2026-05-20 03:17:28,,,255.255,144.06,,,,,,,,,,,,,,,,,,,,,,,,,,,,,
validado,ac14d8f977467d45_2026-04-20_VR3EDYHT3RJ968624_identificacao_4.pdf,sim,24,BQ-31-IP,VR3EDYHT3RJ968624,,,2026-04-20,14:17:56,2026-04-20 14:17:56,PSA-DIAG/Stellantis,identificacao_telecarregamento,identificacao,file:///C:/Users/andre/OneDrive%20-%20D'accord%20Invest%20-%20Servi%C3%A7os%20Partilhados%20SA/CARFAST%20-%20OFICINA%20-%20HISTORICO%20TECNICO/2026/04_Abril/2026-04-20_BQ-31-IP_VR3EDYHT3RJ968624_identificacao_telecarregamento_identificacao.pdf,2026-04-20_VR3EDYHT3RJ968624_identificacao_4.pdf,historico_tecnico_2026_v2,matricula inferida por VIN,Codex,2026-05-20 03:17:28,,,255.255,144.06,,,,,,,,,,,,,,,,,,,,,,,,,,,,,
validado,88d3fabca295fa02_2026-04-20_VR3EDYHT3RJ968624_informacoes-manutencao_2.pdf,sim,26,BQ-31-IP,VR3EDYHT3RJ968624,,,2026-04-20,14:19:47,2026-04-20 14:19:47,PSA-DIAG/Stellantis,manutencao,informacoes manutencao,file:///C:/Users/andre/OneDrive%20-%20D'accord%20Invest%20-%20Servi%C3%A7os%20Partilhados%20SA/CARFAST%20-%20OFICINA%20-%20HISTORICO%20TECNICO/2026/04_Abril/2026-04-20_BQ-31-IP_VR3EDYHT3RJ968624_manutencao_informacoes-manutencao.pdf,2026-04-20_VR3EDYHT3RJ968624_informacoes-manutencao_2.pdf,historico_tecnico_2026_v2,matricula inferida por VIN,Codex,2026-05-20 03:17:28,,,,,,,,,,,,,,,,,,,,,Dinâmica,,,,,,,,,,,,
validado,88d3fabca295fa02_2026-04-20_VR3EDYHT3RJ968624_informacoes-manutencao_3.pdf,sim,27,BQ-31-IP,VR3EDYHT3RJ968624,,,2026-04-20,14:19:47,2026-04-20 14:19:47,PSA-DIAG/Stellantis,manutencao,informacoes manutencao,file:///C:/Users/andre/OneDrive%20-%20D'accord%20Invest%20-%20Servi%C3%A7os%20Partilhados%20SA/CARFAST%20-%20OFICINA%20-%20HISTORICO%20TECNICO/2026/04_Abril/2026-04-20_BQ-31-IP_VR3EDYHT3RJ968624_manutencao_informacoes-manutencao.pdf,2026-04-20_VR3EDYHT3RJ968624_informacoes-manutencao_3.pdf,historico_tecnico_2026_v2,matricula inferida por VIN,Codex,2026-05-20 03:17:28,,,,,,,,,,,,,,,,,,,,,Dinâmica,,,,,,,,,,,,
validado,88d3fabca295fa02_2026-04-20_VR3EDYHT3RJ968624_informacoes-manutencao_4.pdf,sim,28,BQ-31-IP,VR3EDYHT3RJ968624,,,2026-04-20,14:19:47,2026-04-20 14:19:47,PSA-DIAG/Stellantis,manutencao,informacoes manutencao,file:///C:/Users/andre/OneDrive%20-%20D'accord%20Invest%20-%20Servi%C3%A7os%20Partilhados%20SA/CARFAST%20-%20OFICINA%20-%20HISTORICO%20TECNICO/2026/04_Abril/2026-04-20_BQ-31-IP_VR3EDYHT3RJ968624_manutencao_informacoes-manutencao.pdf,2026-04-20_VR3EDYHT3RJ968624_informacoes-manutencao_4.pdf,historico_tecnico_2026_v2,matricula inferida por VIN,Codex,2026-05-20 03:17:28,,,,,,,,,,,,,,,,,,,,,Dinâmica,,,,,,,,,,,,
validado,e86d0419aad03724_2026-04-20_VR3EDYHT3RJ968624_dos-defeitos_15.pdf,sim,30,BQ-31-IP,VR3EDYHT3RJ968624,,,2026-04-20,14:21:51,2026-04-20 14:21:51,PSA-DIAG/Stellantis,leitura_defeitos,dos defeitos | codigos: B1537 16; B1418; U1F3B; B1717; P0562; B11F0; B1716; B1805; B1175; B1537 62; U1218; B1805 68,file:///C:/Users/andre/OneDrive%20-%20D'accord%20Invest%20-%20Servi%C3%A7os%20Partilhados%20SA/CARFAST%20-%20OFICINA%20-%20HISTORICO%20TECNICO/2026/04_Abril/2026-04-20_BQ-31-IP_VR3EDYHT3RJ968624_leitura_defeitos_dos-defeitos.pdf,2026-04-20_VR3EDYHT3RJ968624_dos-defeitos_15.pdf,historico_tecnico_2026_v2,matricula inferida por VIN,Codex,2026-05-20 03:17:28,,,local,,,,,,,,,,,,,,,,,,Dinâmica,,,,,Sim,,B1537 16; B1418; U1F3B; B1717; P0562; B11F0; B1716; B1805; B1175; B1537 62; U1218; B1805 68,Não,,,,Analisar códigos de defeito e confirmar recorrência
validado,e86d0419aad03724_2026-04-20_VR3EDYHT3RJ968624_dos-defeitos_3.pdf,sim,31,BQ-31-IP,VR3EDYHT3RJ968624,,,2026-04-20,14:21:51,2026-04-20 14:21:51,PSA-DIAG/Stellantis,leitura_defeitos,dos defeitos | codigos: B1537 16; B1418; U1F3B; B1717; P0562; B11F0; B1716; B1805; B1175; B1537 62; U1218; B1805 68,file:///C:/Users/andre/OneDrive%20-%20D'accord%20Invest%20-%20Servi%C3%A7os%20Partilhados%20SA/CARFAST%20-%20OFICINA%20-%20HISTORICO%20TECNICO/2026/04_Abril/2026-04-20_BQ-31-IP_VR3EDYHT3RJ968624_leitura_defeitos_dos-defeitos.pdf,2026-04-20_VR3EDYHT3RJ968624_dos-defeitos_3.pdf,historico_tecnico_2026_v2,matricula inferida por VIN,Codex,2026-05-20 03:17:28,,,local,,,,,,,,,,,,,,,,,,Dinâmica,,,,,Sim,,B1537 16; B1418; U1F3B; B1717; P0562; B11F0; B1716; B1805; B1175; B1537 62; U1218; B1805 68,Não,,,,Analisar códigos de defeito e confirmar recorrência
validado,e86d0419aad03724_2026-04-20_VR3EDYHT3RJ968624_dos-defeitos_7.pdf,sim,32,BQ-31-IP,VR3EDYHT3RJ968624,,,2026-04-20,14:21:51,2026-04-20 14:21:51,PSA-DIAG/Stellantis,leitura_defeitos,dos defeitos | codigos: B1537 16; B1418; U1F3B; B1717; P0562; B11F0; B1716; B1805; B1175; B1537 62; U1218; B1805 68,file:///C:/Users/andre/OneDrive%20-%20D'accord%20Invest%20-%20Servi%C3%A7os%20Partilhados%20SA/CARFAST%20-%20OFICINA%20-%20HISTORICO%20TECNICO/2026/04_Abril/2026-04-20_BQ-31-IP_VR3EDYHT3RJ968624_leitura_defeitos_dos-defeitos.pdf,2026-04-20_VR3EDYHT3RJ968624_dos-defeitos_7.pdf,historico_tecnico_2026_v2,matricula inferida por VIN,Codex,2026-05-20 03:17:28,,,local,,,,,,,,,,,,,,,,,,Dinâmica,,,,,Sim,,B1537 16; B1418; U1F3B; B1717; P0562; B11F0; B1716; B1805; B1175; B1537 62; U1218; B1805 68,Não,,,,Analisar códigos de defeito e confirmar recorrência
validado,4e724f2cdcc053a6_2026-04-20_VR3EDYHT3RJ968624_dos-defeitos_14.pdf,sim,34,BQ-31-IP,VR3EDYHT3RJ968624,,,2026-04-20,14:22:34,2026-04-20 14:22:34,PSA-DIAG/Stellantis,lubrificacao_motor,dos defeitos | codigos: B1865; B11F0; B1649; U1113; P0513; B1238 62; P119F 62; B1215 68; B1816 87; B120A; B1229 87; B120D 22,file:///C:/Users/andre/OneDrive%20-%20D'accord%20Invest%20-%20Servi%C3%A7os%20Partilhados%20SA/CARFAST%20-%20OFICINA%20-%20HISTORICO%20TECNICO/2026/04_Abril/2026-04-20_BQ-31-IP_VR3EDYHT3RJ968624_lubrificacao_motor_dos-defeitos.pdf,2026-04-20_VR3EDYHT3RJ968624_dos-defeitos_14.pdf,historico_tecnico_2026_v2,matricula inferida por VIN,Codex,2026-05-20 03:17:28,,,local,,,,,,,,,,,,,,,,,,Dinâmica,,,,,Sim,,B1865; B11F0; B1649; U1113; P0513; B1238 62; P119F 62; B1215 68; B1816 87; B120A; B1229 87; B120D 22,Sim,Permanente,,,Prioridade alta: diagnosticar defeitos permanentes/críticos
validado,4e724f2cdcc053a6_2026-04-20_VR3EDYHT3RJ968624_dos-defeitos_2.pdf,sim,35,BQ-31-IP,VR3EDYHT3RJ968624,,,2026-04-20,14:22:34,2026-04-20 14:22:34,PSA-DIAG/Stellantis,lubrificacao_motor,dos defeitos | codigos: B1865; B11F0; B1649; U1113; P0513; B1238 62; P119F 62; B1215 68; B1816 87; B120A; B1229 87; B120D 22,file:///C:/Users/andre/OneDrive%20-%20D'accord%20Invest%20-%20Servi%C3%A7os%20Partilhados%20SA/CARFAST%20-%20OFICINA%20-%20HISTORICO%20TECNICO/2026/04_Abril/2026-04-20_BQ-31-IP_VR3EDYHT3RJ968624_lubrificacao_motor_dos-defeitos.pdf,2026-04-20_VR3EDYHT3RJ968624_dos-defeitos_2.pdf,historico_tecnico_2026_v2,matricula inferida por VIN,Codex,2026-05-20 03:17:28,,,local,,,,,,,,,,,,,,,,,,Dinâmica,,,,,Sim,,B1865; B11F0; B1649; U1113; P0513; B1238 62; P119F 62; B1215 68; B1816 87; B120A; B1229 87; B120D 22,Sim,Permanente,,,Prioridade alta: diagnosticar defeitos permanentes/críticos
validado,4e724f2cdcc053a6_2026-04-20_VR3EDYHT3RJ968624_dos-defeitos_6.pdf,sim,36,BQ-31-IP,VR3EDYHT3RJ968624,,,2026-04-20,14:22:34,2026-04-20 14:22:34,PSA-DIAG/Stellantis,lubrificacao_motor,dos defeitos | codigos: B1865; B11F0; B1649; U1113; P0513; B1238 62; P119F 62; B1215 68; B1816 87; B120A; B1229 87; B120D 22,file:///C:/Users/andre/OneDrive%20-%20D'accord%20Invest%20-%20Servi%C3%A7os%20Partilhados%20SA/CARFAST%20-%20OFICINA%20-%20HISTORICO%20TECNICO/2026/04_Abril/2026-04-20_BQ-31-IP_VR3EDYHT3RJ968624_lubrificacao_motor_dos-defeitos.pdf,2026-04-20_VR3EDYHT3RJ968624_dos-defeitos_6.pdf,historico_tecnico_2026_v2,matricula inferida por VIN,Codex,2026-05-20 03:17:28,,,local,,,,,,,,,,,,,,,,,,Dinâmica,,,,,Sim,,B1865; B11F0; B1649; U1113; P0513; B1238 62; P119F 62; B1215 68; B1816 87; B120A; B1229 87; B120D 22,Sim,Permanente,,,Prioridade alta: diagnosticar defeitos permanentes/críticos
validado,383663d1a4b8c2a5_2026-04-20_VR3EDYHT3RJ968624_dos-defeitos_13.pdf,sim,38,BQ-31-IP,VR3EDYHT3RJ968624,,,2026-04-20,14:23:10,2026-04-20 14:23:10,PSA-DIAG/Stellantis,lubrificacao_motor,dos defeitos | codigos: B1865; B15EE; C1545; B173D; B16E2 68; B1715; B1215; B153E; B120D; B1673; B1019; U1F1A,file:///C:/Users/andre/OneDrive%20-%20D'accord%20Invest%20-%20Servi%C3%A7os%20Partilhados%20SA/CARFAST%20-%20OFICINA%20-%20HISTORICO%20TECNICO/2026/04_Abril/2026-04-20_BQ-31-IP_VR3EDYHT3RJ968624_lubrificacao_motor_dos-defeitos_1.pdf,2026-04-20_VR3EDYHT3RJ968624_dos-defeitos_13.pdf,historico_tecnico_2026_v2,matricula inferida por VIN,Codex,2026-05-20 03:17:28,,,local,,,,,,,,,,,,,,,,,,Dinâmica,,,,,Sim,,B1865; B15EE; C1545; B173D; B16E2 68; B1715; B1215; B153E; B120D; B1673; B1019; U1F1A,Sim,Permanente,,,Prioridade alta: diagnosticar defeitos permanentes/críticos
validado,383663d1a4b8c2a5_2026-04-20_VR3EDYHT3RJ968624_dos-defeitos_5.pdf,sim,39,BQ-31-IP,VR3EDYHT3RJ968624,,,2026-04-20,14:23:10,2026-04-20 14:23:10,PSA-DIAG/Stellantis,lubrificacao_motor,dos defeitos | codigos: B1865; B15EE; C1545; B173D; B16E2 68; B1715; B1215; B153E; B120D; B1673; B1019; U1F1A,file:///C:/Users/andre/OneDrive%20-%20D'accord%20Invest%20-%20Servi%C3%A7os%20Partilhados%20SA/CARFAST%20-%20OFICINA%20-%20HISTORICO%20TECNICO/2026/04_Abril/2026-04-20_BQ-31-IP_VR3EDYHT3RJ968624_lubrificacao_motor_dos-defeitos_1.pdf,2026-04-20_VR3EDYHT3RJ968624_dos-defeitos_5.pdf,historico_tecnico_2026_v2,matricula inferida por VIN,Codex,2026-05-20 03:17:28,,,local,,,,,,,,,,,,,,,,,,Dinâmica,,,,,Sim,,B1865; B15EE; C1545; B173D; B16E2 68; B1715; B1215; B153E; B120D; B1673; B1019; U1F1A,Sim,Permanente,,,Prioridade alta: diagnosticar defeitos permanentes/críticos
validado,383663d1a4b8c2a5_2026-04-20_VR3EDYHT3RJ968624_dos-defeitos_9.pdf,sim,40,BQ-31-IP,VR3EDYHT3RJ968624,,,2026-04-20,14:23:10,2026-04-20 14:23:10,PSA-DIAG/Stellantis,lubrificacao_motor,dos defeitos | codigos: B1865; B15EE; C1545; B173D; B16E2 68; B1715; B1215; B153E; B120D; B1673; B1019; U1F1A,file:///C:/Users/andre/OneDrive%20-%20D'accord%20Invest%20-%20Servi%C3%A7os%20Partilhados%20SA/CARFAST%20-%20OFICINA%20-%20HISTORICO%20TECNICO/2026/04_Abril/2026-04-20_BQ-31-IP_VR3EDYHT3RJ968624_lubrificacao_motor_dos-defeitos_1.pdf,2026-04-20_VR3EDYHT3RJ968624_dos-defeitos_9.pdf,historico_tecnico_2026_v2,matricula inferida por VIN,Codex,2026-05-20 03:17:28,,,local,,,,,,,,,,,,,,,,,,Dinâmica,,,,,Sim,,B1865; B15EE; C1545; B173D; B16E2 68; B1715; B1215; B153E; B120D; B1673; B1019; U1F1A,Sim,Permanente,,,Prioridade alta: diagnosticar defeitos permanentes/críticos
validado,c4fd7f2ca2fb58ba_2026-04-20_VR3EDYHT3RJ968624_dos-defeitos_16.pdf,sim,42,BQ-31-IP,VR3EDYHT3RJ968624,,,2026-04-20,14:23:36,2026-04-20 14:23:36,PSA-DIAG/Stellantis,leitura_defeitos,dos defeitos | codigos: B15EF; B15EE; B1542; U1EF5; U1F1A; B155B; U1118; B15ED,file:///C:/Users/andre/OneDrive%20-%20D'accord%20Invest%20-%20Servi%C3%A7os%20Partilhados%20SA/CARFAST%20-%20OFICINA%20-%20HISTORICO%20TECNICO/2026/04_Abril/2026-04-20_BQ-31-IP_VR3EDYHT3RJ968624_leitura_defeitos_dos-defeitos_1.pdf,2026-04-20_VR3EDYHT3RJ968624_dos-defeitos_16.pdf,historico_tecnico_2026_v2,matricula inferida por VIN,Codex,2026-05-20 03:17:28,,,,,,,,,,,,,,,,,,,,,,,,,,Sim,,B15EF; B15EE; B1542; U1EF5; U1F1A; B155B; U1118; B15ED,Não,,,,Analisar códigos de defeito e confirmar recorrência
validado,c4fd7f2ca2fb58ba_2026-04-20_VR3EDYHT3RJ968624_dos-defeitos_4.pdf,sim,43,BQ-31-IP,VR3EDYHT3RJ968624,,,2026-04-20,14:23:36,2026-04-20 14:23:36,PSA-DIAG/Stellantis,leitura_defeitos,dos defeitos | codigos: B15EF; B15EE; B1542; U1EF5; U1F1A; B155B; U1118; B15ED,file:///C:/Users/andre/OneDrive%20-%20D'accord%20Invest%20-%20Servi%C3%A7os%20Partilhados%20SA/CARFAST%20-%20OFICINA%20-%20HISTORICO%20TECNICO/2026/04_Abril/2026-04-20_BQ-31-IP_VR3EDYHT3RJ968624_leitura_defeitos_dos-defeitos_1.pdf,2026-04-20_VR3EDYHT3RJ968624_dos-defeitos_4.pdf,historico_tecnico_2026_v2,matricula inferida por VIN,Codex,2026-05-20 03:17:28,,,,,,,,,,,,,,,,,,,,,,,,,,Sim,,B15EF; B15EE; B1542; U1EF5; U1F1A; B155B; U1118; B15ED,Não,,,,Analisar códigos de defeito e confirmar recorrência
validado,c4fd7f2ca2fb58ba_2026-04-20_VR3EDYHT3RJ968624_dos-defeitos_8.pdf,sim,44,BQ-31-IP,VR3EDYHT3RJ968624,,,2026-04-20,14:23:36,2026-04-20 14:23:36,PSA-DIAG/Stellantis,leitura_defeitos,dos defeitos | codigos: B15EF; B15EE; B1542; U1EF5; U1F1A; B155B; U1118; B15ED,file:///C:/Users/andre/OneDrive%20-%20D'accord%20Invest%20-%20Servi%C3%A7os%20Partilhados%20SA/CARFAST%20-%20OFICINA%20-%20HISTORICO%20TECNICO/2026/04_Abril/2026-04-20_BQ-31-IP_VR3EDYHT3RJ968624_leitura_defeitos_dos-defeitos_1.pdf,2026-04-20_VR3EDYHT3RJ968624_dos-defeitos_8.pdf,historico_tecnico_2026_v2,matricula inferida por VIN,Codex,2026-05-20 03:17:28,,,,,,,,,,,,,,,,,,,,,,,,,,Sim,,B15EF; B15EE; B1542; U1EF5; U1F1A; B155B; U1118; B15ED,Não,,,,Analisar códigos de defeito e confirmar recorrência
validado,9b87fb96f4a6c19f_2026-04-22_VR3EDYHT3RJ968624_informacoes-manutencao_2.pdf,sim,2,BQ-31-IP,VR3EDYHT3RJ968624,,,2026-04-22,16:03:11,2026-04-22 16:03:11,PSA-DIAG/Stellantis,manutencao,informacoes manutencao,file:///C:/Users/andre/OneDrive%20-%20D'accord%20Invest%20-%20Servi%C3%A7os%20Partilhados%20SA/CARFAST%20-%20OFICINA%20-%20HISTORICO%20TECNICO/2026/04_Abril/2026-04-22_BQ-31-IP_VR3EDYHT3RJ968624_manutencao_informacoes-manutencao.pdf,2026-04-22_VR3EDYHT3RJ968624_informacoes-manutencao_2.pdf,historico_tecnico_2026_v2,matricula inferida por VIN,Codex,2026-05-20 03:17:28,,,,,,,,,,,,,,,,,,,,,Dinâmica,,,,,,,,,,,,
validado,9b87fb96f4a6c19f_2026-04-22_VR3EDYHT3RJ968624_informacoes-manutencao_3.pdf,sim,3,BQ-31-IP,VR3EDYHT3RJ968624,,,2026-04-22,16:03:11,2026-04-22 16:03:11,PSA-DIAG/Stellantis,manutencao,informacoes manutencao,file:///C:/Users/andre/OneDrive%20-%20D'accord%20Invest%20-%20Servi%C3%A7os%20Partilhados%20SA/CARFAST%20-%20OFICINA%20-%20HISTORICO%20TECNICO/2026/04_Abril/2026-04-22_BQ-31-IP_VR3EDYHT3RJ968624_manutencao_informacoes-manutencao.pdf,2026-04-22_VR3EDYHT3RJ968624_informacoes-manutencao_3.pdf,historico_tecnico_2026_v2,matricula inferida por VIN,Codex,2026-05-20 03:17:28,,,,,,,,,,,,,,,,,,,,,Dinâmica,,,,,,,,,,,,
validado,9b87fb96f4a6c19f_2026-04-22_VR3EDYHT3RJ968624_informacoes-manutencao_4.pdf,sim,4,BQ-31-IP,VR3EDYHT3RJ968624,,,2026-04-22,16:03:11,2026-04-22 16:03:11,PSA-DIAG/Stellantis,manutencao,informacoes manutencao,file:///C:/Users/andre/OneDrive%20-%20D'accord%20Invest%20-%20Servi%C3%A7os%20Partilhados%20SA/CARFAST%20-%20OFICINA%20-%20HISTORICO%20TECNICO/2026/04_Abril/2026-04-22_BQ-31-IP_VR3EDYHT3RJ968624_manutencao_informacoes-manutencao.pdf,2026-04-22_VR3EDYHT3RJ968624_informacoes-manutencao_4.pdf,historico_tecnico_2026_v2,matricula inferida por VIN,Codex,2026-05-20 03:17:28,,,,,,,,,,,,,,,,,,,,,Dinâmica,,,,,,,,,,,,
validado,fa7e0e13094447c9_2026-04-22_VR3EDYHT3RJ968624_familia-n-calculador_2.pdf,sim,6,BQ-31-IP,VR3EDYHT3RJ968624,,,2026-04-22,16:03:45,2026-04-22 16:03:45,PSA-DIAG/Stellantis,identificacao_telecarregamento,familia n calculador,file:///C:/Users/andre/OneDrive%20-%20D'accord%20Invest%20-%20Servi%C3%A7os%20Partilhados%20SA/CARFAST%20-%20OFICINA%20-%20HISTORICO%20TECNICO/2026/04_Abril/2026-04-22_BQ-31-IP_VR3EDYHT3RJ968624_identificacao_telecarregamento_familia-n-calculador.pdf,2026-04-22_VR3EDYHT3RJ968624_familia-n-calculador_2.pdf,historico_tecnico_2026_v2,matricula inferida por VIN,Codex,2026-05-20 03:17:28,,,,,,,,,,,,,,,,,,,,,,,,,,Sim,,,,Permanente,do defeitoNão caracterizado,,Analisar códigos de defeito e confirmar recorrência
validado,fa7e0e13094447c9_2026-04-22_VR3EDYHT3RJ968624_familia-n-calculador_3.pdf,sim,7,BQ-31-IP,VR3EDYHT3RJ968624,,,2026-04-22,16:03:45,2026-04-22 16:03:45,PSA-DIAG/Stellantis,identificacao_telecarregamento,familia n calculador,file:///C:/Users/andre/OneDrive%20-%20D'accord%20Invest%20-%20Servi%C3%A7os%20Partilhados%20SA/CARFAST%20-%20OFICINA%20-%20HISTORICO%20TECNICO/2026/04_Abril/2026-04-22_BQ-31-IP_VR3EDYHT3RJ968624_identificacao_telecarregamento_familia-n-calculador.pdf,2026-04-22_VR3EDYHT3RJ968624_familia-n-calculador_3.pdf,historico_tecnico_2026_v2,matricula inferida por VIN,Codex,2026-05-20 03:17:28,,,,,,,,,,,,,,,,,,,,,,,,,,Sim,,,,Permanente,do defeitoNão caracterizado,,Analisar códigos de defeito e confirmar recorrência
validado,fa7e0e13094447c9_2026-04-22_VR3EDYHT3RJ968624_familia-n-calculador_4.pdf,sim,8,BQ-31-IP,VR3EDYHT3RJ968624,,,2026-04-22,16:03:45,2026-04-22 16:03:45,PSA-DIAG/Stellantis,identificacao_telecarregamento,familia n calculador,file:///C:/Users/andre/OneDrive%20-%20D'accord%20Invest%20-%20Servi%C3%A7os%20Partilhados%20SA/CARFAST%20-%20OFICINA%20-%20HISTORICO%20TECNICO/2026/04_Abril/2026-04-22_BQ-31-IP_VR3EDYHT3RJ968624_identificacao_telecarregamento_familia-n-calculador.pdf,2026-04-22_VR3EDYHT3RJ968624_familia-n-calculador_4.pdf,historico_tecnico_2026_v2,matricula inferida por VIN,Codex,2026-05-20 03:17:28,,,,,,,,,,,,,,,,,,,,,,,,,,Sim,,,,Permanente,do defeitoNão caracterizado,,Analisar códigos de defeito e confirmar recorrência
validado,199b0e3b70987bd7_2026-04-15_VR3EDYHT4RJ752104_informacoes-lubrificacao-motor_2.pdf,sim,2,BN-36-MO,VR3EDYHT4RJ752104,,,2026-04-15,,2026-04-15,Autel,lubrificacao_motor,informacoes lubrificacao motor,file:///C:/Users/andre/OneDrive%20-%20D'accord%20Invest%20-%20Servi%C3%A7os%20Partilhados%20SA/CARFAST%20-%20OFICINA%20-%20HISTORICO%20TECNICO/2026/04_Abril/2026-04-15_BN-36-MO_VR3EDYHT4RJ752104_lubrificacao_motor_informacoes-lubrificacao-motor.pdf,2026-04-15_VR3EDYHT4RJ752104_informacoes-lubrificacao-motor_2.pdf,historico_tecnico_2026_v2,matricula inferida por VIN,Codex,2026-05-20 03:17:28,,,,,,,,,,,,,,,,,,,,,,,,,,,,,,,,,
validado,199b0e3b70987bd7_2026-04-15_VR3EDYHT4RJ752104_informacoes-lubrificacao-motor_3.pdf,sim,3,BN-36-MO,VR3EDYHT4RJ752104,,,2026-04-15,,2026-04-15,Autel,lubrificacao_motor,informacoes lubrificacao motor,file:///C:/Users/andre/OneDrive%20-%20D'accord%20Invest%20-%20Servi%C3%A7os%20Partilhados%20SA/CARFAST%20-%20OFICINA%20-%20HISTORICO%20TECNICO/2026/04_Abril/2026-04-15_BN-36-MO_VR3EDYHT4RJ752104_lubrificacao_motor_informacoes-lubrificacao-motor.pdf,2026-04-15_VR3EDYHT4RJ752104_informacoes-lubrificacao-motor_3.pdf,historico_tecnico_2026_v2,matricula inferida por VIN,Codex,2026-05-20 03:17:28,,,,,,,,,,,,,,,,,,,,,,,,,,,,,,,,,
validado,199b0e3b70987bd7_2026-04-15_VR3EDYHT4RJ752104_informacoes-lubrificacao-motor_4.pdf,sim,4,BN-36-MO,VR3EDYHT4RJ752104,,,2026-04-15,,2026-04-15,Autel,lubrificacao_motor,informacoes lubrificacao motor,file:///C:/Users/andre/OneDrive%20-%20D'accord%20Invest%20-%20Servi%C3%A7os%20Partilhados%20SA/CARFAST%20-%20OFICINA%20-%20HISTORICO%20TECNICO/2026/04_Abril/2026-04-15_BN-36-MO_VR3EDYHT4RJ752104_lubrificacao_motor_informacoes-lubrificacao-motor.pdf,2026-04-15_VR3EDYHT4RJ752104_informacoes-lubrificacao-motor_4.pdf,historico_tecnico_2026_v2,matricula inferida por VIN,Codex,2026-05-20 03:17:28,,,,,,,,,,,,,,,,,,,,,,,,,,,,,,,,,
validado,16161f93ba0c3a10_2026-04-15_VR3EDYHT4RJ752104_informacoes-de-manutencao_2.pdf,sim,6,BN-36-MO,VR3EDYHT4RJ752104,,,2026-04-15,,2026-04-15,Autel,manutencao,informacoes de manutencao,file:///C:/Users/andre/OneDrive%20-%20D'accord%20Invest%20-%20Servi%C3%A7os%20Partilhados%20SA/CARFAST%20-%20OFICINA%20-%20HISTORICO%20TECNICO/2026/04_Abril/2026-04-15_BN-36-MO_VR3EDYHT4RJ752104_manutencao_informacoes-de-manutencao.pdf,2026-04-15_VR3EDYHT4RJ752104_informacoes-de-manutencao_2.pdf,historico_tecnico_2026_v2,matricula inferida por VIN,Codex,2026-05-20 03:17:28,,,,,,,,,,,,,,,,,,,,,,,,,,,,,,,,,
validado,2010c788ff7537cb_2026-04-15_VR3EDYHT4RJ752104_identificacao_2.pdf,sim,8,BN-36-MO,VR3EDYHT4RJ752104,,,2026-04-15,15:18:09,2026-04-15 15:18:09,PSA-DIAG/Stellantis,identificacao_telecarregamento,identificacao,file:///C:/Users/andre/OneDrive%20-%20D'accord%20Invest%20-%20Servi%C3%A7os%20Partilhados%20SA/CARFAST%20-%20OFICINA%20-%20HISTORICO%20TECNICO/2026/04_Abril/2026-04-15_BN-36-MO_VR3EDYHT4RJ752104_identificacao_telecarregamento_identificacao.pdf,2026-04-15_VR3EDYHT4RJ752104_identificacao_2.pdf,historico_tecnico_2026_v2,matricula inferida por VIN,Codex,2026-05-20 03:17:28,,,255.255,144.06,,,,,,,,,,,,,,,,,,,,,,,,,,,,,
validado,47777fdd6b059586_2026-04-15_VR3EDYHT4RJ752104_de-defeitos_2.pdf,sim,10,BN-36-MO,VR3EDYHT4RJ752104,,,2026-04-15,15:19:05,2026-04-15 15:19:05,PSA-DIAG/Stellantis,leitura_defeitos,de defeitos | codigos: U1213; P119F; P203F; P24D1; U1218,file:///C:/Users/andre/OneDrive%20-%20D'accord%20Invest%20-%20Servi%C3%A7os%20Partilhados%20SA/CARFAST%20-%20OFICINA%20-%20HISTORICO%20TECNICO/2026/04_Abril/2026-04-15_BN-36-MO_VR3EDYHT4RJ752104_leitura_defeitos_de-defeitos.pdf,2026-04-15_VR3EDYHT4RJ752104_de-defeitos_2.pdf,historico_tecnico_2026_v2,matricula inferida por VIN,Codex,2026-05-20 03:17:28,,,,,,,,,,,,,,,,,,,,,,,,,,Sim,,U1213; P119F; P203F; P24D1; U1218,Sim,Permanente,do defeitoDesempenho ou operação não conforme,,Prioridade alta: diagnosticar defeitos permanentes/críticos
validado,d76785574895ec55_2026-04-17_VR3EDYHT4RJ752104_informacoes-lubrificacao-motor_2.pdf,sim,3,BN-36-MO,VR3EDYHT4RJ752104,,,2026-04-17,,2026-04-17,Autel,lubrificacao_motor,informacoes lubrificacao motor,file:///C:/Users/andre/OneDrive%20-%20D'accord%20Invest%20-%20Servi%C3%A7os%20Partilhados%20SA/CARFAST%20-%20OFICINA%20-%20HISTORICO%20TECNICO/2026/04_Abril/2026-04-17_BN-36-MO_VR3EDYHT4RJ752104_lubrificacao_motor_informacoes-lubrificacao-motor.pdf,2026-04-17_VR3EDYHT4RJ752104_informacoes-lubrificacao-motor_2.pdf,historico_tecnico_2026_v2,matricula inferida por VIN,Codex,2026-05-20 03:17:28,,,,,,,,,,,,,,,,,,,,,,,,,,,,,,,,,
validado,19c4fa013c8a431b_2026-04-17_VR3EDYHT4RJ752104_informacoes-de-manutencao_2.pdf,sim,5,BN-36-MO,VR3EDYHT4RJ752104,,,2026-04-17,,2026-04-17,Autel,manutencao,informacoes de manutencao,file:///C:/Users/andre/OneDrive%20-%20D'accord%20Invest%20-%20Servi%C3%A7os%20Partilhados%20SA/CARFAST%20-%20OFICINA%20-%20HISTORICO%20TECNICO/2026/04_Abril/2026-04-17_BN-36-MO_VR3EDYHT4RJ752104_manutencao_informacoes-de-manutencao.pdf,2026-04-17_VR3EDYHT4RJ752104_informacoes-de-manutencao_2.pdf,historico_tecnico_2026_v2,matricula inferida por VIN,Codex,2026-05-20 03:17:28,,,,,,,,,,,,,,,,,,,,,,,,,,,,,,,,,
validado,f6c27e5c1a329bc9_2026-04-27_VR3EDYHT4RN555295_familia-n-calculador_2.pdf,sim,2,BN-91-MN,VR3EDYHT4RN555295,,,2026-04-27,17:18:53,2026-04-27 17:18:53,PSA-DIAG/Stellantis,lubrificacao_motor,familia n calculador | codigos: U1F00 00; U1F00; U1213 81; U1F05 12; P119F 22; B1002; U1F1A 08; P16D6 22; B1472 00; U1F03 87; U1218 81,file:///C:/Users/andre/OneDrive%20-%20D'accord%20Invest%20-%20Servi%C3%A7os%20Partilhados%20SA/CARFAST%20-%20OFICINA%20-%20HISTORICO%20TECNICO/2026/04_Abril/2026-04-27_BN-91-MN_VR3EDYHT4RN555295_lubrificacao_motor_familia-n-calculador.pdf,2026-04-27_VR3EDYHT4RN555295_familia-n-calculador_2.pdf,historico_tecnico_2026_v2,matricula inferida por VIN,Codex,2026-05-20 03:17:28,,,,,,,,,,,,,,,,,,,,,,,,,,Sim,,U1F00 00; U1F00; U1213 81; U1F05 12; P119F 22; B1002; U1F1A 08; P16D6 22; B1472 00; U1F03 87; U1218 81,Sim,Permanente,Circuito aberto ou curto-circuito ao máximo,,Prioridade alta: diagnosticar defeitos permanentes/críticos
validado,f6c27e5c1a329bc9_2026-04-27_VR3EDYHT4RN555295_familia-n-calculador_3.pdf,sim,3,BN-91-MN,VR3EDYHT4RN555295,,,2026-04-27,17:18:53,2026-04-27 17:18:53,PSA-DIAG/Stellantis,lubrificacao_motor,familia n calculador | codigos: U1F00 00; U1F00; U1213 81; U1F05 12; P119F 22; B1002; U1F1A 08; P16D6 22; B1472 00; U1F03 87; U1218 81,file:///C:/Users/andre/OneDrive%20-%20D'accord%20Invest%20-%20Servi%C3%A7os%20Partilhados%20SA/CARFAST%20-%20OFICINA%20-%20HISTORICO%20TECNICO/2026/04_Abril/2026-04-27_BN-91-MN_VR3EDYHT4RN555295_lubrificacao_motor_familia-n-calculador.pdf,2026-04-27_VR3EDYHT4RN555295_familia-n-calculador_3.pdf,historico_tecnico_2026_v2,matricula inferida por VIN,Codex,2026-05-20 03:17:28,,,,,,,,,,,,,,,,,,,,,,,,,,Sim,,U1F00 00; U1F00; U1213 81; U1F05 12; P119F 22; B1002; U1F1A 08; P16D6 22; B1472 00; U1F03 87; U1218 81,Sim,Permanente,Circuito aberto ou curto-circuito ao máximo,,Prioridade alta: diagnosticar defeitos permanentes/críticos
validado,f6c27e5c1a329bc9_2026-04-27_VR3EDYHT4RN555295_familia-n-calculador_4.pdf,sim,4,BN-91-MN,VR3EDYHT4RN555295,,,2026-04-27,17:18:53,2026-04-27 17:18:53,PSA-DIAG/Stellantis,lubrificacao_motor,familia n calculador | codigos: U1F00 00; U1F00; U1213 81; U1F05 12; P119F 22; B1002; U1F1A 08; P16D6 22; B1472 00; U1F03 87; U1218 81,file:///C:/Users/andre/OneDrive%20-%20D'accord%20Invest%20-%20Servi%C3%A7os%20Partilhados%20SA/CARFAST%20-%20OFICINA%20-%20HISTORICO%20TECNICO/2026/04_Abril/2026-04-27_BN-91-MN_VR3EDYHT4RN555295_lubrificacao_motor_familia-n-calculador.pdf,2026-04-27_VR3EDYHT4RN555295_familia-n-calculador_4.pdf,historico_tecnico_2026_v2,matricula inferida por VIN,Codex,2026-05-20 03:17:28,,,,,,,,,,,,,,,,,,,,,,,,,,Sim,,U1F00 00; U1F00; U1213 81; U1F05 12; P119F 22; B1002; U1F1A 08; P16D6 22; B1472 00; U1F03 87; U1218 81,Sim,Permanente,Circuito aberto ou curto-circuito ao máximo,,Prioridade alta: diagnosticar defeitos permanentes/críticos
validado,f9e1b637ec9d6c03_2026-04-27_VR3EDYHT4RN555295_de-defeitos_2.pdf,sim,6,BN-91-MN,VR3EDYHT4RN555295,,,2026-04-27,17:21:42,2026-04-27 17:21:42,PSA-DIAG/Stellantis,lubrificacao_motor,de defeitos | codigos: P16D6; P119F; U1218,file:///C:/Users/andre/OneDrive%20-%20D'accord%20Invest%20-%20Servi%C3%A7os%20Partilhados%20SA/CARFAST%20-%20OFICINA%20-%20HISTORICO%20TECNICO/2026/04_Abril/2026-04-27_BN-91-MN_VR3EDYHT4RN555295_lubrificacao_motor_de-defeitos.pdf,2026-04-27_VR3EDYHT4RN555295_de-defeitos_2.pdf,historico_tecnico_2026_v2,matricula inferida por VIN,Codex,2026-05-20 03:17:28,,,,,,,,,,,,,,,,,,,,,,,,,,Sim,,P16D6; P119F; U1218,Sim,Permanente,do defeitoFornecido recebido inválido,,Prioridade alta: diagnosticar defeitos permanentes/críticos
validado,f9e1b637ec9d6c03_2026-04-27_VR3EDYHT4RN555295_de-defeitos_3.pdf,sim,7,BN-91-MN,VR3EDYHT4RN555295,,,2026-04-27,17:21:42,2026-04-27 17:21:42,PSA-DIAG/Stellantis,lubrificacao_motor,de defeitos | codigos: P16D6; P119F; U1218,file:///C:/Users/andre/OneDrive%20-%20D'accord%20Invest%20-%20Servi%C3%A7os%20Partilhados%20SA/CARFAST%20-%20OFICINA%20-%20HISTORICO%20TECNICO/2026/04_Abril/2026-04-27_BN-91-MN_VR3EDYHT4RN555295_lubrificacao_motor_de-defeitos.pdf,2026-04-27_VR3EDYHT4RN555295_de-defeitos_3.pdf,historico_tecnico_2026_v2,matricula inferida por VIN,Codex,2026-05-20 03:17:28,,,,,,,,,,,,,,,,,,,,,,,,,,Sim,,P16D6; P119F; U1218,Sim,Permanente,do defeitoFornecido recebido inválido,,Prioridade alta: diagnosticar defeitos permanentes/críticos
validado,f9e1b637ec9d6c03_2026-04-27_VR3EDYHT4RN555295_de-defeitos_4.pdf,sim,8,BN-91-MN,VR3EDYHT4RN555295,,,2026-04-27,17:21:42,2026-04-27 17:21:42,PSA-DIAG/Stellantis,lubrificacao_motor,de defeitos | codigos: P16D6; P119F; U1218,file:///C:/Users/andre/OneDrive%20-%20D'accord%20Invest%20-%20Servi%C3%A7os%20Partilhados%20SA/CARFAST%20-%20OFICINA%20-%20HISTORICO%20TECNICO/2026/04_Abril/2026-04-27_BN-91-MN_VR3EDYHT4RN555295_lubrificacao_motor_de-defeitos.pdf,2026-04-27_VR3EDYHT4RN555295_de-defeitos_4.pdf,historico_tecnico_2026_v2,matricula inferida por VIN,Codex,2026-05-20 03:17:28,,,,,,,,,,,,,,,,,,,,,,,,,,Sim,,P16D6; P119F; U1218,Sim,Permanente,do defeitoFornecido recebido inválido,,Prioridade alta: diagnosticar defeitos permanentes/críticos
validado,743dd3480844a5a7_2026-04-27_VR3EDYHT4RN555295_informacoes-lubrificacao-motor_2.pdf,sim,10,BN-91-MN,VR3EDYHT4RN555295,,,2026-04-27,17:23:50,2026-04-27 17:23:50,PSA-DIAG/Stellantis,lubrificacao_motor,informacoes lubrificacao motor,file:///C:/Users/andre/OneDrive%20-%20D'accord%20Invest%20-%20Servi%C3%A7os%20Partilhados%20SA/CARFAST%20-%20OFICINA%20-%20HISTORICO%20TECNICO/2026/04_Abril/2026-04-27_BN-91-MN_VR3EDYHT4RN555295_lubrificacao_motor_informacoes-lubrificacao-motor.pdf,2026-04-27_VR3EDYHT4RN555295_informacoes-lubrificacao-motor_2.pdf,historico_tecnico_2026_v2,matricula inferida por VIN,Codex,2026-05-20 03:17:28,,,,,,,,,,,,,,,,,,,,,,,20.688,,,,,,,,,,
validado,743dd3480844a5a7_2026-04-27_VR3EDYHT4RN555295_informacoes-lubrificacao-motor_3.pdf,sim,11,BN-91-MN,VR3EDYHT4RN555295,,,2026-04-27,17:23:50,2026-04-27 17:23:50,PSA-DIAG/Stellantis,lubrificacao_motor,informacoes lubrificacao motor,file:///C:/Users/andre/OneDrive%20-%20D'accord%20Invest%20-%20Servi%C3%A7os%20Partilhados%20SA/CARFAST%20-%20OFICINA%20-%20HISTORICO%20TECNICO/2026/04_Abril/2026-04-27_BN-91-MN_VR3EDYHT4RN555295_lubrificacao_motor_informacoes-lubrificacao-motor.pdf,2026-04-27_VR3EDYHT4RN555295_informacoes-lubrificacao-motor_3.pdf,historico_tecnico_2026_v2,matricula inferida por VIN,Codex,2026-05-20 03:17:28,,,,,,,,,,,,,,,,,,,,,,,20.688,,,,,,,,,,
validado,743dd3480844a5a7_2026-04-27_VR3EDYHT4RN555295_informacoes-lubrificacao-motor_4.pdf,sim,12,BN-91-MN,VR3EDYHT4RN555295,,,2026-04-27,17:23:50,2026-04-27 17:23:50,PSA-DIAG/Stellantis,lubrificacao_motor,informacoes lubrificacao motor,file:///C:/Users/andre/OneDrive%20-%20D'accord%20Invest%20-%20Servi%C3%A7os%20Partilhados%20SA/CARFAST%20-%20OFICINA%20-%20HISTORICO%20TECNICO/2026/04_Abril/2026-04-27_BN-91-MN_VR3EDYHT4RN555295_lubrificacao_motor_informacoes-lubrificacao-motor.pdf,2026-04-27_VR3EDYHT4RN555295_informacoes-lubrificacao-motor_4.pdf,historico_tecnico_2026_v2,matricula inferida por VIN,Codex,2026-05-20 03:17:28,,,,,,,,,,,,,,,,,,,,,,,20.688,,,,,,,,,,
validado,94341a04e4db9029_2026-04-27_VR3EDYHT4RN555295_informacoes-manutencao_2.pdf,sim,14,BN-91-MN,VR3EDYHT4RN555295,,,2026-04-27,17:32:51,2026-04-27 17:32:51,PSA-DIAG/Stellantis,manutencao,informacoes manutencao,file:///C:/Users/andre/OneDrive%20-%20D'accord%20Invest%20-%20Servi%C3%A7os%20Partilhados%20SA/CARFAST%20-%20OFICINA%20-%20HISTORICO%20TECNICO/2026/04_Abril/2026-04-27_BN-91-MN_VR3EDYHT4RN555295_manutencao_informacoes-manutencao.pdf,2026-04-27_VR3EDYHT4RN555295_informacoes-manutencao_2.pdf,historico_tecnico_2026_v2,matricula inferida por VIN,Codex,2026-05-20 03:17:28,,,,,,,,,,,,,,,,,,,,,Dinâmica,,,,,,,,,,,,
validado,94341a04e4db9029_2026-04-27_VR3EDYHT4RN555295_informacoes-manutencao_3.pdf,sim,15,BN-91-MN,VR3EDYHT4RN555295,,,2026-04-27,17:32:51,2026-04-27 17:32:51,PSA-DIAG/Stellantis,manutencao,informacoes manutencao,file:///C:/Users/andre/OneDrive%20-%20D'accord%20Invest%20-%20Servi%C3%A7os%20Partilhados%20SA/CARFAST%20-%20OFICINA%20-%20HISTORICO%20TECNICO/2026/04_Abril/2026-04-27_BN-91-MN_VR3EDYHT4RN555295_manutencao_informacoes-manutencao.pdf,2026-04-27_VR3EDYHT4RN555295_informacoes-manutencao_3.pdf,historico_tecnico_2026_v2,matricula inferida por VIN,Codex,2026-05-20 03:17:28,,,,,,,,,,,,,,,,,,,,,Dinâmica,,,,,,,,,,,,
validado,94341a04e4db9029_2026-04-27_VR3EDYHT4RN555295_informacoes-manutencao_4.pdf,sim,16,BN-91-MN,VR3EDYHT4RN555295,,,2026-04-27,17:32:51,2026-04-27 17:32:51,PSA-DIAG/Stellantis,manutencao,informacoes manutencao,file:///C:/Users/andre/OneDrive%20-%20D'accord%20Invest%20-%20Servi%C3%A7os%20Partilhados%20SA/CARFAST%20-%20OFICINA%20-%20HISTORICO%20TECNICO/2026/04_Abril/2026-04-27_BN-91-MN_VR3EDYHT4RN555295_manutencao_informacoes-manutencao.pdf,2026-04-27_VR3EDYHT4RN555295_informacoes-manutencao_4.pdf,historico_tecnico_2026_v2,matricula inferida por VIN,Codex,2026-05-20 03:17:28,,,,,,,,,,,,,,,,,,,,,Dinâmica,,,,,,,,,,,,
validado,a6f86a158de25878_2026-04-27_VR3EDYHT4RN555295_identificacao_2.pdf,sim,18,BN-91-MN,VR3EDYHT4RN555295,,,2026-04-27,17:34:53,2026-04-27 17:34:53,PSA-DIAG/Stellantis,identificacao_telecarregamento,identificacao,file:///C:/Users/andre/OneDrive%20-%20D'accord%20Invest%20-%20Servi%C3%A7os%20Partilhados%20SA/CARFAST%20-%20OFICINA%20-%20HISTORICO%20TECNICO/2026/04_Abril/2026-04-27_BN-91-MN_VR3EDYHT4RN555295_identificacao_telecarregamento_identificacao.pdf,2026-04-27_VR3EDYHT4RN555295_identificacao_2.pdf,historico_tecnico_2026_v2,matricula inferida por VIN,Codex,2026-05-20 03:17:28,,,255.255,144.06,,,,,,,,,,,,,,,,,,,,,,,,,,,,,
validado,a6f86a158de25878_2026-04-27_VR3EDYHT4RN555295_identificacao_3.pdf,sim,19,BN-91-MN,VR3EDYHT4RN555295,,,2026-04-27,17:34:53,2026-04-27 17:34:53,PSA-DIAG/Stellantis,identificacao_telecarregamento,identificacao,file:///C:/Users/andre/OneDrive%20-%20D'accord%20Invest%20-%20Servi%C3%A7os%20Partilhados%20SA/CARFAST%20-%20OFICINA%20-%20HISTORICO%20TECNICO/2026/04_Abril/2026-04-27_BN-91-MN_VR3EDYHT4RN555295_identificacao_telecarregamento_identificacao.pdf,2026-04-27_VR3EDYHT4RN555295_identificacao_3.pdf,historico_tecnico_2026_v2,matricula inferida por VIN,Codex,2026-05-20 03:17:28,,,255.255,144.06,,,,,,,,,,,,,,,,,,,,,,,,,,,,,
validado,4c6d5959079ac63e_2026-04-27_VR3EDYHT4RN555295_parametros-de-manutencao-recuperados-do-veiculo_2.pdf,sim,21,BN-91-MN,VR3EDYHT4RN555295,,,2026-04-27,17:36:14,2026-04-27 17:36:14,PSA-DIAG/Stellantis,parametrizacao_manutencao,parametros de manutencao recuperados do veiculo,file:///C:/Users/andre/OneDrive%20-%20D'accord%20Invest%20-%20Servi%C3%A7os%20Partilhados%20SA/CARFAST%20-%20OFICINA%20-%20HISTORICO%20TECNICO/2026/04_Abril/2026-04-27_BN-91-MN_VR3EDYHT4RN555295_parametrizacao_manutencao_parametros-de-manutencao-recuperados-do-veiculo.pdf,2026-04-27_VR3EDYHT4RN555295_parametros-de-manutencao-recuperados-do-veiculo_2.pdf,historico_tecnico_2026_v2,matricula inferida por VIN,Codex,2026-05-20 03:17:28,,,,,,,,,,,,,,,,,,,,,Dinâmica,,,,,,,,,,,,
validado,4c6d5959079ac63e_2026-04-27_VR3EDYHT4RN555295_parametros-de-manutencao-recuperados-do-veiculo_3.pdf,sim,22,BN-91-MN,VR3EDYHT4RN555295,,,2026-04-27,17:36:14,2026-04-27 17:36:14,PSA-DIAG/Stellantis,parametrizacao_manutencao,parametros de manutencao recuperados do veiculo,file:///C:/Users/andre/OneDrive%20-%20D'accord%20Invest%20-%20Servi%C3%A7os%20Partilhados%20SA/CARFAST%20-%20OFICINA%20-%20HISTORICO%20TECNICO/2026/04_Abril/2026-04-27_BN-91-MN_VR3EDYHT4RN555295_parametrizacao_manutencao_parametros-de-manutencao-recuperados-do-veiculo.pdf,2026-04-27_VR3EDYHT4RN555295_parametros-de-manutencao-recuperados-do-veiculo_3.pdf,historico_tecnico_2026_v2,matricula inferida por VIN,Codex,2026-05-20 03:17:28,,,,,,,,,,,,,,,,,,,,,Dinâmica,,,,,,,,,,,,
validado,98c50e7ed2d239f2_2026-04-27_VR3EDYHT4RN555295_dos-defeitos_2.pdf,sim,24,BN-91-MN,VR3EDYHT4RN555295,,,2026-04-27,17:41:03,2026-04-27 17:41:03,PSA-DIAG/Stellantis,lubrificacao_motor,dos defeitos | codigos: B1717; P16D6; U1F00 04; U053B; B16E2; B1472 81; U1F00; B1717 04; B16E2 62; B1472; B171E 00; B1805,file:///C:/Users/andre/OneDrive%20-%20D'accord%20Invest%20-%20Servi%C3%A7os%20Partilhados%20SA/CARFAST%20-%20OFICINA%20-%20HISTORICO%20TECNICO/2026/04_Abril/2026-04-27_BN-91-MN_VR3EDYHT4RN555295_lubrificacao_motor_dos-defeitos.pdf,2026-04-27_VR3EDYHT4RN555295_dos-defeitos_2.pdf,historico_tecnico_2026_v2,matricula inferida por VIN,Codex,2026-05-20 03:17:28,,,,,,,,,,,,,,,,,,,,,Dinâmica,,,,,Sim,,B1717; P16D6; U1F00 04; U053B; B16E2; B1472 81; U1F00; B1717 04; B16E2 62; B1472; B171E 00; B1805,Não,,,,Analisar códigos de defeito e confirmar recorrência
validado,98c50e7ed2d239f2_2026-04-27_VR3EDYHT4RN555295_dos-defeitos_3.pdf,sim,25,BN-91-MN,VR3EDYHT4RN555295,,,2026-04-27,17:41:03,2026-04-27 17:41:03,PSA-DIAG/Stellantis,lubrificacao_motor,dos defeitos | codigos: B1717; P16D6; U1F00 04; U053B; B16E2; B1472 81; U1F00; B1717 04; B16E2 62; B1472; B171E 00; B1805,file:///C:/Users/andre/OneDrive%20-%20D'accord%20Invest%20-%20Servi%C3%A7os%20Partilhados%20SA/CARFAST%20-%20OFICINA%20-%20HISTORICO%20TECNICO/2026/04_Abril/2026-04-27_BN-91-MN_VR3EDYHT4RN555295_lubrificacao_motor_dos-defeitos.pdf,2026-04-27_VR3EDYHT4RN555295_dos-defeitos_3.pdf,historico_tecnico_2026_v2,matricula inferida por VIN,Codex,2026-05-20 03:17:28,,,,,,,,,,,,,,,,,,,,,Dinâmica,,,,,Sim,,B1717; P16D6; U1F00 04; U053B; B16E2; B1472 81; U1F00; B1717 04; B16E2 62; B1472; B171E 00; B1805,Não,,,,Analisar códigos de defeito e confirmar recorrência
validado,98c50e7ed2d239f2_2026-04-27_VR3EDYHT4RN555295_dos-defeitos_4.pdf,sim,26,BN-91-MN,VR3EDYHT4RN555295,,,2026-04-27,17:41:03,2026-04-27 17:41:03,PSA-DIAG/Stellantis,lubrificacao_motor,dos defeitos | codigos: B1717; P16D6; U1F00 04; U053B; B16E2; B1472 81; U1F00; B1717 04; B16E2 62; B1472; B171E 00; B1805,file:///C:/Users/andre/OneDrive%20-%20D'accord%20Invest%20-%20Servi%C3%A7os%20Partilhados%20SA/CARFAST%20-%20OFICINA%20-%20HISTORICO%20TECNICO/2026/04_Abril/2026-04-27_BN-91-MN_VR3EDYHT4RN555295_lubrificacao_motor_dos-defeitos.pdf,2026-04-27_VR3EDYHT4RN555295_dos-defeitos_4.pdf,historico_tecnico_2026_v2,matricula inferida por VIN,Codex,2026-05-20 03:17:28,,,,,,,,,,,,,,,,,,,,,Dinâmica,,,,,Sim,,B1717; P16D6; U1F00 04; U053B; B16E2; B1472 81; U1F00; B1717 04; B16E2 62; B1472; B171E 00; B1805,Não,,,,Analisar códigos de defeito e confirmar recorrência
validado,4535671a4af739ce_2026-04-28_VR3EDYHT4RN555295_informacoes-manutencao_2.pdf,sim,2,BN-91-MN,VR3EDYHT4RN555295,,,2026-04-28,16:52:48,2026-04-28 16:52:48,PSA-DIAG/Stellantis,manutencao,informacoes manutencao,file:///C:/Users/andre/OneDrive%20-%20D'accord%20Invest%20-%20Servi%C3%A7os%20Partilhados%20SA/CARFAST%20-%20OFICINA%20-%20HISTORICO%20TECNICO/2026/04_Abril/2026-04-28_BN-91-MN_VR3EDYHT4RN555295_manutencao_informacoes-manutencao.pdf,2026-04-28_VR3EDYHT4RN555295_informacoes-manutencao_2.pdf,historico_tecnico_2026_v2,matricula inferida por VIN,Codex,2026-05-20 03:17:28,,,,,,,,,,,,,,,,,,,,,Dinâmica,,,,,,,,,,,,
validado,4535671a4af739ce_2026-04-28_VR3EDYHT4RN555295_informacoes-manutencao_3.pdf,sim,3,BN-91-MN,VR3EDYHT4RN555295,,,2026-04-28,16:52:48,2026-04-28 16:52:48,PSA-DIAG/Stellantis,manutencao,informacoes manutencao,file:///C:/Users/andre/OneDrive%20-%20D'accord%20Invest%20-%20Servi%C3%A7os%20Partilhados%20SA/CARFAST%20-%20OFICINA%20-%20HISTORICO%20TECNICO/2026/04_Abril/2026-04-28_BN-91-MN_VR3EDYHT4RN555295_manutencao_informacoes-manutencao.pdf,2026-04-28_VR3EDYHT4RN555295_informacoes-manutencao_3.pdf,historico_tecnico_2026_v2,matricula inferida por VIN,Codex,2026-05-20 03:17:28,,,,,,,,,,,,,,,,,,,,,Dinâmica,,,,,,,,,,,,
validado,435c4e78874ec718_2026-04-28_VR3EDYHT4RN555295_informacoes-lubrificacao-motor_2.pdf,sim,5,BN-91-MN,VR3EDYHT4RN555295,,,2026-04-28,16:55:08,2026-04-28 16:55:08,PSA-DIAG/Stellantis,lubrificacao_motor,informacoes lubrificacao motor,file:///C:/Users/andre/OneDrive%20-%20D'accord%20Invest%20-%20Servi%C3%A7os%20Partilhados%20SA/CARFAST%20-%20OFICINA%20-%20HISTORICO%20TECNICO/2026/04_Abril/2026-04-28_BN-91-MN_VR3EDYHT4RN555295_lubrificacao_motor_informacoes-lubrificacao-motor.pdf,2026-04-28_VR3EDYHT4RN555295_informacoes-lubrificacao-motor_2.pdf,historico_tecnico_2026_v2,matricula inferida por VIN,Codex,2026-05-20 03:17:28,,,,,,,,,,,,,,,,,,,,,,,,,,,,,,,,,
validado,435c4e78874ec718_2026-04-28_VR3EDYHT4RN555295_informacoes-lubrificacao-motor_3.pdf,sim,6,BN-91-MN,VR3EDYHT4RN555295,,,2026-04-28,16:55:08,2026-04-28 16:55:08,PSA-DIAG/Stellantis,lubrificacao_motor,informacoes lubrificacao motor,file:///C:/Users/andre/OneDrive%20-%20D'accord%20Invest%20-%20Servi%C3%A7os%20Partilhados%20SA/CARFAST%20-%20OFICINA%20-%20HISTORICO%20TECNICO/2026/04_Abril/2026-04-28_BN-91-MN_VR3EDYHT4RN555295_lubrificacao_motor_informacoes-lubrificacao-motor.pdf,2026-04-28_VR3EDYHT4RN555295_informacoes-lubrificacao-motor_3.pdf,historico_tecnico_2026_v2,matricula inferida por VIN,Codex,2026-05-20 03:17:28,,,,,,,,,,,,,,,,,,,,,,,,,,,,,,,,,
validado,36d0e23d463c13a0_2026-04-28_VR3EDYHT4RN555295_familia-n-calculador_2.pdf,sim,8,BN-91-MN,VR3EDYHT4RN555295,,,2026-04-28,16:55:34,2026-04-28 16:55:34,PSA-DIAG/Stellantis,identificacao_telecarregamento,familia n calculador | codigos: U1F00 00; B1472; U1EF5 00; U1213 81,file:///C:/Users/andre/OneDrive%20-%20D'accord%20Invest%20-%20Servi%C3%A7os%20Partilhados%20SA/CARFAST%20-%20OFICINA%20-%20HISTORICO%20TECNICO/2026/04_Abril/2026-04-28_BN-91-MN_VR3EDYHT4RN555295_identificacao_telecarregamento_familia-n-calculador.pdf,2026-04-28_VR3EDYHT4RN555295_familia-n-calculador_2.pdf,historico_tecnico_2026_v2,matricula inferida por VIN,Codex,2026-05-20 03:17:28,,,,oo o :  fo,,,,,,,,,,,,,,,,,,,,,,Sim,,U1F00 00; B1472; U1EF5 00; U1213 81,Sim,Permanente,do defeitoDefeito interno,,Prioridade alta: diagnosticar defeitos permanentes/críticos
validado,36d0e23d463c13a0_2026-04-28_VR3EDYHT4RN555295_familia-n-calculador_3.pdf,sim,9,BN-91-MN,VR3EDYHT4RN555295,,,2026-04-28,16:55:34,2026-04-28 16:55:34,PSA-DIAG/Stellantis,identificacao_telecarregamento,familia n calculador | codigos: U1F00 00; B1472; U1EF5 00; U1213 81,file:///C:/Users/andre/OneDrive%20-%20D'accord%20Invest%20-%20Servi%C3%A7os%20Partilhados%20SA/CARFAST%20-%20OFICINA%20-%20HISTORICO%20TECNICO/2026/04_Abril/2026-04-28_BN-91-MN_VR3EDYHT4RN555295_identificacao_telecarregamento_familia-n-calculador.pdf,2026-04-28_VR3EDYHT4RN555295_familia-n-calculador_3.pdf,historico_tecnico_2026_v2,matricula inferida por VIN,Codex,2026-05-20 03:17:28,,,,oo o :  fo,,,,,,,,,,,,,,,,,,,,,,Sim,,U1F00 00; B1472; U1EF5 00; U1213 81,Sim,Permanente,do defeitoDefeito interno,,Prioridade alta: diagnosticar defeitos permanentes/críticos
validado,70e1de63d6546ebc_2026-04-20_VR3EDYHT7RJ747043_informacoes-lubrificacao-motor_3.pdf,sim,3,BM-27-OP,VR3EDYHT7RJ747043,,,2026-04-20,,2026-04-20,Autel,lubrificacao_motor,informacoes lubrificacao motor,file:///C:/Users/andre/OneDrive%20-%20D'accord%20Invest%20-%20Servi%C3%A7os%20Partilhados%20SA/CARFAST%20-%20OFICINA%20-%20HISTORICO%20TECNICO/2026/04_Abril/2026-04-20_BM-27-OP_VR3EDYHT7RJ747043_lubrificacao_motor_informacoes-lubrificacao-motor.pdf,2026-04-20_VR3EDYHT7RJ747043_informacoes-lubrificacao-motor_3.pdf,historico_tecnico_2026_v2,matricula inferida por VIN,Codex,2026-05-20 03:17:28,,,,,,,,,,,,,,,,,,,,,,,,,,,,,,,,,
validado,22587524e315ed85_2026-04-20_VR3EDYHT7RJ747043_informacoes-lubrificacao-motor_4.pdf,sim,4,BM-27-OP,VR3EDYHT7RJ747043,,,2026-04-20,,2026-04-20,Autel,lubrificacao_motor,informacoes lubrificacao motor,file:///C:/Users/andre/OneDrive%20-%20D'accord%20Invest%20-%20Servi%C3%A7os%20Partilhados%20SA/CARFAST%20-%20OFICINA%20-%20HISTORICO%20TECNICO/2026/04_Abril/2026-04-20_BM-27-OP_VR3EDYHT7RJ747043_lubrificacao_motor_informacoes-lubrificacao-motor_1.pdf,2026-04-20_VR3EDYHT7RJ747043_informacoes-lubrificacao-motor_4.pdf,historico_tecnico_2026_v2,matricula inferida por VIN,Codex,2026-05-20 03:17:28,,,,,,,,,,,,,,,,,,,,,,,,,,,,,,,,,
validado,247c4801d1b878d1_2026-04-20_VR3EDYHT7RJ747043_informacoes-de-manutencao_3.pdf,sim,7,BM-27-OP,VR3EDYHT7RJ747043,,,2026-04-20,,2026-04-20,Autel,manutencao,informacoes de manutencao,file:///C:/Users/andre/OneDrive%20-%20D'accord%20Invest%20-%20Servi%C3%A7os%20Partilhados%20SA/CARFAST%20-%20OFICINA%20-%20HISTORICO%20TECNICO/2026/04_Abril/2026-04-20_BM-27-OP_VR3EDYHT7RJ747043_manutencao_informacoes-de-manutencao.pdf,2026-04-20_VR3EDYHT7RJ747043_informacoes-de-manutencao_3.pdf,historico_tecnico_2026_v2,matricula inferida por VIN,Codex,2026-05-20 03:17:28,,,,,,,,,,,,,,,,,,,,,,,,,,,,,,,,,
validado,15b7c99cbb857c65_2026-04-20_VR3EDYHT7RJ747043_informacoes-de-manutencao_4.pdf,sim,8,BM-27-OP,VR3EDYHT7RJ747043,,,2026-04-20,,2026-04-20,Autel,manutencao,informacoes de manutencao,file:///C:/Users/andre/OneDrive%20-%20D'accord%20Invest%20-%20Servi%C3%A7os%20Partilhados%20SA/CARFAST%20-%20OFICINA%20-%20HISTORICO%20TECNICO/2026/04_Abril/2026-04-20_BM-27-OP_VR3EDYHT7RJ747043_manutencao_informacoes-de-manutencao_1.pdf,2026-04-20_VR3EDYHT7RJ747043_informacoes-de-manutencao_4.pdf,historico_tecnico_2026_v2,matricula inferida por VIN,Codex,2026-05-20 03:17:28,,,,,,,,,,,,,,,,,,,,,,,,,,,,,,,,,
validado,d378b3fd864c909e_2026-04-20_VR3EDYHT7RJ747043_familia-n-calculador_4.pdf,sim,10,BM-27-OP,VR3EDYHT7RJ747043,,,2026-04-20,10:20:56,2026-04-20 10:20:56,PSA-DIAG/Stellantis,lubrificacao_motor,familia n calculador | codigos: P203F; U1118 87; U1F00 00; B173D; P0562 16; U1218; P119F; U1213 81; U1F1A 08,file:///C:/Users/andre/OneDrive%20-%20D'accord%20Invest%20-%20Servi%C3%A7os%20Partilhados%20SA/CARFAST%20-%20OFICINA%20-%20HISTORICO%20TECNICO/2026/04_Abril/2026-04-20_BM-27-OP_VR3EDYHT7RJ747043_lubrificacao_motor_familia-n-calculador.pdf,2026-04-20_VR3EDYHT7RJ747043_familia-n-calculador_4.pdf,historico_tecnico_2026_v2,matricula inferida por VIN,Codex,2026-05-20 03:17:28,,,,,,,,,,,,,,,,,,,,,Dinâmica,,,,,Sim,,P203F; U1118 87; U1F00 00; B173D; P0562 16; U1218; P119F; U1213 81; U1F1A 08,Sim,Permanente,dentificação inválido,,Prioridade alta: diagnosticar defeitos permanentes/críticos
validado,99ff3d0cfc071d14_2026-04-20_VR3EDYHT7RJ747043_identificacao_2.pdf,sim,12,BM-27-OP,VR3EDYHT7RJ747043,,,2026-04-20,10:22:32,2026-04-20 10:22:32,PSA-DIAG/Stellantis,identificacao_telecarregamento,identificacao,file:///C:/Users/andre/OneDrive%20-%20D'accord%20Invest%20-%20Servi%C3%A7os%20Partilhados%20SA/CARFAST%20-%20OFICINA%20-%20HISTORICO%20TECNICO/2026/04_Abril/2026-04-20_BM-27-OP_VR3EDYHT7RJ747043_identificacao_telecarregamento_identificacao.pdf,2026-04-20_VR3EDYHT7RJ747043_identificacao_2.pdf,historico_tecnico_2026_v2,matricula inferida por VIN,Codex,2026-05-20 03:17:28,,,255.255,144.03,,,,,,,,,,,,,,,,,,,,,,,,,,,,,
validado,c79cf36972edc390_2026-04-20_VR3EDYHT7RJ747043_cmm-md1cs003-euro6-4_4.pdf,sim,14,BM-27-OP,VR3EDYHT7RJ747043,,,2026-04-20,10:24:39,2026-04-20 10:24:39,PSA-DIAG/Stellantis,lubrificacao_motor,cmm md1cs003 euro6 4 | diluicao oleo: 1.75%,file:///C:/Users/andre/OneDrive%20-%20D'accord%20Invest%20-%20Servi%C3%A7os%20Partilhados%20SA/CARFAST%20-%20OFICINA%20-%20HISTORICO%20TECNICO/2026/04_Abril/2026-04-20_BM-27-OP_VR3EDYHT7RJ747043_lubrificacao_motor_cmm-md1cs003-euro6-4.pdf,2026-04-20_VR3EDYHT7RJ747043_cmm-md1cs003-euro6-4_4.pdf,historico_tecnico_2026_v2,matricula inferida por VIN,Codex,2026-05-20 03:17:28,,CMM_MD1CS003_EURO6_4,,,,,,,,,,,,,,,,,,,,1.75,0,9000km,,,,,,,,,
validado,f9e94b75c7afbc01_2026-04-20_VR3EDYHT7RJ747043_informacoes-manutencao_4.pdf,sim,16,BM-27-OP,VR3EDYHT7RJ747043,,,2026-04-20,10:27:35,2026-04-20 10:27:35,PSA-DIAG/Stellantis,manutencao,informacoes manutencao,file:///C:/Users/andre/OneDrive%20-%20D'accord%20Invest%20-%20Servi%C3%A7os%20Partilhados%20SA/CARFAST%20-%20OFICINA%20-%20HISTORICO%20TECNICO/2026/04_Abril/2026-04-20_BM-27-OP_VR3EDYHT7RJ747043_manutencao_informacoes-manutencao.pdf,2026-04-20_VR3EDYHT7RJ747043_informacoes-manutencao_4.pdf,historico_tecnico_2026_v2,matricula inferida por VIN,Codex,2026-05-20 03:17:28,,,,,,,,,,,,,,,,,,,,,Dinâmica,,,,,,,,,,,,
validado,e009f5607f62fd16_2026-04-20_VR3EDYHT7RJ747043_dos-defeitos_7.pdf,sim,18,BM-27-OP,VR3EDYHT7RJ747043,,,2026-04-20,10:30:38,2026-04-20 10:30:38,PSA-DIAG/Stellantis,lubrificacao_motor,dos defeitos | codigos: U1213; B1716; B171E 62; P203F; B120A; U1213 04; B16E2 7B; U1218 13; B120A 00; B1418; U1218 62; P203F DE,file:///C:/Users/andre/OneDrive%20-%20D'accord%20Invest%20-%20Servi%C3%A7os%20Partilhados%20SA/CARFAST%20-%20OFICINA%20-%20HISTORICO%20TECNICO/2026/04_Abril/2026-04-20_BM-27-OP_VR3EDYHT7RJ747043_lubrificacao_motor_dos-defeitos.pdf,2026-04-20_VR3EDYHT7RJ747043_dos-defeitos_7.pdf,historico_tecnico_2026_v2,matricula inferida por VIN,Codex,2026-05-20 03:17:28,,,,,,,,,,,,,,,,,,,,,,,,,,Sim,,U1213; B1716; B171E 62; P203F; B120A; U1213 04; B16E2 7B; U1218 13; B120A 00; B1418; U1218 62; P203F DE,Não,,,,Analisar códigos de defeito e confirmar recorrência
validado,700dfd6a11aa8e98_2026-04-20_VR3EDYHT7RJ747043_dos-defeitos_5.pdf,sim,20,BM-27-OP,VR3EDYHT7RJ747043,,,2026-04-20,10:32:57,2026-04-20 10:32:57,PSA-DIAG/Stellantis,leitura_defeitos,dos defeitos | codigos: B1400; B0010; B15EF,file:///C:/Users/andre/OneDrive%20-%20D'accord%20Invest%20-%20Servi%C3%A7os%20Partilhados%20SA/CARFAST%20-%20OFICINA%20-%20HISTORICO%20TECNICO/2026/04_Abril/2026-04-20_BM-27-OP_VR3EDYHT7RJ747043_leitura_defeitos_dos-defeitos.pdf,2026-04-20_VR3EDYHT7RJ747043_dos-defeitos_5.pdf,historico_tecnico_2026_v2,matricula inferida por VIN,Codex,2026-05-20 03:17:28,,,,,,,,,,,,,,,,,,,,,,,,,,Sim,,B1400; B0010; B15EF,Não,,,,Analisar códigos de defeito e confirmar recorrência
validado,ea042977ac0b1f00_2026-04-20_VR3EDYHT7RJ747043_dos-defeitos_8.pdf,sim,22,BM-27-OP,VR3EDYHT7RJ747043,,,2026-04-20,10:34:46,2026-04-20 10:34:46,PSA-DIAG/Stellantis,lubrificacao_motor,dos defeitos | codigos: B1238; B1865; B1542; B162C; P0562; B15F2; P0562 48; B15EF; B11F0; B118C; U1213; B1837,file:///C:/Users/andre/OneDrive%20-%20D'accord%20Invest%20-%20Servi%C3%A7os%20Partilhados%20SA/CARFAST%20-%20OFICINA%20-%20HISTORICO%20TECNICO/2026/04_Abril/2026-04-20_BM-27-OP_VR3EDYHT7RJ747043_lubrificacao_motor_dos-defeitos_1.pdf,2026-04-20_VR3EDYHT7RJ747043_dos-defeitos_8.pdf,historico_tecnico_2026_v2,matricula inferida por VIN,Codex,2026-05-20 03:17:28,,,local,,,,,,,,,,,,,,,,,,Dinâmica,,,,,Sim,,B1238; B1865; B1542; B162C; P0562; B15F2; P0562 48; B15EF; B11F0; B118C; U1213; B1837,Não,,,,Analisar códigos de defeito e confirmar recorrência
validado,b75ad612db9efdaa_2026-04-20_VR3EDYHT7RJ747043_familia-n-calculador_3.pdf,sim,24,BM-27-OP,VR3EDYHT7RJ747043,,,2026-04-20,12:39:28,2026-04-20 12:39:28,PSA-DIAG/Stellantis,lubrificacao_motor,familia n calculador | codigos: U1213 81; U1F00; U1F00 00; U1F03 87,file:///C:/Users/andre/OneDrive%20-%20D'accord%20Invest%20-%20Servi%C3%A7os%20Partilhados%20SA/CARFAST%20-%20OFICINA%20-%20HISTORICO%20TECNICO/2026/04_Abril/2026-04-20_BM-27-OP_VR3EDYHT7RJ747043_lubrificacao_motor_familia-n-calculador_1.pdf,2026-04-20_VR3EDYHT7RJ747043_familia-n-calculador_3.pdf,historico_tecnico_2026_v2,matricula inferida por VIN,Codex,2026-05-20 03:17:28,,,,,,,,,,,,,,,,,,,,,Dinâmica,,,,,Sim,,U1213 81; U1F00; U1F00 00; U1F03 87,Sim,Permanente,do defeitoornecido recebido inválido,,Prioridade alta: diagnosticar defeitos permanentes/críticos
validado,6cfaeadf6ca8b528_2026-04-20_VR3EDYHT7RJ747043_informacoes-manutencao_3.pdf,sim,26,BM-27-OP,VR3EDYHT7RJ747043,,,2026-04-20,12:42:29,2026-04-20 12:42:29,PSA-DIAG/Stellantis,manutencao,informacoes manutencao,file:///C:/Users/andre/OneDrive%20-%20D'accord%20Invest%20-%20Servi%C3%A7os%20Partilhados%20SA/CARFAST%20-%20OFICINA%20-%20HISTORICO%20TECNICO/2026/04_Abril/2026-04-20_BM-27-OP_VR3EDYHT7RJ747043_manutencao_informacoes-manutencao_1.pdf,2026-04-20_VR3EDYHT7RJ747043_informacoes-manutencao_3.pdf,historico_tecnico_2026_v2,matricula inferida por VIN,Codex,2026-05-20 03:17:28,,,,,,,,,,,,,,,,,,,,,Dinâmica,,,,,,,,,,,,
validado,b680598b2ed6f077_2026-04-20_VR3EDYHT7RJ747043_cmm-md1cs003-euro6-4_3.pdf,sim,28,BM-27-OP,VR3EDYHT7RJ747043,,,2026-04-20,12:43:44,2026-04-20 12:43:44,PSA-DIAG/Stellantis,lubrificacao_motor,cmm md1cs003 euro6 4 | diluicao oleo: 0.156%,file:///C:/Users/andre/OneDrive%20-%20D'accord%20Invest%20-%20Servi%C3%A7os%20Partilhados%20SA/CARFAST%20-%20OFICINA%20-%20HISTORICO%20TECNICO/2026/04_Abril/2026-04-20_BM-27-OP_VR3EDYHT7RJ747043_lubrificacao_motor_cmm-md1cs003-euro6-4_1.pdf,2026-04-20_VR3EDYHT7RJ747043_cmm-md1cs003-euro6-4_3.pdf,historico_tecnico_2026_v2,matricula inferida por VIN,Codex,2026-05-20 03:17:28,,CMM_MD1CS003_EURO6_4,,,,,,,,,,,,,,,,,,,,0.156,0,40000km,,,,,,,,,
validado,64942b67fee6b9b4_2026-04-15_VR3EDYHT7SJ761952_informacoes-lubrificacao-motor_2.pdf,sim,2,BX-13-HL,VR3EDYHT7SJ761952,,,2026-04-15,,2026-04-15,Autel,lubrificacao_motor,informacoes lubrificacao motor,file:///C:/Users/andre/OneDrive%20-%20D'accord%20Invest%20-%20Servi%C3%A7os%20Partilhados%20SA/CARFAST%20-%20OFICINA%20-%20HISTORICO%20TECNICO/2026/04_Abril/2026-04-15_BX-13-HL_VR3EDYHT7SJ761952_lubrificacao_motor_informacoes-lubrificacao-motor.pdf,2026-04-15_VR3EDYHT7SJ761952_informacoes-lubrificacao-motor_2.pdf,historico_tecnico_2026_v2,matricula inferida por VIN,Codex,2026-05-20 03:17:28,,,,,,,,,,,,,,,,,,,,,,,,,,,,,,,,,
validado,64942b67fee6b9b4_2026-04-15_VR3EDYHT7SJ761952_informacoes-lubrificacao-motor_3.pdf,sim,3,BX-13-HL,VR3EDYHT7SJ761952,,,2026-04-15,,2026-04-15,Autel,lubrificacao_motor,informacoes lubrificacao motor,file:///C:/Users/andre/OneDrive%20-%20D'accord%20Invest%20-%20Servi%C3%A7os%20Partilhados%20SA/CARFAST%20-%20OFICINA%20-%20HISTORICO%20TECNICO/2026/04_Abril/2026-04-15_BX-13-HL_VR3EDYHT7SJ761952_lubrificacao_motor_informacoes-lubrificacao-motor.pdf,2026-04-15_VR3EDYHT7SJ761952_informacoes-lubrificacao-motor_3.pdf,historico_tecnico_2026_v2,matricula inferida por VIN,Codex,2026-05-20 03:17:28,,,,,,,,,,,,,,,,,,,,,,,,,,,,,,,,,
validado,64942b67fee6b9b4_2026-04-15_VR3EDYHT7SJ761952_informacoes-lubrificacao-motor_4.pdf,sim,4,BX-13-HL,VR3EDYHT7SJ761952,,,2026-04-15,,2026-04-15,Autel,lubrificacao_motor,informacoes lubrificacao motor,file:///C:/Users/andre/OneDrive%20-%20D'accord%20Invest%20-%20Servi%C3%A7os%20Partilhados%20SA/CARFAST%20-%20OFICINA%20-%20HISTORICO%20TECNICO/2026/04_Abril/2026-04-15_BX-13-HL_VR3EDYHT7SJ761952_lubrificacao_motor_informacoes-lubrificacao-motor.pdf,2026-04-15_VR3EDYHT7SJ761952_informacoes-lubrificacao-motor_4.pdf,historico_tecnico_2026_v2,matricula inferida por VIN,Codex,2026-05-20 03:17:28,,,,,,,,,,,,,,,,,,,,,,,,,,,,,,,,,
validado,e81b792ef69fc3f1_2026-04-15_VR3EDYHT7SJ761952_informacoes-de-manutencao_2.pdf,sim,6,BX-13-HL,VR3EDYHT7SJ761952,,,2026-04-15,,2026-04-15,Autel,manutencao,informacoes de manutencao,file:///C:/Users/andre/OneDrive%20-%20D'accord%20Invest%20-%20Servi%C3%A7os%20Partilhados%20SA/CARFAST%20-%20OFICINA%20-%20HISTORICO%20TECNICO/2026/04_Abril/2026-04-15_BX-13-HL_VR3EDYHT7SJ761952_manutencao_informacoes-de-manutencao.pdf,2026-04-15_VR3EDYHT7SJ761952_informacoes-de-manutencao_2.pdf,historico_tecnico_2026_v2,matricula inferida por VIN,Codex,2026-05-20 03:17:28,,,,,,,,,,,,,,,,,,,,,,,,,,,,,,,,,
validado,e81b792ef69fc3f1_2026-04-15_VR3EDYHT7SJ761952_informacoes-de-manutencao_3.pdf,sim,7,BX-13-HL,VR3EDYHT7SJ761952,,,2026-04-15,,2026-04-15,Autel,manutencao,informacoes de manutencao,file:///C:/Users/andre/OneDrive%20-%20D'accord%20Invest%20-%20Servi%C3%A7os%20Partilhados%20SA/CARFAST%20-%20OFICINA%20-%20HISTORICO%20TECNICO/2026/04_Abril/2026-04-15_BX-13-HL_VR3EDYHT7SJ761952_manutencao_informacoes-de-manutencao.pdf,2026-04-15_VR3EDYHT7SJ761952_informacoes-de-manutencao_3.pdf,historico_tecnico_2026_v2,matricula inferida por VIN,Codex,2026-05-20 03:17:28,,,,,,,,,,,,,,,,,,,,,,,,,,,,,,,,,
validado,e81b792ef69fc3f1_2026-04-15_VR3EDYHT7SJ761952_informacoes-de-manutencao_4.pdf,sim,8,BX-13-HL,VR3EDYHT7SJ761952,,,2026-04-15,,2026-04-15,Autel,manutencao,informacoes de manutencao,file:///C:/Users/andre/OneDrive%20-%20D'accord%20Invest%20-%20Servi%C3%A7os%20Partilhados%20SA/CARFAST%20-%20OFICINA%20-%20HISTORICO%20TECNICO/2026/04_Abril/2026-04-15_BX-13-HL_VR3EDYHT7SJ761952_manutencao_informacoes-de-manutencao.pdf,2026-04-15_VR3EDYHT7SJ761952_informacoes-de-manutencao_4.pdf,historico_tecnico_2026_v2,matricula inferida por VIN,Codex,2026-05-20 03:17:28,,,,,,,,,,,,,,,,,,,,,,,,,,,,,,,,,
validado,71a4f02f1e2cf577_2026-04-15_VR3EDYHT7SJ761952_de-defeitos_2.pdf,sim,10,BX-13-HL,VR3EDYHT7SJ761952,,,2026-04-15,15:03:55,2026-04-15 15:03:55,PSA-DIAG/Stellantis,leitura_defeitos,de defeitos | codigos: P2A00; U1205; U1218; P119F,file:///C:/Users/andre/OneDrive%20-%20D'accord%20Invest%20-%20Servi%C3%A7os%20Partilhados%20SA/CARFAST%20-%20OFICINA%20-%20HISTORICO%20TECNICO/2026/04_Abril/2026-04-15_BX-13-HL_VR3EDYHT7SJ761952_leitura_defeitos_de-defeitos.pdf,2026-04-15_VR3EDYHT7SJ761952_de-defeitos_2.pdf,historico_tecnico_2026_v2,matricula inferida por VIN,Codex,2026-05-20 03:17:28,,,,,,,,,,,,,,,,,,,,,,,,,,Sim,,P2A00; U1205; U1218; P119F,Sim,Permanente,do defeitoFornecido recebido inválido,,Prioridade alta: diagnosticar defeitos permanentes/críticos
validado,d3b38ffb0e550e80_2026-04-15_VR3EDYHT7SJ761952_identificacao_2.pdf,sim,12,BX-13-HL,VR3EDYHT7SJ761952,,,2026-04-15,15:10:53,2026-04-15 15:10:53,PSA-DIAG/Stellantis,identificacao_telecarregamento,identificacao,file:///C:/Users/andre/OneDrive%20-%20D'accord%20Invest%20-%20Servi%C3%A7os%20Partilhados%20SA/CARFAST%20-%20OFICINA%20-%20HISTORICO%20TECNICO/2026/04_Abril/2026-04-15_BX-13-HL_VR3EDYHT7SJ761952_identificacao_telecarregamento_identificacao.pdf,2026-04-15_VR3EDYHT7SJ761952_identificacao_2.pdf,historico_tecnico_2026_v2,matricula inferida por VIN,Codex,2026-05-20 03:17:28,,,255.255,144.06,,,,,,,,,,,,,,,,,,,,,,,,,,,,,
validado,ad1acee23ae23661_2026-04-16_VR3EDYHT7SJ761952_informacoes-lubrificacao-motor_2.pdf,sim,2,BX-13-HL,VR3EDYHT7SJ761952,,,2026-04-16,,2026-04-16,Autel,lubrificacao_motor,informacoes lubrificacao motor,file:///C:/Users/andre/OneDrive%20-%20D'accord%20Invest%20-%20Servi%C3%A7os%20Partilhados%20SA/CARFAST%20-%20OFICINA%20-%20HISTORICO%20TECNICO/2026/04_Abril/2026-04-16_BX-13-HL_VR3EDYHT7SJ761952_lubrificacao_motor_informacoes-lubrificacao-motor.pdf,2026-04-16_VR3EDYHT7SJ761952_informacoes-lubrificacao-motor_2.pdf,historico_tecnico_2026_v2,matricula inferida por VIN,Codex,2026-05-20 03:17:28,,,,,,,,,,,,,,,,,,,,,,,,,,,,,,,,,
validado,50d90e65616ae2e3_2026-04-16_VR3EDYHT7SJ761952_informacoes-de-manutencao_2.pdf,sim,4,BX-13-HL,VR3EDYHT7SJ761952,,,2026-04-16,,2026-04-16,Autel,manutencao,informacoes de manutencao,file:///C:/Users/andre/OneDrive%20-%20D'accord%20Invest%20-%20Servi%C3%A7os%20Partilhados%20SA/CARFAST%20-%20OFICINA%20-%20HISTORICO%20TECNICO/2026/04_Abril/2026-04-16_BX-13-HL_VR3EDYHT7SJ761952_manutencao_informacoes-de-manutencao.pdf,2026-04-16_VR3EDYHT7SJ761952_informacoes-de-manutencao_2.pdf,historico_tecnico_2026_v2,matricula inferida por VIN,Codex,2026-05-20 03:17:28,,,,,,,,,,,,,,,,,,,,,,,,,,,,,,,,,
validado,618e4a749f08e99d_2026-01-06_VR3EDYHT8RJ968621_relatorio-de-diagnostico-do-veiculo_2.pdf,sim,2,BQ-54-IP,VR3EDYHT8RJ968621,,,2026-01-06,,2026-01-06,Autel,leitura_defeitos,relatorio de diagnostico do veiculo,file:///C:/Users/andre/OneDrive%20-%20D'accord%20Invest%20-%20Servi%C3%A7os%20Partilhados%20SA/CARFAST%20-%20OFICINA%20-%20HISTORICO%20TECNICO/2026/01_Janeiro/2026-01-06_BQ-54-IP_VR3EDYHT8RJ968621_leitura_defeitos_relatorio-de-diagnostico-do-veiculo.pdf,2026-01-06_VR3EDYHT8RJ968621_relatorio-de-diagnostico-do-veiculo_2.pdf,historico_tecnico_2026_v2,matricula inferida por VIN,Codex,2026-05-20 03:17:28,,,,,,,,,,,,,,,,,,,,,,,,,,,,,,,,,
validado,7902a58396a9acff_2026-01-06_VR3EDYHT8RJ968621_informacoes-de-manutencao_2.pdf,sim,5,BQ-54-IP,VR3EDYHT8RJ968621,,,2026-01-06,,2026-01-06,Autel,manutencao,informacoes de manutencao,file:///C:/Users/andre/OneDrive%20-%20D'accord%20Invest%20-%20Servi%C3%A7os%20Partilhados%20SA/CARFAST%20-%20OFICINA%20-%20HISTORICO%20TECNICO/2026/01_Janeiro/2026-01-06_BQ-54-IP_VR3EDYHT8RJ968621_manutencao_informacoes-de-manutencao.pdf,2026-01-06_VR3EDYHT8RJ968621_informacoes-de-manutencao_2.pdf,historico_tecnico_2026_v2,matricula inferida por VIN,Codex,2026-05-20 03:17:28,,,,,,,,,,,,,,,,,,,,,,,,,,,,,,,,,
validado,5fbdbfd81362b09b_2026-04-20_VR3EDYHT9SJ767168_de-defeitos_3.pdf,sim,2,BX-07-HO,VR3EDYHT9SJ767168,,,2026-04-20,14:54:54,2026-04-20 14:54:54,PSA-DIAG/Stellantis,identificacao_telecarregamento,de defeitos | codigos: B1153; B173A 00; B1717; B173D 86; B1805; B1716 64; U1FE6; U1F1A; B120D; B1715 64; U1F3B 87; B132A,file:///C:/Users/andre/OneDrive%20-%20D'accord%20Invest%20-%20Servi%C3%A7os%20Partilhados%20SA/CARFAST%20-%20OFICINA%20-%20HISTORICO%20TECNICO/2026/04_Abril/2026-04-20_BX-07-HO_VR3EDYHT9SJ767168_identificacao_telecarregamento_de-defeitos.pdf,2026-04-20_VR3EDYHT9SJ767168_de-defeitos_3.pdf,historico_tecnico_2026_v2,matricula inferida por VIN,Codex,2026-05-20 03:17:29,,,,,,,,,,,,,,,,,,,,,,,,,,Sim,,B1153; B173A 00; B1717; B173D 86; B1805; B1716 64; U1FE6; U1F1A; B120D; B1715 64; U1F3B 87; B132A,Sim,Permanente,Incoerncia com o estado de trancamento do,,Prioridade alta: diagnosticar defeitos permanentes/críticos
validado,d82856dcf7bfcc12_2026-04-20_VR3EDYHT9SJ767168_informacoes-manutencao_2.pdf,sim,4,BX-07-HO,VR3EDYHT9SJ767168,,,2026-04-20,14:55:55,2026-04-20 14:55:55,PSA-DIAG/Stellantis,manutencao,informacoes manutencao,file:///C:/Users/andre/OneDrive%20-%20D'accord%20Invest%20-%20Servi%C3%A7os%20Partilhados%20SA/CARFAST%20-%20OFICINA%20-%20HISTORICO%20TECNICO/2026/04_Abril/2026-04-20_BX-07-HO_VR3EDYHT9SJ767168_manutencao_informacoes-manutencao.pdf,2026-04-20_VR3EDYHT9SJ767168_informacoes-manutencao_2.pdf,historico_tecnico_2026_v2,matricula inferida por VIN,Codex,2026-05-20 03:17:29,,,,,,,,,,,,,,,,,,,,,Dinâmica,,,,,,,,,,,,
validado,ba29f127ddd38a2b_2026-04-20_VR3EDYHT9SJ767168_de-defeitos_4.pdf,sim,6,BX-07-HO,VR3EDYHT9SJ767168,,,2026-04-20,14:56:26,2026-04-20 14:56:26,PSA-DIAG/Stellantis,leitura_defeitos,de defeitos | codigos: P06B8; U1218,file:///C:/Users/andre/OneDrive%20-%20D'accord%20Invest%20-%20Servi%C3%A7os%20Partilhados%20SA/CARFAST%20-%20OFICINA%20-%20HISTORICO%20TECNICO/2026/04_Abril/2026-04-20_BX-07-HO_VR3EDYHT9SJ767168_leitura_defeitos_de-defeitos.pdf,2026-04-20_VR3EDYHT9SJ767168_de-defeitos_4.pdf,historico_tecnico_2026_v2,matricula inferida por VIN,Codex,2026-05-20 03:17:29,,,,,,,,,,,,,,,,,,,,,,,,,,Sim,,P06B8; U1218,Não,Fugitivo,do defeitoFornecido recebido inválido,,Analisar códigos de defeito e confirmar recorrência
validado,c24445a19546634d_2026-04-20_VR3EDYHT9SJ767168_identificacao_2.pdf,sim,8,BX-07-HO,VR3EDYHT9SJ767168,,,2026-04-20,14:56:44,2026-04-20 14:56:44,PSA-DIAG/Stellantis,identificacao_telecarregamento,identificacao,file:///C:/Users/andre/OneDrive%20-%20D'accord%20Invest%20-%20Servi%C3%A7os%20Partilhados%20SA/CARFAST%20-%20OFICINA%20-%20HISTORICO%20TECNICO/2026/04_Abril/2026-04-20_BX-07-HO_VR3EDYHT9SJ767168_identificacao_telecarregamento_identificacao.pdf,2026-04-20_VR3EDYHT9SJ767168_identificacao_2.pdf,historico_tecnico_2026_v2,matricula inferida por VIN,Codex,2026-05-20 03:17:29,,,255.255,144.06,,,,,,,,,,,,,,,,,,,,,,,,,,,,,
validado,fa721f105951ea02_2026-04-20_VR3EDYHT9SJ767168_informacoes-lubrificacao-motor_2.pdf,sim,10,BX-07-HO,VR3EDYHT9SJ767168,,,2026-04-20,14:57:39,2026-04-20 14:57:39,PSA-DIAG/Stellantis,lubrificacao_motor,informacoes lubrificacao motor,file:///C:/Users/andre/OneDrive%20-%20D'accord%20Invest%20-%20Servi%C3%A7os%20Partilhados%20SA/CARFAST%20-%20OFICINA%20-%20HISTORICO%20TECNICO/2026/04_Abril/2026-04-20_BX-07-HO_VR3EDYHT9SJ767168_lubrificacao_motor_informacoes-lubrificacao-motor.pdf,2026-04-20_VR3EDYHT9SJ767168_informacoes-lubrificacao-motor_2.pdf,historico_tecnico_2026_v2,matricula inferida por VIN,Codex,2026-05-20 03:17:29,,,,,,,,,,,,,,,,,,,,,,,,,,,,,,,,,
validado,d5f461f2b7016608_2026-04-20_VR3EDYHT9SJ767168_dos-defeitos_5.pdf,sim,12,BX-07-HO,VR3EDYHT9SJ767168,,,2026-04-20,15:00:19,2026-04-20 15:00:19,PSA-DIAG/Stellantis,identificacao_telecarregamento,dos defeitos | codigos: B16E2; B171E; U1218; B1717 62; B1716; U1108 04; U1802 04; B120A; B1805 04; B15EE 64; U1108 00; B1215,file:///C:/Users/andre/OneDrive%20-%20D'accord%20Invest%20-%20Servi%C3%A7os%20Partilhados%20SA/CARFAST%20-%20OFICINA%20-%20HISTORICO%20TECNICO/2026/04_Abril/2026-04-20_BX-07-HO_VR3EDYHT9SJ767168_identificacao_telecarregamento_dos-defeitos.pdf,2026-04-20_VR3EDYHT9SJ767168_dos-defeitos_5.pdf,historico_tecnico_2026_v2,matricula inferida por VIN,Codex,2026-05-20 03:17:29,,,,,,,,,,,,,,,,,,,,,Dinâmica,,,,,Sim,,B16E2; B171E; U1218; B1717 62; B1716; U1108 04; U1802 04; B120A; B1805 04; B15EE 64; U1108 00; B1215,Sim,Permanente,,,Prioridade alta: diagnosticar defeitos permanentes/críticos
validado,b1737011a1b62dcd_2026-04-21_VR3EDYHT9SJ767168_informacoes-lubrificacao-motor_2.pdf,sim,2,BX-07-HO,VR3EDYHT9SJ767168,,,2026-04-21,17:05:14,2026-04-21 17:05:14,PSA-DIAG/Stellantis,lubrificacao_motor,informacoes lubrificacao motor,file:///C:/Users/andre/OneDrive%20-%20D'accord%20Invest%20-%20Servi%C3%A7os%20Partilhados%20SA/CARFAST%20-%20OFICINA%20-%20HISTORICO%20TECNICO/2026/04_Abril/2026-04-21_BX-07-HO_VR3EDYHT9SJ767168_lubrificacao_motor_informacoes-lubrificacao-motor.pdf,2026-04-21_VR3EDYHT9SJ767168_informacoes-lubrificacao-motor_2.pdf,historico_tecnico_2026_v2,matricula inferida por VIN,Codex,2026-05-20 03:17:29,,,,,,,,,,,,,,,,,,,,,,,1.563,,,,,,,,,,
validado,0c30d919f09fd743_2026-04-21_VR3EDYHT9SJ767168_informacoes-manutencao_2.pdf,sim,4,BX-07-HO,VR3EDYHT9SJ767168,,,2026-04-21,17:06:26,2026-04-21 17:06:26,PSA-DIAG/Stellantis,manutencao,informacoes manutencao,file:///C:/Users/andre/OneDrive%20-%20D'accord%20Invest%20-%20Servi%C3%A7os%20Partilhados%20SA/CARFAST%20-%20OFICINA%20-%20HISTORICO%20TECNICO/2026/04_Abril/2026-04-21_BX-07-HO_VR3EDYHT9SJ767168_manutencao_informacoes-manutencao.pdf,2026-04-21_VR3EDYHT9SJ767168_informacoes-manutencao_2.pdf,historico_tecnico_2026_v2,matricula inferida por VIN,Codex,2026-05-20 03:17:29,,,,,,,,,,,,,,,,,,,,,Dinâmica,,,,,,,,,,,,
validado,9580890821d44b3a_2026-04-21_VR3EDYHT9SJ767168_familia-n-calculador_2.pdf,sim,6,BX-07-HO,VR3EDYHT9SJ767168,,,2026-04-21,17:07:04,2026-04-21 17:07:04,PSA-DIAG/Stellantis,identificacao_telecarregamento,familia n calculador | codigos: B15EE; U1817 02; U1F2A 87; U1802 81,file:///C:/Users/andre/OneDrive%20-%20D'accord%20Invest%20-%20Servi%C3%A7os%20Partilhados%20SA/CARFAST%20-%20OFICINA%20-%20HISTORICO%20TECNICO/2026/04_Abril/2026-04-21_BX-07-HO_VR3EDYHT9SJ767168_identificacao_telecarregamento_familia-n-calculador.pdf,2026-04-21_VR3EDYHT9SJ767168_familia-n-calculador_2.pdf,historico_tecnico_2026_v2,matricula inferida por VIN,Codex,2026-05-20 03:17:29,,,,,,,,,,,,,,,,,,,,,,,,,,Sim,,B15EE; U1817 02; U1F2A 87; U1802 81,Sim,Permanente,do defeitoAmplitude do sinal demasiado fraco,,Prioridade alta: diagnosticar defeitos permanentes/críticos
validado,680095c2e06c5daf_2026-04-10_VR3EDYHTXRJ747005_informacoes-de-manutencao_2.pdf,sim,2,BN-64-MN,VR3EDYHTXRJ747005,,,2026-04-10,,2026-04-10,Autel,manutencao,informacoes de manutencao,file:///C:/Users/andre/OneDrive%20-%20D'accord%20Invest%20-%20Servi%C3%A7os%20Partilhados%20SA/CARFAST%20-%20OFICINA%20-%20HISTORICO%20TECNICO/2026/04_Abril/2026-04-10_BN-64-MN_VR3EDYHTXRJ747005_manutencao_informacoes-de-manutencao.pdf,2026-04-10_VR3EDYHTXRJ747005_informacoes-de-manutencao_2.pdf,historico_tecnico_2026_v2,matricula inferida por VIN,Codex,2026-05-20 03:17:29,,,,,,,,,,,,,,,,,,,,,,,,,,,,,,,,,
validado,680095c2e06c5daf_2026-04-10_VR3EDYHTXRJ747005_informacoes-de-manutencao_3.pdf,sim,3,BN-64-MN,VR3EDYHTXRJ747005,,,2026-04-10,,2026-04-10,Autel,manutencao,informacoes de manutencao,file:///C:/Users/andre/OneDrive%20-%20D'accord%20Invest%20-%20Servi%C3%A7os%20Partilhados%20SA/CARFAST%20-%20OFICINA%20-%20HISTORICO%20TECNICO/2026/04_Abril/2026-04-10_BN-64-MN_VR3EDYHTXRJ747005_manutencao_informacoes-de-manutencao.pdf,2026-04-10_VR3EDYHTXRJ747005_informacoes-de-manutencao_3.pdf,historico_tecnico_2026_v2,matricula inferida por VIN,Codex,2026-05-20 03:17:29,,,,,,,,,,,,,,,,,,,,,,,,,,,,,,,,,
validado,680095c2e06c5daf_2026-04-10_VR3EDYHTXRJ747005_informacoes-de-manutencao_4.pdf,sim,4,BN-64-MN,VR3EDYHTXRJ747005,,,2026-04-10,,2026-04-10,Autel,manutencao,informacoes de manutencao,file:///C:/Users/andre/OneDrive%20-%20D'accord%20Invest%20-%20Servi%C3%A7os%20Partilhados%20SA/CARFAST%20-%20OFICINA%20-%20HISTORICO%20TECNICO/2026/04_Abril/2026-04-10_BN-64-MN_VR3EDYHTXRJ747005_manutencao_informacoes-de-manutencao.pdf,2026-04-10_VR3EDYHTXRJ747005_informacoes-de-manutencao_4.pdf,historico_tecnico_2026_v2,matricula inferida por VIN,Codex,2026-05-20 03:17:29,,,,,,,,,,,,,,,,,,,,,,,,,,,,,,,,,
validado,d34095edf37f316c_2026-03-11_VR3EFYHT2PJ918611_informacoes-lubrificacao-motor_2.pdf,sim,2,BH-86-EB,VR3EFYHT2PJ918611,,,2026-03-11,,2026-03-11,Autel,lubrificacao_motor,informacoes lubrificacao motor,file:///C:/Users/andre/OneDrive%20-%20D'accord%20Invest%20-%20Servi%C3%A7os%20Partilhados%20SA/CARFAST%20-%20OFICINA%20-%20HISTORICO%20TECNICO/2026/03_Marco/2026-03-11_BH-86-EB_VR3EFYHT2PJ918611_lubrificacao_motor_informacoes-lubrificacao-motor.pdf,2026-03-11_VR3EFYHT2PJ918611_informacoes-lubrificacao-motor_2.pdf,historico_tecnico_2026_v2,matricula inferida por VIN,Codex,2026-05-20 03:17:29,,,,,,,,,,,,,,,,,,,,,,,,,,,,,,,,,
validado,d34095edf37f316c_2026-03-11_VR3EFYHT2PJ918611_informacoes-lubrificacao-motor_3.pdf,sim,3,BH-86-EB,VR3EFYHT2PJ918611,,,2026-03-11,,2026-03-11,Autel,lubrificacao_motor,informacoes lubrificacao motor,file:///C:/Users/andre/OneDrive%20-%20D'accord%20Invest%20-%20Servi%C3%A7os%20Partilhados%20SA/CARFAST%20-%20OFICINA%20-%20HISTORICO%20TECNICO/2026/03_Marco/2026-03-11_BH-86-EB_VR3EFYHT2PJ918611_lubrificacao_motor_informacoes-lubrificacao-motor.pdf,2026-03-11_VR3EFYHT2PJ918611_informacoes-lubrificacao-motor_3.pdf,historico_tecnico_2026_v2,matricula inferida por VIN,Codex,2026-05-20 03:17:29,,,,,,,,,,,,,,,,,,,,,,,,,,,,,,,,,
validado,d34095edf37f316c_2026-03-11_VR3EFYHT2PJ918611_informacoes-lubrificacao-motor_4.pdf,sim,4,BH-86-EB,VR3EFYHT2PJ918611,,,2026-03-11,,2026-03-11,Autel,lubrificacao_motor,informacoes lubrificacao motor,file:///C:/Users/andre/OneDrive%20-%20D'accord%20Invest%20-%20Servi%C3%A7os%20Partilhados%20SA/CARFAST%20-%20OFICINA%20-%20HISTORICO%20TECNICO/2026/03_Marco/2026-03-11_BH-86-EB_VR3EFYHT2PJ918611_lubrificacao_motor_informacoes-lubrificacao-motor.pdf,2026-03-11_VR3EFYHT2PJ918611_informacoes-lubrificacao-motor_4.pdf,historico_tecnico_2026_v2,matricula inferida por VIN,Codex,2026-05-20 03:17:29,,,,,,,,,,,,,,,,,,,,,,,,,,,,,,,,,
validado,3e3375ebc676741a_2026-03-11_VR3EFYHT2PJ918611_informacoes-de-manutencao_2.pdf,sim,6,BH-86-EB,VR3EFYHT2PJ918611,,,2026-03-11,,2026-03-11,Autel,manutencao,informacoes de manutencao,file:///C:/Users/andre/OneDrive%20-%20D'accord%20Invest%20-%20Servi%C3%A7os%20Partilhados%20SA/CARFAST%20-%20OFICINA%20-%20HISTORICO%20TECNICO/2026/03_Marco/2026-03-11_BH-86-EB_VR3EFYHT2PJ918611_manutencao_informacoes-de-manutencao.pdf,2026-03-11_VR3EFYHT2PJ918611_informacoes-de-manutencao_2.pdf,historico_tecnico_2026_v2,matricula inferida por VIN,Codex,2026-05-20 03:17:29,,,,,,,,,,,,,,,,,,,,,,,,,,,,,,,,,
validado,3e3375ebc676741a_2026-03-11_VR3EFYHT2PJ918611_informacoes-de-manutencao_3.pdf,sim,7,BH-86-EB,VR3EFYHT2PJ918611,,,2026-03-11,,2026-03-11,Autel,manutencao,informacoes de manutencao,file:///C:/Users/andre/OneDrive%20-%20D'accord%20Invest%20-%20Servi%C3%A7os%20Partilhados%20SA/CARFAST%20-%20OFICINA%20-%20HISTORICO%20TECNICO/2026/03_Marco/2026-03-11_BH-86-EB_VR3EFYHT2PJ918611_manutencao_informacoes-de-manutencao.pdf,2026-03-11_VR3EFYHT2PJ918611_informacoes-de-manutencao_3.pdf,historico_tecnico_2026_v2,matricula inferida por VIN,Codex,2026-05-20 03:17:29,,,,,,,,,,,,,,,,,,,,,,,,,,,,,,,,,
validado,3e3375ebc676741a_2026-03-11_VR3EFYHT2PJ918611_informacoes-de-manutencao_4.pdf,sim,8,BH-86-EB,VR3EFYHT2PJ918611,,,2026-03-11,,2026-03-11,Autel,manutencao,informacoes de manutencao,file:///C:/Users/andre/OneDrive%20-%20D'accord%20Invest%20-%20Servi%C3%A7os%20Partilhados%20SA/CARFAST%20-%20OFICINA%20-%20HISTORICO%20TECNICO/2026/03_Marco/2026-03-11_BH-86-EB_VR3EFYHT2PJ918611_manutencao_informacoes-de-manutencao.pdf,2026-03-11_VR3EFYHT2PJ918611_informacoes-de-manutencao_4.pdf,historico_tecnico_2026_v2,matricula inferida por VIN,Codex,2026-05-20 03:17:29,,,,,,,,,,,,,,,,,,,,,,,,,,,,,,,,,
validado,32f4bcf88454e284_2026-04-13_VR3EFYHT2PJ945589_informacoes-lubrificacao-motor_2.pdf,sim,2,BH-68-EC,VR3EFYHT2PJ945589,,,2026-04-13,,2026-04-13,Autel,lubrificacao_motor,informacoes lubrificacao motor,file:///C:/Users/andre/OneDrive%20-%20D'accord%20Invest%20-%20Servi%C3%A7os%20Partilhados%20SA/CARFAST%20-%20OFICINA%20-%20HISTORICO%20TECNICO/2026/04_Abril/2026-04-13_BH-68-EC_VR3EFYHT2PJ945589_lubrificacao_motor_informacoes-lubrificacao-motor.pdf,2026-04-13_VR3EFYHT2PJ945589_informacoes-lubrificacao-motor_2.pdf,historico_tecnico_2026_v2,matricula inferida por VIN,Codex,2026-05-20 03:17:29,,,,,,,,,,,,,,,,,,,,,,,,,,,,,,,,,
validado,32f4bcf88454e284_2026-04-13_VR3EFYHT2PJ945589_informacoes-lubrificacao-motor_3.pdf,sim,3,BH-68-EC,VR3EFYHT2PJ945589,,,2026-04-13,,2026-04-13,Autel,lubrificacao_motor,informacoes lubrificacao motor,file:///C:/Users/andre/OneDrive%20-%20D'accord%20Invest%20-%20Servi%C3%A7os%20Partilhados%20SA/CARFAST%20-%20OFICINA%20-%20HISTORICO%20TECNICO/2026/04_Abril/2026-04-13_BH-68-EC_VR3EFYHT2PJ945589_lubrificacao_motor_informacoes-lubrificacao-motor.pdf,2026-04-13_VR3EFYHT2PJ945589_informacoes-lubrificacao-motor_3.pdf,historico_tecnico_2026_v2,matricula inferida por VIN,Codex,2026-05-20 03:17:29,,,,,,,,,,,,,,,,,,,,,,,,,,,,,,,,,
validado,32f4bcf88454e284_2026-04-13_VR3EFYHT2PJ945589_informacoes-lubrificacao-motor_4.pdf,sim,4,BH-68-EC,VR3EFYHT2PJ945589,,,2026-04-13,,2026-04-13,Autel,lubrificacao_motor,informacoes lubrificacao motor,file:///C:/Users/andre/OneDrive%20-%20D'accord%20Invest%20-%20Servi%C3%A7os%20Partilhados%20SA/CARFAST%20-%20OFICINA%20-%20HISTORICO%20TECNICO/2026/04_Abril/2026-04-13_BH-68-EC_VR3EFYHT2PJ945589_lubrificacao_motor_informacoes-lubrificacao-motor.pdf,2026-04-13_VR3EFYHT2PJ945589_informacoes-lubrificacao-motor_4.pdf,historico_tecnico_2026_v2,matricula inferida por VIN,Codex,2026-05-20 03:17:29,,,,,,,,,,,,,,,,,,,,,,,,,,,,,,,,,
validado,6cb6b3e81482ed43_2026-04-13_VR3EFYHT2PJ945589_informacoes-de-manutencao_2.pdf,sim,6,BH-68-EC,VR3EFYHT2PJ945589,,,2026-04-13,,2026-04-13,Autel,manutencao,informacoes de manutencao,file:///C:/Users/andre/OneDrive%20-%20D'accord%20Invest%20-%20Servi%C3%A7os%20Partilhados%20SA/CARFAST%20-%20OFICINA%20-%20HISTORICO%20TECNICO/2026/04_Abril/2026-04-13_BH-68-EC_VR3EFYHT2PJ945589_manutencao_informacoes-de-manutencao.pdf,2026-04-13_VR3EFYHT2PJ945589_informacoes-de-manutencao_2.pdf,historico_tecnico_2026_v2,matricula inferida por VIN,Codex,2026-05-20 03:17:29,,,,,,,,,,,,,,,,,,,,,,,,,,,,,,,,,
validado,6cb6b3e81482ed43_2026-04-13_VR3EFYHT2PJ945589_informacoes-de-manutencao_3.pdf,sim,7,BH-68-EC,VR3EFYHT2PJ945589,,,2026-04-13,,2026-04-13,Autel,manutencao,informacoes de manutencao,file:///C:/Users/andre/OneDrive%20-%20D'accord%20Invest%20-%20Servi%C3%A7os%20Partilhados%20SA/CARFAST%20-%20OFICINA%20-%20HISTORICO%20TECNICO/2026/04_Abril/2026-04-13_BH-68-EC_VR3EFYHT2PJ945589_manutencao_informacoes-de-manutencao.pdf,2026-04-13_VR3EFYHT2PJ945589_informacoes-de-manutencao_3.pdf,historico_tecnico_2026_v2,matricula inferida por VIN,Codex,2026-05-20 03:17:29,,,,,,,,,,,,,,,,,,,,,,,,,,,,,,,,,
validado,6cb6b3e81482ed43_2026-04-13_VR3EFYHT2PJ945589_informacoes-de-manutencao_4.pdf,sim,8,BH-68-EC,VR3EFYHT2PJ945589,,,2026-04-13,,2026-04-13,Autel,manutencao,informacoes de manutencao,file:///C:/Users/andre/OneDrive%20-%20D'accord%20Invest%20-%20Servi%C3%A7os%20Partilhados%20SA/CARFAST%20-%20OFICINA%20-%20HISTORICO%20TECNICO/2026/04_Abril/2026-04-13_BH-68-EC_VR3EFYHT2PJ945589_manutencao_informacoes-de-manutencao.pdf,2026-04-13_VR3EFYHT2PJ945589_informacoes-de-manutencao_4.pdf,historico_tecnico_2026_v2,matricula inferida por VIN,Codex,2026-05-20 03:17:29,,,,,,,,,,,,,,,,,,,,,,,,,,,,,,,,,
validado,a6cb25e1679be889_2026-03-24_VR3FBYHZ0RY569207_relatorio-de-diagnostico-do-veiculo_2.pdf,sim,2,BL-82-IQ,VR3FBYHZ0RY569207,,,2026-03-24,,2026-03-24,Autel,leitura_defeitos,relatorio de diagnostico do veiculo,file:///C:/Users/andre/OneDrive%20-%20D'accord%20Invest%20-%20Servi%C3%A7os%20Partilhados%20SA/CARFAST%20-%20OFICINA%20-%20HISTORICO%20TECNICO/2026/03_Marco/2026-03-24_BL-82-IQ_VR3FBYHZ0RY569207_leitura_defeitos_relatorio-de-diagnostico-do-veiculo.pdf,2026-03-24_VR3FBYHZ0RY569207_relatorio-de-diagnostico-do-veiculo_2.pdf,historico_tecnico_2026_v2,matricula inferida por VIN,Codex,2026-05-20 03:17:29,,,,,,,,,,,,,,,,,,,,,,,,,,,,,,,,,
validado,a6cb25e1679be889_2026-03-24_VR3FBYHZ0RY569207_relatorio-de-diagnostico-do-veiculo_3.pdf,sim,3,BL-82-IQ,VR3FBYHZ0RY569207,,,2026-03-24,,2026-03-24,Autel,leitura_defeitos,relatorio de diagnostico do veiculo,file:///C:/Users/andre/OneDrive%20-%20D'accord%20Invest%20-%20Servi%C3%A7os%20Partilhados%20SA/CARFAST%20-%20OFICINA%20-%20HISTORICO%20TECNICO/2026/03_Marco/2026-03-24_BL-82-IQ_VR3FBYHZ0RY569207_leitura_defeitos_relatorio-de-diagnostico-do-veiculo.pdf,2026-03-24_VR3FBYHZ0RY569207_relatorio-de-diagnostico-do-veiculo_3.pdf,historico_tecnico_2026_v2,matricula inferida por VIN,Codex,2026-05-20 03:17:29,,,,,,,,,,,,,,,,,,,,,,,,,,,,,,,,,
validado,a6cb25e1679be889_2026-03-24_VR3FBYHZ0RY569207_relatorio-de-diagnostico-do-veiculo_4.pdf,sim,4,BL-82-IQ,VR3FBYHZ0RY569207,,,2026-03-24,,2026-03-24,Autel,leitura_defeitos,relatorio de diagnostico do veiculo,file:///C:/Users/andre/OneDrive%20-%20D'accord%20Invest%20-%20Servi%C3%A7os%20Partilhados%20SA/CARFAST%20-%20OFICINA%20-%20HISTORICO%20TECNICO/2026/03_Marco/2026-03-24_BL-82-IQ_VR3FBYHZ0RY569207_leitura_defeitos_relatorio-de-diagnostico-do-veiculo.pdf,2026-03-24_VR3FBYHZ0RY569207_relatorio-de-diagnostico-do-veiculo_4.pdf,historico_tecnico_2026_v2,matricula inferida por VIN,Codex,2026-05-20 03:17:29,,,,,,,,,,,,,,,,,,,,,,,,,,,,,,,,,
validado,fb52b05f6b5bbfb3_2026-03-24_VR3FBYHZ0RY569207_informacoes-lubrificacao-motor_2.pdf,sim,6,BL-82-IQ,VR3FBYHZ0RY569207,,,2026-03-24,,2026-03-24,Autel,lubrificacao_motor,informacoes lubrificacao motor,file:///C:/Users/andre/OneDrive%20-%20D'accord%20Invest%20-%20Servi%C3%A7os%20Partilhados%20SA/CARFAST%20-%20OFICINA%20-%20HISTORICO%20TECNICO/2026/03_Marco/2026-03-24_BL-82-IQ_VR3FBYHZ0RY569207_lubrificacao_motor_informacoes-lubrificacao-motor.pdf,2026-03-24_VR3FBYHZ0RY569207_informacoes-lubrificacao-motor_2.pdf,historico_tecnico_2026_v2,matricula inferida por VIN,Codex,2026-05-20 03:17:29,,,,,,,,,,,,,,,,,,,,,,,,,,,,,,,,,
validado,fb52b05f6b5bbfb3_2026-03-24_VR3FBYHZ0RY569207_informacoes-lubrificacao-motor_3.pdf,sim,7,BL-82-IQ,VR3FBYHZ0RY569207,,,2026-03-24,,2026-03-24,Autel,lubrificacao_motor,informacoes lubrificacao motor,file:///C:/Users/andre/OneDrive%20-%20D'accord%20Invest%20-%20Servi%C3%A7os%20Partilhados%20SA/CARFAST%20-%20OFICINA%20-%20HISTORICO%20TECNICO/2026/03_Marco/2026-03-24_BL-82-IQ_VR3FBYHZ0RY569207_lubrificacao_motor_informacoes-lubrificacao-motor.pdf,2026-03-24_VR3FBYHZ0RY569207_informacoes-lubrificacao-motor_3.pdf,historico_tecnico_2026_v2,matricula inferida por VIN,Codex,2026-05-20 03:17:29,,,,,,,,,,,,,,,,,,,,,,,,,,,,,,,,,
validado,fb52b05f6b5bbfb3_2026-03-24_VR3FBYHZ0RY569207_informacoes-lubrificacao-motor_4.pdf,sim,8,BL-82-IQ,VR3FBYHZ0RY569207,,,2026-03-24,,2026-03-24,Autel,lubrificacao_motor,informacoes lubrificacao motor,file:///C:/Users/andre/OneDrive%20-%20D'accord%20Invest%20-%20Servi%C3%A7os%20Partilhados%20SA/CARFAST%20-%20OFICINA%20-%20HISTORICO%20TECNICO/2026/03_Marco/2026-03-24_BL-82-IQ_VR3FBYHZ0RY569207_lubrificacao_motor_informacoes-lubrificacao-motor.pdf,2026-03-24_VR3FBYHZ0RY569207_informacoes-lubrificacao-motor_4.pdf,historico_tecnico_2026_v2,matricula inferida por VIN,Codex,2026-05-20 03:17:29,,,,,,,,,,,,,,,,,,,,,,,,,,,,,,,,,
validado,7959e7d22300c01d_2026-03-24_VR3FBYHZ0RY569207_informacoes-de-manutencao_2.pdf,sim,10,BL-82-IQ,VR3FBYHZ0RY569207,,,2026-03-24,,2026-03-24,Autel,manutencao,informacoes de manutencao,file:///C:/Users/andre/OneDrive%20-%20D'accord%20Invest%20-%20Servi%C3%A7os%20Partilhados%20SA/CARFAST%20-%20OFICINA%20-%20HISTORICO%20TECNICO/2026/03_Marco/2026-03-24_BL-82-IQ_VR3FBYHZ0RY569207_manutencao_informacoes-de-manutencao.pdf,2026-03-24_VR3FBYHZ0RY569207_informacoes-de-manutencao_2.pdf,historico_tecnico_2026_v2,matricula inferida por VIN,Codex,2026-05-20 03:17:29,,,,,,,,,,,,,,,,,,,,,,,,,,,,,,,,,
validado,7959e7d22300c01d_2026-03-24_VR3FBYHZ0RY569207_informacoes-de-manutencao_3.pdf,sim,11,BL-82-IQ,VR3FBYHZ0RY569207,,,2026-03-24,,2026-03-24,Autel,manutencao,informacoes de manutencao,file:///C:/Users/andre/OneDrive%20-%20D'accord%20Invest%20-%20Servi%C3%A7os%20Partilhados%20SA/CARFAST%20-%20OFICINA%20-%20HISTORICO%20TECNICO/2026/03_Marco/2026-03-24_BL-82-IQ_VR3FBYHZ0RY569207_manutencao_informacoes-de-manutencao.pdf,2026-03-24_VR3FBYHZ0RY569207_informacoes-de-manutencao_3.pdf,historico_tecnico_2026_v2,matricula inferida por VIN,Codex,2026-05-20 03:17:29,,,,,,,,,,,,,,,,,,,,,,,,,,,,,,,,,
validado,7959e7d22300c01d_2026-03-24_VR3FBYHZ0RY569207_informacoes-de-manutencao_4.pdf,sim,12,BL-82-IQ,VR3FBYHZ0RY569207,,,2026-03-24,,2026-03-24,Autel,manutencao,informacoes de manutencao,file:///C:/Users/andre/OneDrive%20-%20D'accord%20Invest%20-%20Servi%C3%A7os%20Partilhados%20SA/CARFAST%20-%20OFICINA%20-%20HISTORICO%20TECNICO/2026/03_Marco/2026-03-24_BL-82-IQ_VR3FBYHZ0RY569207_manutencao_informacoes-de-manutencao.pdf,2026-03-24_VR3FBYHZ0RY569207_informacoes-de-manutencao_4.pdf,historico_tecnico_2026_v2,matricula inferida por VIN,Codex,2026-05-20 03:17:29,,,,,,,,,,,,,,,,,,,,,,,,,,,,,,,,,
validado,0bfb3b47a2de6459_2026-04-01_VR3FBYHZ0RY569207_informacoes-lubrificacao-motor_2.pdf,sim,2,BL-82-IQ,VR3FBYHZ0RY569207,,,2026-04-01,,2026-04-01,Autel,lubrificacao_motor,informacoes lubrificacao motor,file:///C:/Users/andre/OneDrive%20-%20D'accord%20Invest%20-%20Servi%C3%A7os%20Partilhados%20SA/CARFAST%20-%20OFICINA%20-%20HISTORICO%20TECNICO/2026/04_Abril/2026-04-01_BL-82-IQ_VR3FBYHZ0RY569207_lubrificacao_motor_informacoes-lubrificacao-motor.pdf,2026-04-01_VR3FBYHZ0RY569207_informacoes-lubrificacao-motor_2.pdf,historico_tecnico_2026_v2,matricula inferida por VIN,Codex,2026-05-20 03:17:29,,,,,,,,,,,,,,,,,,,,,,,,,,,,,,,,,
validado,b36e87afa93f349d_2026-04-01_VR3FBYHZ0RY569207_informacoes-de-manutencao_2.pdf,sim,4,BL-82-IQ,VR3FBYHZ0RY569207,,,2026-04-01,,2026-04-01,Autel,manutencao,informacoes de manutencao,file:///C:/Users/andre/OneDrive%20-%20D'accord%20Invest%20-%20Servi%C3%A7os%20Partilhados%20SA/CARFAST%20-%20OFICINA%20-%20HISTORICO%20TECNICO/2026/04_Abril/2026-04-01_BL-82-IQ_VR3FBYHZ0RY569207_manutencao_informacoes-de-manutencao.pdf,2026-04-01_VR3FBYHZ0RY569207_informacoes-de-manutencao_2.pdf,historico_tecnico_2026_v2,matricula inferida por VIN,Codex,2026-05-20 03:17:29,,,,,,,,,,,,,,,,,,,,,,,,,,,,,,,,,
validado,df8438ab4ee95eef_2026-03-17_VR3FBYHZ4RY569274_relatorio-de-diagnostico-do-veiculo_2.pdf,sim,2,BL-70-NG,VR3FBYHZ4RY569274,,,2026-03-17,,2026-03-17,Autel,leitura_defeitos,relatorio de diagnostico do veiculo,file:///C:/Users/andre/OneDrive%20-%20D'accord%20Invest%20-%20Servi%C3%A7os%20Partilhados%20SA/CARFAST%20-%20OFICINA%20-%20HISTORICO%20TECNICO/2026/03_Marco/2026-03-17_BL-70-NG_VR3FBYHZ4RY569274_leitura_defeitos_relatorio-de-diagnostico-do-veiculo.pdf,2026-03-17_VR3FBYHZ4RY569274_relatorio-de-diagnostico-do-veiculo_2.pdf,historico_tecnico_2026_v2,matricula inferida por VIN,Codex,2026-05-20 03:17:29,,,,,,,,,,,,,,,,,,,,,,,,,,,,,,,,,
validado,df8438ab4ee95eef_2026-03-17_VR3FBYHZ4RY569274_relatorio-de-diagnostico-do-veiculo_3.pdf,sim,3,BL-70-NG,VR3FBYHZ4RY569274,,,2026-03-17,,2026-03-17,Autel,leitura_defeitos,relatorio de diagnostico do veiculo,file:///C:/Users/andre/OneDrive%20-%20D'accord%20Invest%20-%20Servi%C3%A7os%20Partilhados%20SA/CARFAST%20-%20OFICINA%20-%20HISTORICO%20TECNICO/2026/03_Marco/2026-03-17_BL-70-NG_VR3FBYHZ4RY569274_leitura_defeitos_relatorio-de-diagnostico-do-veiculo.pdf,2026-03-17_VR3FBYHZ4RY569274_relatorio-de-diagnostico-do-veiculo_3.pdf,historico_tecnico_2026_v2,matricula inferida por VIN,Codex,2026-05-20 03:17:29,,,,,,,,,,,,,,,,,,,,,,,,,,,,,,,,,
validado,df8438ab4ee95eef_2026-03-17_VR3FBYHZ4RY569274_relatorio-de-diagnostico-do-veiculo_4.pdf,sim,4,BL-70-NG,VR3FBYHZ4RY569274,,,2026-03-17,,2026-03-17,Autel,leitura_defeitos,relatorio de diagnostico do veiculo,file:///C:/Users/andre/OneDrive%20-%20D'accord%20Invest%20-%20Servi%C3%A7os%20Partilhados%20SA/CARFAST%20-%20OFICINA%20-%20HISTORICO%20TECNICO/2026/03_Marco/2026-03-17_BL-70-NG_VR3FBYHZ4RY569274_leitura_defeitos_relatorio-de-diagnostico-do-veiculo.pdf,2026-03-17_VR3FBYHZ4RY569274_relatorio-de-diagnostico-do-veiculo_4.pdf,historico_tecnico_2026_v2,matricula inferida por VIN,Codex,2026-05-20 03:17:29,,,,,,,,,,,,,,,,,,,,,,,,,,,,,,,,,
validado,55a4cfe17807553e_2026-03-17_VR3FBYHZ4RY569274_informacoes-de-manutencao_2.pdf,sim,6,BL-70-NG,VR3FBYHZ4RY569274,,,2026-03-17,,2026-03-17,Autel,manutencao,informacoes de manutencao,file:///C:/Users/andre/OneDrive%20-%20D'accord%20Invest%20-%20Servi%C3%A7os%20Partilhados%20SA/CARFAST%20-%20OFICINA%20-%20HISTORICO%20TECNICO/2026/03_Marco/2026-03-17_BL-70-NG_VR3FBYHZ4RY569274_manutencao_informacoes-de-manutencao.pdf,2026-03-17_VR3FBYHZ4RY569274_informacoes-de-manutencao_2.pdf,historico_tecnico_2026_v2,matricula inferida por VIN,Codex,2026-05-20 03:17:29,,,,,,,,,,,,,,,,,,,,,,,,,,,,,,,,,
validado,55a4cfe17807553e_2026-03-17_VR3FBYHZ4RY569274_informacoes-de-manutencao_3.pdf,sim,7,BL-70-NG,VR3FBYHZ4RY569274,,,2026-03-17,,2026-03-17,Autel,manutencao,informacoes de manutencao,file:///C:/Users/andre/OneDrive%20-%20D'accord%20Invest%20-%20Servi%C3%A7os%20Partilhados%20SA/CARFAST%20-%20OFICINA%20-%20HISTORICO%20TECNICO/2026/03_Marco/2026-03-17_BL-70-NG_VR3FBYHZ4RY569274_manutencao_informacoes-de-manutencao.pdf,2026-03-17_VR3FBYHZ4RY569274_informacoes-de-manutencao_3.pdf,historico_tecnico_2026_v2,matricula inferida por VIN,Codex,2026-05-20 03:17:29,,,,,,,,,,,,,,,,,,,,,,,,,,,,,,,,,
validado,55a4cfe17807553e_2026-03-17_VR3FBYHZ4RY569274_informacoes-de-manutencao_4.pdf,sim,8,BL-70-NG,VR3FBYHZ4RY569274,,,2026-03-17,,2026-03-17,Autel,manutencao,informacoes de manutencao,file:///C:/Users/andre/OneDrive%20-%20D'accord%20Invest%20-%20Servi%C3%A7os%20Partilhados%20SA/CARFAST%20-%20OFICINA%20-%20HISTORICO%20TECNICO/2026/03_Marco/2026-03-17_BL-70-NG_VR3FBYHZ4RY569274_manutencao_informacoes-de-manutencao.pdf,2026-03-17_VR3FBYHZ4RY569274_informacoes-de-manutencao_4.pdf,historico_tecnico_2026_v2,matricula inferida por VIN,Codex,2026-05-20 03:17:29,,,,,,,,,,,,,,,,,,,,,,,,,,,,,,,,,
validado,cdca3836e624c88f_2026-04-06_VR3FBYHZ6RY569096_informacoes-lubrificacao-motor_2.pdf,sim,2,BL-75-NF,VR3FBYHZ6RY569096,,,2026-04-06,,2026-04-06,Autel,lubrificacao_motor,informacoes lubrificacao motor,file:///C:/Users/andre/OneDrive%20-%20D'accord%20Invest%20-%20Servi%C3%A7os%20Partilhados%20SA/CARFAST%20-%20OFICINA%20-%20HISTORICO%20TECNICO/2026/04_Abril/2026-04-06_BL-75-NF_VR3FBYHZ6RY569096_lubrificacao_motor_informacoes-lubrificacao-motor.pdf,2026-04-06_VR3FBYHZ6RY569096_informacoes-lubrificacao-motor_2.pdf,historico_tecnico_2026_v2,matricula inferida por VIN,Codex,2026-05-20 03:17:29,,,,,,,,,,,,,,,,,,,,,,,,,,,,,,,,,
validado,cdca3836e624c88f_2026-04-06_VR3FBYHZ6RY569096_informacoes-lubrificacao-motor_3.pdf,sim,3,BL-75-NF,VR3FBYHZ6RY569096,,,2026-04-06,,2026-04-06,Autel,lubrificacao_motor,informacoes lubrificacao motor,file:///C:/Users/andre/OneDrive%20-%20D'accord%20Invest%20-%20Servi%C3%A7os%20Partilhados%20SA/CARFAST%20-%20OFICINA%20-%20HISTORICO%20TECNICO/2026/04_Abril/2026-04-06_BL-75-NF_VR3FBYHZ6RY569096_lubrificacao_motor_informacoes-lubrificacao-motor.pdf,2026-04-06_VR3FBYHZ6RY569096_informacoes-lubrificacao-motor_3.pdf,historico_tecnico_2026_v2,matricula inferida por VIN,Codex,2026-05-20 03:17:29,,,,,,,,,,,,,,,,,,,,,,,,,,,,,,,,,
validado,cdca3836e624c88f_2026-04-06_VR3FBYHZ6RY569096_informacoes-lubrificacao-motor_4.pdf,sim,4,BL-75-NF,VR3FBYHZ6RY569096,,,2026-04-06,,2026-04-06,Autel,lubrificacao_motor,informacoes lubrificacao motor,file:///C:/Users/andre/OneDrive%20-%20D'accord%20Invest%20-%20Servi%C3%A7os%20Partilhados%20SA/CARFAST%20-%20OFICINA%20-%20HISTORICO%20TECNICO/2026/04_Abril/2026-04-06_BL-75-NF_VR3FBYHZ6RY569096_lubrificacao_motor_informacoes-lubrificacao-motor.pdf,2026-04-06_VR3FBYHZ6RY569096_informacoes-lubrificacao-motor_4.pdf,historico_tecnico_2026_v2,matricula inferida por VIN,Codex,2026-05-20 03:17:29,,,,,,,,,,,,,,,,,,,,,,,,,,,,,,,,,
validado,08accb838e030108_2026-04-06_VR3FBYHZ6RY569096_informacoes-de-manutencao_3.pdf,sim,7,BL-75-NF,VR3FBYHZ6RY569096,,,2026-04-06,,2026-04-06,Autel,manutencao,informacoes de manutencao,file:///C:/Users/andre/OneDrive%20-%20D'accord%20Invest%20-%20Servi%C3%A7os%20Partilhados%20SA/CARFAST%20-%20OFICINA%20-%20HISTORICO%20TECNICO/2026/04_Abril/2026-04-06_BL-75-NF_VR3FBYHZ6RY569096_manutencao_informacoes-de-manutencao.pdf,2026-04-06_VR3FBYHZ6RY569096_informacoes-de-manutencao_3.pdf,historico_tecnico_2026_v2,matricula inferida por VIN,Codex,2026-05-20 03:17:29,,,,,,,,,,,,,,,,,,,,,,,,,,,,,,,,,
validado,5057b3085810c35d_2026-04-06_VR3FBYHZ6RY569096_informacoes-de-manutencao_4.pdf,sim,8,BL-75-NF,VR3FBYHZ6RY569096,,,2026-04-06,,2026-04-06,Autel,manutencao,informacoes de manutencao,file:///C:/Users/andre/OneDrive%20-%20D'accord%20Invest%20-%20Servi%C3%A7os%20Partilhados%20SA/CARFAST%20-%20OFICINA%20-%20HISTORICO%20TECNICO/2026/04_Abril/2026-04-06_BL-75-NF_VR3FBYHZ6RY569096_manutencao_informacoes-de-manutencao_1.pdf,2026-04-06_VR3FBYHZ6RY569096_informacoes-de-manutencao_4.pdf,historico_tecnico_2026_v2,matricula inferida por VIN,Codex,2026-05-20 03:17:29,,,,,,,,,,,,,,,,,,,,,,,,,,,,,,,,,
validado,08accb838e030108_2026-04-06_VR3FBYHZ6RY569096_informacoes-de-manutencao_5.pdf,sim,9,BL-75-NF,VR3FBYHZ6RY569096,,,2026-04-06,,2026-04-06,Autel,manutencao,informacoes de manutencao,file:///C:/Users/andre/OneDrive%20-%20D'accord%20Invest%20-%20Servi%C3%A7os%20Partilhados%20SA/CARFAST%20-%20OFICINA%20-%20HISTORICO%20TECNICO/2026/04_Abril/2026-04-06_BL-75-NF_VR3FBYHZ6RY569096_manutencao_informacoes-de-manutencao.pdf,2026-04-06_VR3FBYHZ6RY569096_informacoes-de-manutencao_5.pdf,historico_tecnico_2026_v2,matricula inferida por VIN,Codex,2026-05-20 03:17:29,,,,,,,,,,,,,,,,,,,,,,,,,,,,,,,,,
validado,5057b3085810c35d_2026-04-06_VR3FBYHZ6RY569096_informacoes-de-manutencao_6.pdf,sim,10,BL-75-NF,VR3FBYHZ6RY569096,,,2026-04-06,,2026-04-06,Autel,manutencao,informacoes de manutencao,file:///C:/Users/andre/OneDrive%20-%20D'accord%20Invest%20-%20Servi%C3%A7os%20Partilhados%20SA/CARFAST%20-%20OFICINA%20-%20HISTORICO%20TECNICO/2026/04_Abril/2026-04-06_BL-75-NF_VR3FBYHZ6RY569096_manutencao_informacoes-de-manutencao_1.pdf,2026-04-06_VR3FBYHZ6RY569096_informacoes-de-manutencao_6.pdf,historico_tecnico_2026_v2,matricula inferida por VIN,Codex,2026-05-20 03:17:29,,,,,,,,,,,,,,,,,,,,,,,,,,,,,,,,,
validado,08accb838e030108_2026-04-06_VR3FBYHZ6RY569096_informacoes-de-manutencao_7.pdf,sim,11,BL-75-NF,VR3FBYHZ6RY569096,,,2026-04-06,,2026-04-06,Autel,manutencao,informacoes de manutencao,file:///C:/Users/andre/OneDrive%20-%20D'accord%20Invest%20-%20Servi%C3%A7os%20Partilhados%20SA/CARFAST%20-%20OFICINA%20-%20HISTORICO%20TECNICO/2026/04_Abril/2026-04-06_BL-75-NF_VR3FBYHZ6RY569096_manutencao_informacoes-de-manutencao.pdf,2026-04-06_VR3FBYHZ6RY569096_informacoes-de-manutencao_7.pdf,historico_tecnico_2026_v2,matricula inferida por VIN,Codex,2026-05-20 03:17:29,,,,,,,,,,,,,,,,,,,,,,,,,,,,,,,,,
validado,5057b3085810c35d_2026-04-06_VR3FBYHZ6RY569096_informacoes-de-manutencao_8.pdf,sim,12,BL-75-NF,VR3FBYHZ6RY569096,,,2026-04-06,,2026-04-06,Autel,manutencao,informacoes de manutencao,file:///C:/Users/andre/OneDrive%20-%20D'accord%20Invest%20-%20Servi%C3%A7os%20Partilhados%20SA/CARFAST%20-%20OFICINA%20-%20HISTORICO%20TECNICO/2026/04_Abril/2026-04-06_BL-75-NF_VR3FBYHZ6RY569096_manutencao_informacoes-de-manutencao_1.pdf,2026-04-06_VR3FBYHZ6RY569096_informacoes-de-manutencao_8.pdf,historico_tecnico_2026_v2,matricula inferida por VIN,Codex,2026-05-20 03:17:29,,,,,,,,,,,,,,,,,,,,,,,,,,,,,,,,,
validado,d9bfa00b6e0ffe6e_2026-01-08_VR3FBYHZ6RY569275_relatorio-de-diagnostico-do-veiculo_2.pdf,sim,2,BL-02-NH,VR3FBYHZ6RY569275,,,2026-01-08,,2026-01-08,Autel,leitura_defeitos,relatorio de diagnostico do veiculo,file:///C:/Users/andre/OneDrive%20-%20D'accord%20Invest%20-%20Servi%C3%A7os%20Partilhados%20SA/CARFAST%20-%20OFICINA%20-%20HISTORICO%20TECNICO/2026/01_Janeiro/2026-01-08_BL-02-NH_VR3FBYHZ6RY569275_leitura_defeitos_relatorio-de-diagnostico-do-veiculo.pdf,2026-01-08_VR3FBYHZ6RY569275_relatorio-de-diagnostico-do-veiculo_2.pdf,historico_tecnico_2026_v2,matricula inferida por VIN,Codex,2026-05-20 03:17:29,,,,,,,,,,,,,,,,,,,,,,,,,,,,,,,,,
validado,a05d8fcc6aec8bbc_2026-04-13_VR3FRHNS6RY546940_informacoes-de-manutencao_3.pdf,sim,3,BJ-35-HB,VR3FRHNS6RY546940,,,2026-04-13,,2026-04-13,Autel,manutencao,informacoes de manutencao,file:///C:/Users/andre/OneDrive%20-%20D'accord%20Invest%20-%20Servi%C3%A7os%20Partilhados%20SA/CARFAST%20-%20OFICINA%20-%20HISTORICO%20TECNICO/2026/04_Abril/2026-04-13_BJ-35-HB_VR3FRHNS6RY546940_manutencao_informacoes-de-manutencao.pdf,2026-04-13_VR3FRHNS6RY546940_informacoes-de-manutencao_3.pdf,historico_tecnico_2026_v2,matricula inferida por VIN,Codex,2026-05-20 03:17:29,,,,,,,,,,,,,,,,,,,,,,,,,,,,,,,,,
validado,430f740e3329bb16_2026-04-13_VR3FRHNS6RY546940_informacoes-de-manutencao_4.pdf,sim,4,BJ-35-HB,VR3FRHNS6RY546940,,,2026-04-13,,2026-04-13,Autel,manutencao,informacoes de manutencao,file:///C:/Users/andre/OneDrive%20-%20D'accord%20Invest%20-%20Servi%C3%A7os%20Partilhados%20SA/CARFAST%20-%20OFICINA%20-%20HISTORICO%20TECNICO/2026/04_Abril/2026-04-13_BJ-35-HB_VR3FRHNS6RY546940_manutencao_informacoes-de-manutencao_1.pdf,2026-04-13_VR3FRHNS6RY546940_informacoes-de-manutencao_4.pdf,historico_tecnico_2026_v2,matricula inferida por VIN,Codex,2026-05-20 03:17:29,,,,,,,,,,,,,,,,,,,,,,,,,,,,,,,,,
validado,a05d8fcc6aec8bbc_2026-04-13_VR3FRHNS6RY546940_informacoes-de-manutencao_5.pdf,sim,5,BJ-35-HB,VR3FRHNS6RY546940,,,2026-04-13,,2026-04-13,Autel,manutencao,informacoes de manutencao,file:///C:/Users/andre/OneDrive%20-%20D'accord%20Invest%20-%20Servi%C3%A7os%20Partilhados%20SA/CARFAST%20-%20OFICINA%20-%20HISTORICO%20TECNICO/2026/04_Abril/2026-04-13_BJ-35-HB_VR3FRHNS6RY546940_manutencao_informacoes-de-manutencao.pdf,2026-04-13_VR3FRHNS6RY546940_informacoes-de-manutencao_5.pdf,historico_tecnico_2026_v2,matricula inferida por VIN,Codex,2026-05-20 03:17:29,,,,,,,,,,,,,,,,,,,,,,,,,,,,,,,,,
validado,430f740e3329bb16_2026-04-13_VR3FRHNS6RY546940_informacoes-de-manutencao_6.pdf,sim,6,BJ-35-HB,VR3FRHNS6RY546940,,,2026-04-13,,2026-04-13,Autel,manutencao,informacoes de manutencao,file:///C:/Users/andre/OneDrive%20-%20D'accord%20Invest%20-%20Servi%C3%A7os%20Partilhados%20SA/CARFAST%20-%20OFICINA%20-%20HISTORICO%20TECNICO/2026/04_Abril/2026-04-13_BJ-35-HB_VR3FRHNS6RY546940_manutencao_informacoes-de-manutencao_1.pdf,2026-04-13_VR3FRHNS6RY546940_informacoes-de-manutencao_6.pdf,historico_tecnico_2026_v2,matricula inferida por VIN,Codex,2026-05-20 03:17:29,,,,,,,,,,,,,,,,,,,,,,,,,,,,,,,,,
validado,a05d8fcc6aec8bbc_2026-04-13_VR3FRHNS6RY546940_informacoes-de-manutencao_7.pdf,sim,7,BJ-35-HB,VR3FRHNS6RY546940,,,2026-04-13,,2026-04-13,Autel,manutencao,informacoes de manutencao,file:///C:/Users/andre/OneDrive%20-%20D'accord%20Invest%20-%20Servi%C3%A7os%20Partilhados%20SA/CARFAST%20-%20OFICINA%20-%20HISTORICO%20TECNICO/2026/04_Abril/2026-04-13_BJ-35-HB_VR3FRHNS6RY546940_manutencao_informacoes-de-manutencao.pdf,2026-04-13_VR3FRHNS6RY546940_informacoes-de-manutencao_7.pdf,historico_tecnico_2026_v2,matricula inferida por VIN,Codex,2026-05-20 03:17:29,,,,,,,,,,,,,,,,,,,,,,,,,,,,,,,,,
validado,430f740e3329bb16_2026-04-13_VR3FRHNS6RY546940_informacoes-de-manutencao_8.pdf,sim,8,BJ-35-HB,VR3FRHNS6RY546940,,,2026-04-13,,2026-04-13,Autel,manutencao,informacoes de manutencao,file:///C:/Users/andre/OneDrive%20-%20D'accord%20Invest%20-%20Servi%C3%A7os%20Partilhados%20SA/CARFAST%20-%20OFICINA%20-%20HISTORICO%20TECNICO/2026/04_Abril/2026-04-13_BJ-35-HB_VR3FRHNS6RY546940_manutencao_informacoes-de-manutencao_1.pdf,2026-04-13_VR3FRHNS6RY546940_informacoes-de-manutencao_8.pdf,historico_tecnico_2026_v2,matricula inferida por VIN,Codex,2026-05-20 03:17:29,,,,,,,,,,,,,,,,,,,,,,,,,,,,,,,,,
validado,f14268298ac9c01b_2026-03-02_VR3UBYHTKN5905165_informacoes-lubrificacao-motor_2.pdf,sim,3,AU-87-XZ,VR3UBYHTKN5905165,,,2026-03-02,17:25:52,2026-03-02 17:25:52,Autel,lubrificacao_motor,informacoes lubrificacao motor | diluicao oleo: 5.125%,file:///C:/Users/andre/OneDrive%20-%20D'accord%20Invest%20-%20Servi%C3%A7os%20Partilhados%20SA/CARFAST%20-%20OFICINA%20-%20HISTORICO%20TECNICO/2026/03_Marco/2026-03-02_AU-87-XZ_VR3UBYHTKN5905165_lubrificacao_motor_informacoes-lubrificacao-motor.pdf,2026-03-02_VR3UBYHTKN5905165_informacoes-lubrificacao-motor_2.pdf,historico_tecnico_2026_v2,matricula inferida por VIN,Codex,2026-05-20 03:17:29,,,,,,,,,,,,,,,,,,,,,,5.125,0.813,Proteção inativa,830000,,,,,,,,
validado,d2349adce54e471b_2026-01-21_VR3UBYHTKP5008001_informacoes-lubrificacao-motor_2.pdf,sim,2,BB-01-HF,VR3UBYHTKP5008001,,,2026-01-21,,2026-01-21,Autel,lubrificacao_motor,informacoes lubrificacao motor,file:///C:/Users/andre/OneDrive%20-%20D'accord%20Invest%20-%20Servi%C3%A7os%20Partilhados%20SA/CARFAST%20-%20OFICINA%20-%20HISTORICO%20TECNICO/2026/01_Janeiro/2026-01-21_BB-01-HF_VR3UBYHTKP5008001_lubrificacao_motor_informacoes-lubrificacao-motor.pdf,2026-01-21_VR3UBYHTKP5008001_informacoes-lubrificacao-motor_2.pdf,historico_tecnico_2026_v2,matricula inferida por VIN,Codex,2026-05-20 03:17:29,,,,,,,,,,,,,,,,,,,,,,,,,,,,,,,,,
validado,32899f15911d4836_2026-01-21_VR3UBYHTKP5008001_informacoes-de-manutencao_2.pdf,sim,4,BB-01-HF,VR3UBYHTKP5008001,,,2026-01-21,,2026-01-21,Autel,manutencao,informacoes de manutencao,file:///C:/Users/andre/OneDrive%20-%20D'accord%20Invest%20-%20Servi%C3%A7os%20Partilhados%20SA/CARFAST%20-%20OFICINA%20-%20HISTORICO%20TECNICO/2026/01_Janeiro/2026-01-21_BB-01-HF_VR3UBYHTKP5008001_manutencao_informacoes-de-manutencao.pdf,2026-01-21_VR3UBYHTKP5008001_informacoes-de-manutencao_2.pdf,historico_tecnico_2026_v2,matricula inferida por VIN,Codex,2026-05-20 03:17:29,,,,,,,,,,,,,,,,,,,,,,,,,,,,,,,,,
validado,457c17170b0e087a_2026-03-16_VR3UPHMHDP5003419_relatorio-de-diagnostico-do-veiculo_2.pdf,sim,2,AX-01-XE,VR3UPHMHDP5003419,,,2026-03-16,,2026-03-16,Autel,leitura_defeitos,relatorio de diagnostico do veiculo,file:///C:/Users/andre/OneDrive%20-%20D'accord%20Invest%20-%20Servi%C3%A7os%20Partilhados%20SA/CARFAST%20-%20OFICINA%20-%20HISTORICO%20TECNICO/2026/03_Marco/2026-03-16_AX-01-XE_VR3UPHMHDP5003419_leitura_defeitos_relatorio-de-diagnostico-do-veiculo.pdf,2026-03-16_VR3UPHMHDP5003419_relatorio-de-diagnostico-do-veiculo_2.pdf,historico_tecnico_2026_v2,matricula inferida por VIN,Codex,2026-05-20 03:17:29,,,,,,,,,,,,,,,,,,,,,,,,,,,,,,,,,
validado,457c17170b0e087a_2026-03-16_VR3UPHMHDP5003419_relatorio-de-diagnostico-do-veiculo_3.pdf,sim,3,AX-01-XE,VR3UPHMHDP5003419,,,2026-03-16,,2026-03-16,Autel,leitura_defeitos,relatorio de diagnostico do veiculo,file:///C:/Users/andre/OneDrive%20-%20D'accord%20Invest%20-%20Servi%C3%A7os%20Partilhados%20SA/CARFAST%20-%20OFICINA%20-%20HISTORICO%20TECNICO/2026/03_Marco/2026-03-16_AX-01-XE_VR3UPHMHDP5003419_leitura_defeitos_relatorio-de-diagnostico-do-veiculo.pdf,2026-03-16_VR3UPHMHDP5003419_relatorio-de-diagnostico-do-veiculo_3.pdf,historico_tecnico_2026_v2,matricula inferida por VIN,Codex,2026-05-20 03:17:29,,,,,,,,,,,,,,,,,,,,,,,,,,,,,,,,,
validado,457c17170b0e087a_2026-03-16_VR3UPHMHDP5003419_relatorio-de-diagnostico-do-veiculo_4.pdf,sim,4,AX-01-XE,VR3UPHMHDP5003419,,,2026-03-16,,2026-03-16,Autel,leitura_defeitos,relatorio de diagnostico do veiculo,file:///C:/Users/andre/OneDrive%20-%20D'accord%20Invest%20-%20Servi%C3%A7os%20Partilhados%20SA/CARFAST%20-%20OFICINA%20-%20HISTORICO%20TECNICO/2026/03_Marco/2026-03-16_AX-01-XE_VR3UPHMHDP5003419_leitura_defeitos_relatorio-de-diagnostico-do-veiculo.pdf,2026-03-16_VR3UPHMHDP5003419_relatorio-de-diagnostico-do-veiculo_4.pdf,historico_tecnico_2026_v2,matricula inferida por VIN,Codex,2026-05-20 03:17:29,,,,,,,,,,,,,,,,,,,,,,,,,,,,,,,,,
validado,58798616ab2192c9_2026-03-16_VR3UPHMHDP5003419_informacoes-de-manutencao_2.pdf,sim,6,AX-01-XE,VR3UPHMHDP5003419,,,2026-03-16,,2026-03-16,Autel,manutencao,informacoes de manutencao,file:///C:/Users/andre/OneDrive%20-%20D'accord%20Invest%20-%20Servi%C3%A7os%20Partilhados%20SA/CARFAST%20-%20OFICINA%20-%20HISTORICO%20TECNICO/2026/03_Marco/2026-03-16_AX-01-XE_VR3UPHMHDP5003419_manutencao_informacoes-de-manutencao.pdf,2026-03-16_VR3UPHMHDP5003419_informacoes-de-manutencao_2.pdf,historico_tecnico_2026_v2,matricula inferida por VIN,Codex,2026-05-20 03:17:29,,,,,,,,,,,,,,,,,,,,,,,,,,,,,,,,,
validado,58798616ab2192c9_2026-03-16_VR3UPHMHDP5003419_informacoes-de-manutencao_3.pdf,sim,7,AX-01-XE,VR3UPHMHDP5003419,,,2026-03-16,,2026-03-16,Autel,manutencao,informacoes de manutencao,file:///C:/Users/andre/OneDrive%20-%20D'accord%20Invest%20-%20Servi%C3%A7os%20Partilhados%20SA/CARFAST%20-%20OFICINA%20-%20HISTORICO%20TECNICO/2026/03_Marco/2026-03-16_AX-01-XE_VR3UPHMHDP5003419_manutencao_informacoes-de-manutencao.pdf,2026-03-16_VR3UPHMHDP5003419_informacoes-de-manutencao_3.pdf,historico_tecnico_2026_v2,matricula inferida por VIN,Codex,2026-05-20 03:17:29,,,,,,,,,,,,,,,,,,,,,,,,,,,,,,,,,
validado,58798616ab2192c9_2026-03-16_VR3UPHMHDP5003419_informacoes-de-manutencao_4.pdf,sim,8,AX-01-XE,VR3UPHMHDP5003419,,,2026-03-16,,2026-03-16,Autel,manutencao,informacoes de manutencao,file:///C:/Users/andre/OneDrive%20-%20D'accord%20Invest%20-%20Servi%C3%A7os%20Partilhados%20SA/CARFAST%20-%20OFICINA%20-%20HISTORICO%20TECNICO/2026/03_Marco/2026-03-16_AX-01-XE_VR3UPHMHDP5003419_manutencao_informacoes-de-manutencao.pdf,2026-03-16_VR3UPHMHDP5003419_informacoes-de-manutencao_4.pdf,historico_tecnico_2026_v2,matricula inferida por VIN,Codex,2026-05-20 03:17:29,,,,,,,,,,,,,,,,,,,,,,,,,,,,,,,,,
validado,4fd1f81cb31ff8ed_2026-04-14_VR3UPHNE0R5063310_relatorio-de-diagnostico-do-veiculo_2.pdf,sim,2,BJ-66-ZA,VR3UPHNE0R5063310,,,2026-04-14,,2026-04-14,Autel,leitura_defeitos,relatorio de diagnostico do veiculo,file:///C:/Users/andre/OneDrive%20-%20D'accord%20Invest%20-%20Servi%C3%A7os%20Partilhados%20SA/CARFAST%20-%20OFICINA%20-%20HISTORICO%20TECNICO/2026/04_Abril/2026-04-14_BJ-66-ZA_VR3UPHNE0R5063310_leitura_defeitos_relatorio-de-diagnostico-do-veiculo.pdf,2026-04-14_VR3UPHNE0R5063310_relatorio-de-diagnostico-do-veiculo_2.pdf,historico_tecnico_2026_v2,matricula inferida por VIN,Codex,2026-05-20 03:17:29,,,,,,,,,,,,,,,,,,,,,,,,,,,,,,,,,
validado,4fd1f81cb31ff8ed_2026-04-14_VR3UPHNE0R5063310_relatorio-de-diagnostico-do-veiculo_3.pdf,sim,3,BJ-66-ZA,VR3UPHNE0R5063310,,,2026-04-14,,2026-04-14,Autel,leitura_defeitos,relatorio de diagnostico do veiculo,file:///C:/Users/andre/OneDrive%20-%20D'accord%20Invest%20-%20Servi%C3%A7os%20Partilhados%20SA/CARFAST%20-%20OFICINA%20-%20HISTORICO%20TECNICO/2026/04_Abril/2026-04-14_BJ-66-ZA_VR3UPHNE0R5063310_leitura_defeitos_relatorio-de-diagnostico-do-veiculo.pdf,2026-04-14_VR3UPHNE0R5063310_relatorio-de-diagnostico-do-veiculo_3.pdf,historico_tecnico_2026_v2,matricula inferida por VIN,Codex,2026-05-20 03:17:29,,,,,,,,,,,,,,,,,,,,,,,,,,,,,,,,,
validado,4fd1f81cb31ff8ed_2026-04-14_VR3UPHNE0R5063310_relatorio-de-diagnostico-do-veiculo_4.pdf,sim,4,BJ-66-ZA,VR3UPHNE0R5063310,,,2026-04-14,,2026-04-14,Autel,leitura_defeitos,relatorio de diagnostico do veiculo,file:///C:/Users/andre/OneDrive%20-%20D'accord%20Invest%20-%20Servi%C3%A7os%20Partilhados%20SA/CARFAST%20-%20OFICINA%20-%20HISTORICO%20TECNICO/2026/04_Abril/2026-04-14_BJ-66-ZA_VR3UPHNE0R5063310_leitura_defeitos_relatorio-de-diagnostico-do-veiculo.pdf,2026-04-14_VR3UPHNE0R5063310_relatorio-de-diagnostico-do-veiculo_4.pdf,historico_tecnico_2026_v2,matricula inferida por VIN,Codex,2026-05-20 03:17:29,,,,,,,,,,,,,,,,,,,,,,,,,,,,,,,,,
validado,21fffc46f044ca96_2026-04-14_VR3UPHNE0R5063310_informacoes-de-manutencao_2.pdf,sim,6,BJ-66-ZA,VR3UPHNE0R5063310,,,2026-04-14,,2026-04-14,Autel,manutencao,informacoes de manutencao,file:///C:/Users/andre/OneDrive%20-%20D'accord%20Invest%20-%20Servi%C3%A7os%20Partilhados%20SA/CARFAST%20-%20OFICINA%20-%20HISTORICO%20TECNICO/2026/04_Abril/2026-04-14_BJ-66-ZA_VR3UPHNE0R5063310_manutencao_informacoes-de-manutencao.pdf,2026-04-14_VR3UPHNE0R5063310_informacoes-de-manutencao_2.pdf,historico_tecnico_2026_v2,matricula inferida por VIN,Codex,2026-05-20 03:17:29,,,,,,,,,,,,,,,,,,,,,,,,,,,,,,,,,
validado,21fffc46f044ca96_2026-04-14_VR3UPHNE0R5063310_informacoes-de-manutencao_3.pdf,sim,7,BJ-66-ZA,VR3UPHNE0R5063310,,,2026-04-14,,2026-04-14,Autel,manutencao,informacoes de manutencao,file:///C:/Users/andre/OneDrive%20-%20D'accord%20Invest%20-%20Servi%C3%A7os%20Partilhados%20SA/CARFAST%20-%20OFICINA%20-%20HISTORICO%20TECNICO/2026/04_Abril/2026-04-14_BJ-66-ZA_VR3UPHNE0R5063310_manutencao_informacoes-de-manutencao.pdf,2026-04-14_VR3UPHNE0R5063310_informacoes-de-manutencao_3.pdf,historico_tecnico_2026_v2,matricula inferida por VIN,Codex,2026-05-20 03:17:29,,,,,,,,,,,,,,,,,,,,,,,,,,,,,,,,,
validado,21fffc46f044ca96_2026-04-14_VR3UPHNE0R5063310_informacoes-de-manutencao_4.pdf,sim,8,BJ-66-ZA,VR3UPHNE0R5063310,,,2026-04-14,,2026-04-14,Autel,manutencao,informacoes de manutencao,file:///C:/Users/andre/OneDrive%20-%20D'accord%20Invest%20-%20Servi%C3%A7os%20Partilhados%20SA/CARFAST%20-%20OFICINA%20-%20HISTORICO%20TECNICO/2026/04_Abril/2026-04-14_BJ-66-ZA_VR3UPHNE0R5063310_manutencao_informacoes-de-manutencao.pdf,2026-04-14_VR3UPHNE0R5063310_informacoes-de-manutencao_4.pdf,historico_tecnico_2026_v2,matricula inferida por VIN,Codex,2026-05-20 03:17:29,,,,,,,,,,,,,,,,,,,,,,,,,,,,,,,,,
validado,88f1071302faa2be_2026-04-23_VR3UPHNE1R5051747_informacoes-manutencao_2.pdf,sim,4,BJ-52-ZA,VR3UPHNE1R5051747,,,2026-04-23,11:42:45,2026-04-23 11:42:45,PSA-DIAG/Stellantis,manutencao,informacoes manutencao,file:///C:/Users/andre/OneDrive%20-%20D'accord%20Invest%20-%20Servi%C3%A7os%20Partilhados%20SA/CARFAST%20-%20OFICINA%20-%20HISTORICO%20TECNICO/2026/04_Abril/2026-04-23_BJ-52-ZA_VR3UPHNE1R5051747_manutencao_informacoes-manutencao.pdf,2026-04-23_VR3UPHNE1R5051747_informacoes-manutencao_2.pdf,historico_tecnico_2026_v2,matricula inferida por VIN,Codex,2026-05-20 03:17:29,,,,,,,,,,,,,,,,,,,,,,,,,,,,,,,,,
validado,7232317f24ff9f29_2026-04-23_VR3UPHNE1R5051747_calculador_2.pdf,sim,6,BJ-52-ZA,VR3UPHNE1R5051747,,,2026-04-23,11:43:21,2026-04-23 11:43:21,PSA-DIAG/Stellantis,identificacao_telecarregamento,calculador | codigos: P17ED; BECBE,file:///C:/Users/andre/OneDrive%20-%20D'accord%20Invest%20-%20Servi%C3%A7os%20Partilhados%20SA/CARFAST%20-%20OFICINA%20-%20HISTORICO%20TECNICO/2026/04_Abril/2026-04-23_BJ-52-ZA_VR3UPHNE1R5051747_identificacao_telecarregamento_calculador.pdf,2026-04-23_VR3UPHNE1R5051747_calculador_2.pdf,historico_tecnico_2026_v2,matricula inferida por VIN,Codex,2026-05-20 03:17:29,,,,,,,,,,,,,,,,,,,,,,,,,,Sim,,P17ED; BECBE,Sim,Permanente,elé não comandado mas activo,,Prioridade alta: diagnosticar defeitos permanentes/críticos
validado,908d1eb177e92d17_2026-04-23_VR3UPHNE1R5051747_dos-defeitos_4.pdf,sim,8,BJ-52-ZA,VR3UPHNE1R5051747,,,2026-04-23,11:45:16,2026-04-23 11:45:16,PSA-DIAG/Stellantis,lubrificacao_motor,dos defeitos | codigos: B11F0; P16D9 21; B1865; U1F3B; C003A DE; B1805; B1238; U1F1A; U1118; B1715; B1865 15; U1816,file:///C:/Users/andre/OneDrive%20-%20D'accord%20Invest%20-%20Servi%C3%A7os%20Partilhados%20SA/CARFAST%20-%20OFICINA%20-%20HISTORICO%20TECNICO/2026/04_Abril/2026-04-23_BJ-52-ZA_VR3UPHNE1R5051747_lubrificacao_motor_dos-defeitos.pdf,2026-04-23_VR3UPHNE1R5051747_dos-defeitos_4.pdf,historico_tecnico_2026_v2,matricula inferida por VIN,Codex,2026-05-20 03:17:29,,,local,,,,,,,,,,,,,,,,,,Dinâmica,,,,,Sim,,B11F0; P16D9 21; B1865; U1F3B; C003A DE; B1805; B1238; U1F1A; U1118; B1715; B1865 15; U1816,Sim,Permanente,,,Prioridade alta: diagnosticar defeitos permanentes/críticos
validado,78b73bee188892a3_2026-04-14_VR3UPHNE3S5058513_relatorio-de-diagnostico-do-veiculo_2.pdf,sim,2,BV-64-FR,VR3UPHNE3S5058513,,,2026-04-14,,2026-04-14,Autel,leitura_defeitos,relatorio de diagnostico do veiculo,file:///C:/Users/andre/OneDrive%20-%20D'accord%20Invest%20-%20Servi%C3%A7os%20Partilhados%20SA/CARFAST%20-%20OFICINA%20-%20HISTORICO%20TECNICO/2026/04_Abril/2026-04-14_BV-64-FR_VR3UPHNE3S5058513_leitura_defeitos_relatorio-de-diagnostico-do-veiculo.pdf,2026-04-14_VR3UPHNE3S5058513_relatorio-de-diagnostico-do-veiculo_2.pdf,historico_tecnico_2026_v2,matricula inferida por VIN,Codex,2026-05-20 03:17:29,,,,,,,,,,,,,,,,,,,,,,,,,,,,,,,,,
validado,78b73bee188892a3_2026-04-14_VR3UPHNE3S5058513_relatorio-de-diagnostico-do-veiculo_3.pdf,sim,3,BV-64-FR,VR3UPHNE3S5058513,,,2026-04-14,,2026-04-14,Autel,leitura_defeitos,relatorio de diagnostico do veiculo,file:///C:/Users/andre/OneDrive%20-%20D'accord%20Invest%20-%20Servi%C3%A7os%20Partilhados%20SA/CARFAST%20-%20OFICINA%20-%20HISTORICO%20TECNICO/2026/04_Abril/2026-04-14_BV-64-FR_VR3UPHNE3S5058513_leitura_defeitos_relatorio-de-diagnostico-do-veiculo.pdf,2026-04-14_VR3UPHNE3S5058513_relatorio-de-diagnostico-do-veiculo_3.pdf,historico_tecnico_2026_v2,matricula inferida por VIN,Codex,2026-05-20 03:17:29,,,,,,,,,,,,,,,,,,,,,,,,,,,,,,,,,
validado,78b73bee188892a3_2026-04-14_VR3UPHNE3S5058513_relatorio-de-diagnostico-do-veiculo_4.pdf,sim,4,BV-64-FR,VR3UPHNE3S5058513,,,2026-04-14,,2026-04-14,Autel,leitura_defeitos,relatorio de diagnostico do veiculo,file:///C:/Users/andre/OneDrive%20-%20D'accord%20Invest%20-%20Servi%C3%A7os%20Partilhados%20SA/CARFAST%20-%20OFICINA%20-%20HISTORICO%20TECNICO/2026/04_Abril/2026-04-14_BV-64-FR_VR3UPHNE3S5058513_leitura_defeitos_relatorio-de-diagnostico-do-veiculo.pdf,2026-04-14_VR3UPHNE3S5058513_relatorio-de-diagnostico-do-veiculo_4.pdf,historico_tecnico_2026_v2,matricula inferida por VIN,Codex,2026-05-20 03:17:29,,,,,,,,,,,,,,,,,,,,,,,,,,,,,,,,,
validado,5f516c7d37d95e2c_2026-04-14_VR3UPHNE3S5058513_informacoes-de-manutencao_3.pdf,sim,7,BV-64-FR,VR3UPHNE3S5058513,,,2026-04-14,,2026-04-14,Autel,manutencao,informacoes de manutencao,file:///C:/Users/andre/OneDrive%20-%20D'accord%20Invest%20-%20Servi%C3%A7os%20Partilhados%20SA/CARFAST%20-%20OFICINA%20-%20HISTORICO%20TECNICO/2026/04_Abril/2026-04-14_BV-64-FR_VR3UPHNE3S5058513_manutencao_informacoes-de-manutencao.pdf,2026-04-14_VR3UPHNE3S5058513_informacoes-de-manutencao_3.pdf,historico_tecnico_2026_v2,matricula inferida por VIN,Codex,2026-05-20 03:17:29,,,,,,,,,,,,,,,,,,,,,,,,,,,,,,,,,
validado,b63065e3577cf7ac_2026-04-14_VR3UPHNE3S5058513_informacoes-de-manutencao_4.pdf,sim,8,BV-64-FR,VR3UPHNE3S5058513,,,2026-04-14,,2026-04-14,Autel,manutencao,informacoes de manutencao,file:///C:/Users/andre/OneDrive%20-%20D'accord%20Invest%20-%20Servi%C3%A7os%20Partilhados%20SA/CARFAST%20-%20OFICINA%20-%20HISTORICO%20TECNICO/2026/04_Abril/2026-04-14_BV-64-FR_VR3UPHNE3S5058513_manutencao_informacoes-de-manutencao_1.pdf,2026-04-14_VR3UPHNE3S5058513_informacoes-de-manutencao_4.pdf,historico_tecnico_2026_v2,matricula inferida por VIN,Codex,2026-05-20 03:17:29,,,,,,,,,,,,,,,,,,,,,,,,,,,,,,,,,
validado,5f516c7d37d95e2c_2026-04-14_VR3UPHNE3S5058513_informacoes-de-manutencao_5.pdf,sim,9,BV-64-FR,VR3UPHNE3S5058513,,,2026-04-14,,2026-04-14,Autel,manutencao,informacoes de manutencao,file:///C:/Users/andre/OneDrive%20-%20D'accord%20Invest%20-%20Servi%C3%A7os%20Partilhados%20SA/CARFAST%20-%20OFICINA%20-%20HISTORICO%20TECNICO/2026/04_Abril/2026-04-14_BV-64-FR_VR3UPHNE3S5058513_manutencao_informacoes-de-manutencao.pdf,2026-04-14_VR3UPHNE3S5058513_informacoes-de-manutencao_5.pdf,historico_tecnico_2026_v2,matricula inferida por VIN,Codex,2026-05-20 03:17:29,,,,,,,,,,,,,,,,,,,,,,,,,,,,,,,,,
validado,b63065e3577cf7ac_2026-04-14_VR3UPHNE3S5058513_informacoes-de-manutencao_6.pdf,sim,10,BV-64-FR,VR3UPHNE3S5058513,,,2026-04-14,,2026-04-14,Autel,manutencao,informacoes de manutencao,file:///C:/Users/andre/OneDrive%20-%20D'accord%20Invest%20-%20Servi%C3%A7os%20Partilhados%20SA/CARFAST%20-%20OFICINA%20-%20HISTORICO%20TECNICO/2026/04_Abril/2026-04-14_BV-64-FR_VR3UPHNE3S5058513_manutencao_informacoes-de-manutencao_1.pdf,2026-04-14_VR3UPHNE3S5058513_informacoes-de-manutencao_6.pdf,historico_tecnico_2026_v2,matricula inferida por VIN,Codex,2026-05-20 03:17:29,,,,,,,,,,,,,,,,,,,,,,,,,,,,,,,,,
validado,5f516c7d37d95e2c_2026-04-14_VR3UPHNE3S5058513_informacoes-de-manutencao_7.pdf,sim,11,BV-64-FR,VR3UPHNE3S5058513,,,2026-04-14,,2026-04-14,Autel,manutencao,informacoes de manutencao,file:///C:/Users/andre/OneDrive%20-%20D'accord%20Invest%20-%20Servi%C3%A7os%20Partilhados%20SA/CARFAST%20-%20OFICINA%20-%20HISTORICO%20TECNICO/2026/04_Abril/2026-04-14_BV-64-FR_VR3UPHNE3S5058513_manutencao_informacoes-de-manutencao.pdf,2026-04-14_VR3UPHNE3S5058513_informacoes-de-manutencao_7.pdf,historico_tecnico_2026_v2,matricula inferida por VIN,Codex,2026-05-20 03:17:29,,,,,,,,,,,,,,,,,,,,,,,,,,,,,,,,,
validado,b63065e3577cf7ac_2026-04-14_VR3UPHNE3S5058513_informacoes-de-manutencao_8.pdf,sim,12,BV-64-FR,VR3UPHNE3S5058513,,,2026-04-14,,2026-04-14,Autel,manutencao,informacoes de manutencao,file:///C:/Users/andre/OneDrive%20-%20D'accord%20Invest%20-%20Servi%C3%A7os%20Partilhados%20SA/CARFAST%20-%20OFICINA%20-%20HISTORICO%20TECNICO/2026/04_Abril/2026-04-14_BV-64-FR_VR3UPHNE3S5058513_manutencao_informacoes-de-manutencao_1.pdf,2026-04-14_VR3UPHNE3S5058513_informacoes-de-manutencao_8.pdf,historico_tecnico_2026_v2,matricula inferida por VIN,Codex,2026-05-20 03:17:29,,,,,,,,,,,,,,,,,,,,,,,,,,,,,,,,,
validado,2a214a8b2728ae41_2026-04-02_VR3UPHNE8R5056427_informacoes-de-manutencao_3.pdf,sim,3,BJ-97-XZ,VR3UPHNE8R5056427,,,2026-04-02,,2026-04-02,Autel,manutencao,informacoes de manutencao,file:///C:/Users/andre/OneDrive%20-%20D'accord%20Invest%20-%20Servi%C3%A7os%20Partilhados%20SA/CARFAST%20-%20OFICINA%20-%20HISTORICO%20TECNICO/2026/04_Abril/2026-04-02_BJ-97-XZ_VR3UPHNE8R5056427_manutencao_informacoes-de-manutencao.pdf,2026-04-02_VR3UPHNE8R5056427_informacoes-de-manutencao_3.pdf,historico_tecnico_2026_v2,matricula inferida por VIN,Codex,2026-05-20 03:17:29,,,,,,,,,,,,,,,,,,,,,,,,,,,,,,,,,
validado,1bd3768fe197716e_2026-04-02_VR3UPHNE8R5056427_informacoes-de-manutencao_4.pdf,sim,4,BJ-97-XZ,VR3UPHNE8R5056427,,,2026-04-02,,2026-04-02,Autel,manutencao,informacoes de manutencao,file:///C:/Users/andre/OneDrive%20-%20D'accord%20Invest%20-%20Servi%C3%A7os%20Partilhados%20SA/CARFAST%20-%20OFICINA%20-%20HISTORICO%20TECNICO/2026/04_Abril/2026-04-02_BJ-97-XZ_VR3UPHNE8R5056427_manutencao_informacoes-de-manutencao_1.pdf,2026-04-02_VR3UPHNE8R5056427_informacoes-de-manutencao_4.pdf,historico_tecnico_2026_v2,matricula inferida por VIN,Codex,2026-05-20 03:17:29,,,,,,,,,,,,,,,,,,,,,,,,,,,,,,,,,
validado,2a214a8b2728ae41_2026-04-02_VR3UPHNE8R5056427_informacoes-de-manutencao_5.pdf,sim,5,BJ-97-XZ,VR3UPHNE8R5056427,,,2026-04-02,,2026-04-02,Autel,manutencao,informacoes de manutencao,file:///C:/Users/andre/OneDrive%20-%20D'accord%20Invest%20-%20Servi%C3%A7os%20Partilhados%20SA/CARFAST%20-%20OFICINA%20-%20HISTORICO%20TECNICO/2026/04_Abril/2026-04-02_BJ-97-XZ_VR3UPHNE8R5056427_manutencao_informacoes-de-manutencao.pdf,2026-04-02_VR3UPHNE8R5056427_informacoes-de-manutencao_5.pdf,historico_tecnico_2026_v2,matricula inferida por VIN,Codex,2026-05-20 03:17:29,,,,,,,,,,,,,,,,,,,,,,,,,,,,,,,,,
validado,1bd3768fe197716e_2026-04-02_VR3UPHNE8R5056427_informacoes-de-manutencao_6.pdf,sim,6,BJ-97-XZ,VR3UPHNE8R5056427,,,2026-04-02,,2026-04-02,Autel,manutencao,informacoes de manutencao,file:///C:/Users/andre/OneDrive%20-%20D'accord%20Invest%20-%20Servi%C3%A7os%20Partilhados%20SA/CARFAST%20-%20OFICINA%20-%20HISTORICO%20TECNICO/2026/04_Abril/2026-04-02_BJ-97-XZ_VR3UPHNE8R5056427_manutencao_informacoes-de-manutencao_1.pdf,2026-04-02_VR3UPHNE8R5056427_informacoes-de-manutencao_6.pdf,historico_tecnico_2026_v2,matricula inferida por VIN,Codex,2026-05-20 03:17:29,,,,,,,,,,,,,,,,,,,,,,,,,,,,,,,,,
validado,2a214a8b2728ae41_2026-04-02_VR3UPHNE8R5056427_informacoes-de-manutencao_7.pdf,sim,7,BJ-97-XZ,VR3UPHNE8R5056427,,,2026-04-02,,2026-04-02,Autel,manutencao,informacoes de manutencao,file:///C:/Users/andre/OneDrive%20-%20D'accord%20Invest%20-%20Servi%C3%A7os%20Partilhados%20SA/CARFAST%20-%20OFICINA%20-%20HISTORICO%20TECNICO/2026/04_Abril/2026-04-02_BJ-97-XZ_VR3UPHNE8R5056427_manutencao_informacoes-de-manutencao.pdf,2026-04-02_VR3UPHNE8R5056427_informacoes-de-manutencao_7.pdf,historico_tecnico_2026_v2,matricula inferida por VIN,Codex,2026-05-20 03:17:29,,,,,,,,,,,,,,,,,,,,,,,,,,,,,,,,,
validado,1bd3768fe197716e_2026-04-02_VR3UPHNE8R5056427_informacoes-de-manutencao_8.pdf,sim,8,BJ-97-XZ,VR3UPHNE8R5056427,,,2026-04-02,,2026-04-02,Autel,manutencao,informacoes de manutencao,file:///C:/Users/andre/OneDrive%20-%20D'accord%20Invest%20-%20Servi%C3%A7os%20Partilhados%20SA/CARFAST%20-%20OFICINA%20-%20HISTORICO%20TECNICO/2026/04_Abril/2026-04-02_BJ-97-XZ_VR3UPHNE8R5056427_manutencao_informacoes-de-manutencao_1.pdf,2026-04-02_VR3UPHNE8R5056427_informacoes-de-manutencao_8.pdf,historico_tecnico_2026_v2,matricula inferida por VIN,Codex,2026-05-20 03:17:29,,,,,,,,,,,,,,,,,,,,,,,,,,,,,,,,,
validado,ae39f6b18a723bae_2026-04-22_VR3UPHNE8R5056475_calculador_2.pdf,sim,2,BL-11-IQ,VR3UPHNE8R5056475,,,2026-04-22,17:46:19,2026-04-22 17:46:19,PSA-DIAG/Stellantis,identificacao_telecarregamento,calculador | codigos: P1631,file:///C:/Users/andre/OneDrive%20-%20D'accord%20Invest%20-%20Servi%C3%A7os%20Partilhados%20SA/CARFAST%20-%20OFICINA%20-%20HISTORICO%20TECNICO/2026/04_Abril/2026-04-22_BL-11-IQ_VR3UPHNE8R5056475_identificacao_telecarregamento_calculador.pdf,2026-04-22_VR3UPHNE8R5056475_calculador_2.pdf,historico_tecnico_2026_v2,matricula inferida por VIN,Codex,2026-05-20 03:17:29,,,,,,,,,,,,,,,,,,,,,,,,,,Sim,,P1631,Sim,Permanente,ncoerência,,Prioridade alta: diagnosticar defeitos permanentes/críticos
validado,3cce18500617e476_2026-01-05_VR3UPHNE9R5056839_relatorio-de-diagnostico-do-veiculo_2.pdf,sim,2,BL-76-NF,VR3UPHNE9R5056839,,,2026-01-05,,2026-01-05,Autel,leitura_defeitos,relatorio de diagnostico do veiculo,file:///C:/Users/andre/OneDrive%20-%20D'accord%20Invest%20-%20Servi%C3%A7os%20Partilhados%20SA/CARFAST%20-%20OFICINA%20-%20HISTORICO%20TECNICO/2026/01_Janeiro/2026-01-05_BL-76-NF_VR3UPHNE9R5056839_leitura_defeitos_relatorio-de-diagnostico-do-veiculo.pdf,2026-01-05_VR3UPHNE9R5056839_relatorio-de-diagnostico-do-veiculo_2.pdf,historico_tecnico_2026_v2,matricula inferida por VIN,Codex,2026-05-20 03:17:29,,,,,,,,,,,,,,,,,,,,,,,,,,,,,,,,,
validado,e8ccd81907e00a34_2026-01-05_VR3UPHNE9R5056839_informacoes-de-manutencao_2.pdf,sim,4,BL-76-NF,VR3UPHNE9R5056839,,,2026-01-05,,2026-01-05,Autel,manutencao,informacoes de manutencao,file:///C:/Users/andre/OneDrive%20-%20D'accord%20Invest%20-%20Servi%C3%A7os%20Partilhados%20SA/CARFAST%20-%20OFICINA%20-%20HISTORICO%20TECNICO/2026/01_Janeiro/2026-01-05_BL-76-NF_VR3UPHNE9R5056839_manutencao_informacoes-de-manutencao.pdf,2026-01-05_VR3UPHNE9R5056839_informacoes-de-manutencao_2.pdf,historico_tecnico_2026_v2,matricula inferida por VIN,Codex,2026-05-20 03:17:29,,,,,,,,,,,,,,,,,,,,,,,,,,,,,,,,,
validado,556e5f5cc6aeb5d5_2026-01-21_VR3UPHNEKN5871091_informacoes-de-manutencao_2.pdf,sim,2,AT-38-AF,VR3UPHNEKN5871091,,,2026-01-21,,2026-01-21,Autel,manutencao,informacoes de manutencao,file:///C:/Users/andre/OneDrive%20-%20D'accord%20Invest%20-%20Servi%C3%A7os%20Partilhados%20SA/CARFAST%20-%20OFICINA%20-%20HISTORICO%20TECNICO/2026/01_Janeiro/2026-01-21_AT-38-AF_VR3UPHNEKN5871091_manutencao_informacoes-de-manutencao.pdf,2026-01-21_VR3UPHNEKN5871091_informacoes-de-manutencao_2.pdf,historico_tecnico_2026_v2,matricula inferida por VIN,Codex,2026-05-20 03:17:29,,,,,,,,,,,,,,,,,,,,,,,,,,,,,,,,,
validado,e678ed1b1fafe8ed_2026-03-16_VR3UPHNEKN5871091_relatorio-de-diagnostico-do-veiculo_2.pdf,sim,2,AT-38-AF,VR3UPHNEKN5871091,,,2026-03-16,,2026-03-16,Autel,leitura_defeitos,relatorio de diagnostico do veiculo,file:///C:/Users/andre/OneDrive%20-%20D'accord%20Invest%20-%20Servi%C3%A7os%20Partilhados%20SA/CARFAST%20-%20OFICINA%20-%20HISTORICO%20TECNICO/2026/03_Marco/2026-03-16_AT-38-AF_VR3UPHNEKN5871091_leitura_defeitos_relatorio-de-diagnostico-do-veiculo.pdf,2026-03-16_VR3UPHNEKN5871091_relatorio-de-diagnostico-do-veiculo_2.pdf,historico_tecnico_2026_v2,matricula inferida por VIN,Codex,2026-05-20 03:17:29,,,,,,,,,,,,,,,,,,,,,,,,,,,,,,,,,
validado,e678ed1b1fafe8ed_2026-03-16_VR3UPHNEKN5871091_relatorio-de-diagnostico-do-veiculo_3.pdf,sim,3,AT-38-AF,VR3UPHNEKN5871091,,,2026-03-16,,2026-03-16,Autel,leitura_defeitos,relatorio de diagnostico do veiculo,file:///C:/Users/andre/OneDrive%20-%20D'accord%20Invest%20-%20Servi%C3%A7os%20Partilhados%20SA/CARFAST%20-%20OFICINA%20-%20HISTORICO%20TECNICO/2026/03_Marco/2026-03-16_AT-38-AF_VR3UPHNEKN5871091_leitura_defeitos_relatorio-de-diagnostico-do-veiculo.pdf,2026-03-16_VR3UPHNEKN5871091_relatorio-de-diagnostico-do-veiculo_3.pdf,historico_tecnico_2026_v2,matricula inferida por VIN,Codex,2026-05-20 03:17:29,,,,,,,,,,,,,,,,,,,,,,,,,,,,,,,,,
validado,e678ed1b1fafe8ed_2026-03-16_VR3UPHNEKN5871091_relatorio-de-diagnostico-do-veiculo_4.pdf,sim,4,AT-38-AF,VR3UPHNEKN5871091,,,2026-03-16,,2026-03-16,Autel,leitura_defeitos,relatorio de diagnostico do veiculo,file:///C:/Users/andre/OneDrive%20-%20D'accord%20Invest%20-%20Servi%C3%A7os%20Partilhados%20SA/CARFAST%20-%20OFICINA%20-%20HISTORICO%20TECNICO/2026/03_Marco/2026-03-16_AT-38-AF_VR3UPHNEKN5871091_leitura_defeitos_relatorio-de-diagnostico-do-veiculo.pdf,2026-03-16_VR3UPHNEKN5871091_relatorio-de-diagnostico-do-veiculo_4.pdf,historico_tecnico_2026_v2,matricula inferida por VIN,Codex,2026-05-20 03:17:29,,,,,,,,,,,,,,,,,,,,,,,,,,,,,,,,,
validado,dd28a0455a629260_2026-03-16_VR3UPHNEKN5871091_informacoes-de-manutencao_2.pdf,sim,6,AT-38-AF,VR3UPHNEKN5871091,,,2026-03-16,,2026-03-16,Autel,manutencao,informacoes de manutencao,file:///C:/Users/andre/OneDrive%20-%20D'accord%20Invest%20-%20Servi%C3%A7os%20Partilhados%20SA/CARFAST%20-%20OFICINA%20-%20HISTORICO%20TECNICO/2026/03_Marco/2026-03-16_AT-38-AF_VR3UPHNEKN5871091_manutencao_informacoes-de-manutencao.pdf,2026-03-16_VR3UPHNEKN5871091_informacoes-de-manutencao_2.pdf,historico_tecnico_2026_v2,matricula inferida por VIN,Codex,2026-05-20 03:17:29,,,,,,,,,,,,,,,,,,,,,,,,,,,,,,,,,
validado,dd28a0455a629260_2026-03-16_VR3UPHNEKN5871091_informacoes-de-manutencao_3.pdf,sim,7,AT-38-AF,VR3UPHNEKN5871091,,,2026-03-16,,2026-03-16,Autel,manutencao,informacoes de manutencao,file:///C:/Users/andre/OneDrive%20-%20D'accord%20Invest%20-%20Servi%C3%A7os%20Partilhados%20SA/CARFAST%20-%20OFICINA%20-%20HISTORICO%20TECNICO/2026/03_Marco/2026-03-16_AT-38-AF_VR3UPHNEKN5871091_manutencao_informacoes-de-manutencao.pdf,2026-03-16_VR3UPHNEKN5871091_informacoes-de-manutencao_3.pdf,historico_tecnico_2026_v2,matricula inferida por VIN,Codex,2026-05-20 03:17:29,,,,,,,,,,,,,,,,,,,,,,,,,,,,,,,,,
validado,dd28a0455a629260_2026-03-16_VR3UPHNEKN5871091_informacoes-de-manutencao_4.pdf,sim,8,AT-38-AF,VR3UPHNEKN5871091,,,2026-03-16,,2026-03-16,Autel,manutencao,informacoes de manutencao,file:///C:/Users/andre/OneDrive%20-%20D'accord%20Invest%20-%20Servi%C3%A7os%20Partilhados%20SA/CARFAST%20-%20OFICINA%20-%20HISTORICO%20TECNICO/2026/03_Marco/2026-03-16_AT-38-AF_VR3UPHNEKN5871091_manutencao_informacoes-de-manutencao.pdf,2026-03-16_VR3UPHNEKN5871091_informacoes-de-manutencao_4.pdf,historico_tecnico_2026_v2,matricula inferida por VIN,Codex,2026-05-20 03:17:29,,,,,,,,,,,,,,,,,,,,,,,,,,,,,,,,,
validado,a97dc00d61ed69ba_2026-03-23_VR3UPHNEKP5042623_informacoes-de-manutencao_13.pdf,sim,5,BB-76-HB,VR3UPHNEKP5042623,,,2026-03-23,,2026-03-23,Autel,manutencao,informacoes de manutencao,file:///C:/Users/andre/OneDrive%20-%20D'accord%20Invest%20-%20Servi%C3%A7os%20Partilhados%20SA/CARFAST%20-%20OFICINA%20-%20HISTORICO%20TECNICO/2026/03_Marco/2026-03-23_BB-76-HB_VR3UPHNEKP5042623_manutencao_informacoes-de-manutencao.pdf,2026-03-23_VR3UPHNEKP5042623_informacoes-de-manutencao_13.pdf,historico_tecnico_2026_v2,matricula inferida por VIN,Codex,2026-05-20 03:17:29,,,,,,,,,,,,,,,,,,,,,,,,,,,,,,,,,
validado,0dffe70b72ab82cb_2026-03-23_VR3UPHNEKP5042623_informacoes-de-manutencao_14.pdf,sim,6,BB-76-HB,VR3UPHNEKP5042623,,,2026-03-23,,2026-03-23,Autel,manutencao,informacoes de manutencao,file:///C:/Users/andre/OneDrive%20-%20D'accord%20Invest%20-%20Servi%C3%A7os%20Partilhados%20SA/CARFAST%20-%20OFICINA%20-%20HISTORICO%20TECNICO/2026/03_Marco/2026-03-23_BB-76-HB_VR3UPHNEKP5042623_manutencao_informacoes-de-manutencao_1.pdf,2026-03-23_VR3UPHNEKP5042623_informacoes-de-manutencao_14.pdf,historico_tecnico_2026_v2,matricula inferida por VIN,Codex,2026-05-20 03:17:29,,,,,,,,,,,,,,,,,,,,,,,,,,,,,,,,,
validado,5a18558d24511874_2026-03-23_VR3UPHNEKP5042623_informacoes-de-manutencao_15.pdf,sim,7,BB-76-HB,VR3UPHNEKP5042623,,,2026-03-23,,2026-03-23,Autel,manutencao,informacoes de manutencao,file:///C:/Users/andre/OneDrive%20-%20D'accord%20Invest%20-%20Servi%C3%A7os%20Partilhados%20SA/CARFAST%20-%20OFICINA%20-%20HISTORICO%20TECNICO/2026/03_Marco/2026-03-23_BB-76-HB_VR3UPHNEKP5042623_manutencao_informacoes-de-manutencao_2.pdf,2026-03-23_VR3UPHNEKP5042623_informacoes-de-manutencao_15.pdf,historico_tecnico_2026_v2,matricula inferida por VIN,Codex,2026-05-20 03:17:29,,,,,,,,,,,,,,,,,,,,,,,,,,,,,,,,,
validado,34bd8427c925944b_2026-03-23_VR3UPHNEKP5042623_informacoes-de-manutencao_16.pdf,sim,8,BB-76-HB,VR3UPHNEKP5042623,,,2026-03-23,,2026-03-23,Autel,manutencao,informacoes de manutencao,file:///C:/Users/andre/OneDrive%20-%20D'accord%20Invest%20-%20Servi%C3%A7os%20Partilhados%20SA/CARFAST%20-%20OFICINA%20-%20HISTORICO%20TECNICO/2026/03_Marco/2026-03-23_BB-76-HB_VR3UPHNEKP5042623_manutencao_informacoes-de-manutencao_3.pdf,2026-03-23_VR3UPHNEKP5042623_informacoes-de-manutencao_16.pdf,historico_tecnico_2026_v2,matricula inferida por VIN,Codex,2026-05-20 03:17:29,,,,,,,,,,,,,,,,,,,,,,,,,,,,,,,,,
validado,0dffe70b72ab82cb_2026-03-23_VR3UPHNEKP5042623_informacoes-de-manutencao_2.pdf,sim,9,BB-76-HB,VR3UPHNEKP5042623,,,2026-03-23,,2026-03-23,Autel,manutencao,informacoes de manutencao,file:///C:/Users/andre/OneDrive%20-%20D'accord%20Invest%20-%20Servi%C3%A7os%20Partilhados%20SA/CARFAST%20-%20OFICINA%20-%20HISTORICO%20TECNICO/2026/03_Marco/2026-03-23_BB-76-HB_VR3UPHNEKP5042623_manutencao_informacoes-de-manutencao_1.pdf,2026-03-23_VR3UPHNEKP5042623_informacoes-de-manutencao_2.pdf,historico_tecnico_2026_v2,matricula inferida por VIN,Codex,2026-05-20 03:17:29,,,,,,,,,,,,,,,,,,,,,,,,,,,,,,,,,
validado,5a18558d24511874_2026-03-23_VR3UPHNEKP5042623_informacoes-de-manutencao_3.pdf,sim,10,BB-76-HB,VR3UPHNEKP5042623,,,2026-03-23,,2026-03-23,Autel,manutencao,informacoes de manutencao,file:///C:/Users/andre/OneDrive%20-%20D'accord%20Invest%20-%20Servi%C3%A7os%20Partilhados%20SA/CARFAST%20-%20OFICINA%20-%20HISTORICO%20TECNICO/2026/03_Marco/2026-03-23_BB-76-HB_VR3UPHNEKP5042623_manutencao_informacoes-de-manutencao_2.pdf,2026-03-23_VR3UPHNEKP5042623_informacoes-de-manutencao_3.pdf,historico_tecnico_2026_v2,matricula inferida por VIN,Codex,2026-05-20 03:17:29,,,,,,,,,,,,,,,,,,,,,,,,,,,,,,,,,
validado,34bd8427c925944b_2026-03-23_VR3UPHNEKP5042623_informacoes-de-manutencao_4.pdf,sim,11,BB-76-HB,VR3UPHNEKP5042623,,,2026-03-23,,2026-03-23,Autel,manutencao,informacoes de manutencao,file:///C:/Users/andre/OneDrive%20-%20D'accord%20Invest%20-%20Servi%C3%A7os%20Partilhados%20SA/CARFAST%20-%20OFICINA%20-%20HISTORICO%20TECNICO/2026/03_Marco/2026-03-23_BB-76-HB_VR3UPHNEKP5042623_manutencao_informacoes-de-manutencao_3.pdf,2026-03-23_VR3UPHNEKP5042623_informacoes-de-manutencao_4.pdf,historico_tecnico_2026_v2,matricula inferida por VIN,Codex,2026-05-20 03:17:29,,,,,,,,,,,,,,,,,,,,,,,,,,,,,,,,,
validado,a97dc00d61ed69ba_2026-03-23_VR3UPHNEKP5042623_informacoes-de-manutencao_5.pdf,sim,12,BB-76-HB,VR3UPHNEKP5042623,,,2026-03-23,,2026-03-23,Autel,manutencao,informacoes de manutencao,file:///C:/Users/andre/OneDrive%20-%20D'accord%20Invest%20-%20Servi%C3%A7os%20Partilhados%20SA/CARFAST%20-%20OFICINA%20-%20HISTORICO%20TECNICO/2026/03_Marco/2026-03-23_BB-76-HB_VR3UPHNEKP5042623_manutencao_informacoes-de-manutencao.pdf,2026-03-23_VR3UPHNEKP5042623_informacoes-de-manutencao_5.pdf,historico_tecnico_2026_v2,matricula inferida por VIN,Codex,2026-05-20 03:17:29,,,,,,,,,,,,,,,,,,,,,,,,,,,,,,,,,
validado,0dffe70b72ab82cb_2026-03-23_VR3UPHNEKP5042623_informacoes-de-manutencao_6.pdf,sim,13,BB-76-HB,VR3UPHNEKP5042623,,,2026-03-23,,2026-03-23,Autel,manutencao,informacoes de manutencao,file:///C:/Users/andre/OneDrive%20-%20D'accord%20Invest%20-%20Servi%C3%A7os%20Partilhados%20SA/CARFAST%20-%20OFICINA%20-%20HISTORICO%20TECNICO/2026/03_Marco/2026-03-23_BB-76-HB_VR3UPHNEKP5042623_manutencao_informacoes-de-manutencao_1.pdf,2026-03-23_VR3UPHNEKP5042623_informacoes-de-manutencao_6.pdf,historico_tecnico_2026_v2,matricula inferida por VIN,Codex,2026-05-20 03:17:29,,,,,,,,,,,,,,,,,,,,,,,,,,,,,,,,,
validado,5a18558d24511874_2026-03-23_VR3UPHNEKP5042623_informacoes-de-manutencao_7.pdf,sim,14,BB-76-HB,VR3UPHNEKP5042623,,,2026-03-23,,2026-03-23,Autel,manutencao,informacoes de manutencao,file:///C:/Users/andre/OneDrive%20-%20D'accord%20Invest%20-%20Servi%C3%A7os%20Partilhados%20SA/CARFAST%20-%20OFICINA%20-%20HISTORICO%20TECNICO/2026/03_Marco/2026-03-23_BB-76-HB_VR3UPHNEKP5042623_manutencao_informacoes-de-manutencao_2.pdf,2026-03-23_VR3UPHNEKP5042623_informacoes-de-manutencao_7.pdf,historico_tecnico_2026_v2,matricula inferida por VIN,Codex,2026-05-20 03:17:29,,,,,,,,,,,,,,,,,,,,,,,,,,,,,,,,,
validado,34bd8427c925944b_2026-03-23_VR3UPHNEKP5042623_informacoes-de-manutencao_8.pdf,sim,15,BB-76-HB,VR3UPHNEKP5042623,,,2026-03-23,,2026-03-23,Autel,manutencao,informacoes de manutencao,file:///C:/Users/andre/OneDrive%20-%20D'accord%20Invest%20-%20Servi%C3%A7os%20Partilhados%20SA/CARFAST%20-%20OFICINA%20-%20HISTORICO%20TECNICO/2026/03_Marco/2026-03-23_BB-76-HB_VR3UPHNEKP5042623_manutencao_informacoes-de-manutencao_3.pdf,2026-03-23_VR3UPHNEKP5042623_informacoes-de-manutencao_8.pdf,historico_tecnico_2026_v2,matricula inferida por VIN,Codex,2026-05-20 03:17:29,,,,,,,,,,,,,,,,,,,,,,,,,,,,,,,,,
validado,a97dc00d61ed69ba_2026-03-23_VR3UPHNEKP5042623_informacoes-de-manutencao_9.pdf,sim,16,BB-76-HB,VR3UPHNEKP5042623,,,2026-03-23,,2026-03-23,Autel,manutencao,informacoes de manutencao,file:///C:/Users/andre/OneDrive%20-%20D'accord%20Invest%20-%20Servi%C3%A7os%20Partilhados%20SA/CARFAST%20-%20OFICINA%20-%20HISTORICO%20TECNICO/2026/03_Marco/2026-03-23_BB-76-HB_VR3UPHNEKP5042623_manutencao_informacoes-de-manutencao.pdf,2026-03-23_VR3UPHNEKP5042623_informacoes-de-manutencao_9.pdf,historico_tecnico_2026_v2,matricula inferida por VIN,Codex,2026-05-20 03:17:29,,,,,,,,,,,,,,,,,,,,,,,,,,,,,,,,,
validado,c1df9f816ae1f9a1_2026-03-16_VR3UPHNEXR5046661_relatorio-de-diagnostico-do-veiculo_3.pdf,sim,3,BL-32-NG,VR3UPHNEXR5046661,,,2026-03-16,,2026-03-16,Autel,leitura_defeitos,relatorio de diagnostico do veiculo,file:///C:/Users/andre/OneDrive%20-%20D'accord%20Invest%20-%20Servi%C3%A7os%20Partilhados%20SA/CARFAST%20-%20OFICINA%20-%20HISTORICO%20TECNICO/2026/03_Marco/2026-03-16_BL-32-NG_VR3UPHNEXR5046661_leitura_defeitos_relatorio-de-diagnostico-do-veiculo.pdf,2026-03-16_VR3UPHNEXR5046661_relatorio-de-diagnostico-do-veiculo_3.pdf,historico_tecnico_2026_v2,matricula inferida por VIN,Codex,2026-05-20 03:17:29,,,,,,,,,,,,,,,,,,,,,,,,,,,,,,,,,
validado,8b9f47a01d7bbba5_2026-03-16_VR3UPHNEXR5046661_relatorio-de-diagnostico-do-veiculo_4.pdf,sim,4,BL-32-NG,VR3UPHNEXR5046661,,,2026-03-16,,2026-03-16,Autel,leitura_defeitos,relatorio de diagnostico do veiculo,file:///C:/Users/andre/OneDrive%20-%20D'accord%20Invest%20-%20Servi%C3%A7os%20Partilhados%20SA/CARFAST%20-%20OFICINA%20-%20HISTORICO%20TECNICO/2026/03_Marco/2026-03-16_BL-32-NG_VR3UPHNEXR5046661_leitura_defeitos_relatorio-de-diagnostico-do-veiculo_1.pdf,2026-03-16_VR3UPHNEXR5046661_relatorio-de-diagnostico-do-veiculo_4.pdf,historico_tecnico_2026_v2,matricula inferida por VIN,Codex,2026-05-20 03:17:29,,,,,,,,,,,,,,,,,,,,,,,,,,,,,,,,,
validado,c1df9f816ae1f9a1_2026-03-16_VR3UPHNEXR5046661_relatorio-de-diagnostico-do-veiculo_5.pdf,sim,5,BL-32-NG,VR3UPHNEXR5046661,,,2026-03-16,,2026-03-16,Autel,leitura_defeitos,relatorio de diagnostico do veiculo,file:///C:/Users/andre/OneDrive%20-%20D'accord%20Invest%20-%20Servi%C3%A7os%20Partilhados%20SA/CARFAST%20-%20OFICINA%20-%20HISTORICO%20TECNICO/2026/03_Marco/2026-03-16_BL-32-NG_VR3UPHNEXR5046661_leitura_defeitos_relatorio-de-diagnostico-do-veiculo.pdf,2026-03-16_VR3UPHNEXR5046661_relatorio-de-diagnostico-do-veiculo_5.pdf,historico_tecnico_2026_v2,matricula inferida por VIN,Codex,2026-05-20 03:17:29,,,,,,,,,,,,,,,,,,,,,,,,,,,,,,,,,
validado,8b9f47a01d7bbba5_2026-03-16_VR3UPHNEXR5046661_relatorio-de-diagnostico-do-veiculo_6.pdf,sim,6,BL-32-NG,VR3UPHNEXR5046661,,,2026-03-16,,2026-03-16,Autel,leitura_defeitos,relatorio de diagnostico do veiculo,file:///C:/Users/andre/OneDrive%20-%20D'accord%20Invest%20-%20Servi%C3%A7os%20Partilhados%20SA/CARFAST%20-%20OFICINA%20-%20HISTORICO%20TECNICO/2026/03_Marco/2026-03-16_BL-32-NG_VR3UPHNEXR5046661_leitura_defeitos_relatorio-de-diagnostico-do-veiculo_1.pdf,2026-03-16_VR3UPHNEXR5046661_relatorio-de-diagnostico-do-veiculo_6.pdf,historico_tecnico_2026_v2,matricula inferida por VIN,Codex,2026-05-20 03:17:29,,,,,,,,,,,,,,,,,,,,,,,,,,,,,,,,,
validado,c1df9f816ae1f9a1_2026-03-16_VR3UPHNEXR5046661_relatorio-de-diagnostico-do-veiculo_7.pdf,sim,7,BL-32-NG,VR3UPHNEXR5046661,,,2026-03-16,,2026-03-16,Autel,leitura_defeitos,relatorio de diagnostico do veiculo,file:///C:/Users/andre/OneDrive%20-%20D'accord%20Invest%20-%20Servi%C3%A7os%20Partilhados%20SA/CARFAST%20-%20OFICINA%20-%20HISTORICO%20TECNICO/2026/03_Marco/2026-03-16_BL-32-NG_VR3UPHNEXR5046661_leitura_defeitos_relatorio-de-diagnostico-do-veiculo.pdf,2026-03-16_VR3UPHNEXR5046661_relatorio-de-diagnostico-do-veiculo_7.pdf,historico_tecnico_2026_v2,matricula inferida por VIN,Codex,2026-05-20 03:17:29,,,,,,,,,,,,,,,,,,,,,,,,,,,,,,,,,
validado,8b9f47a01d7bbba5_2026-03-16_VR3UPHNEXR5046661_relatorio-de-diagnostico-do-veiculo_8.pdf,sim,8,BL-32-NG,VR3UPHNEXR5046661,,,2026-03-16,,2026-03-16,Autel,leitura_defeitos,relatorio de diagnostico do veiculo,file:///C:/Users/andre/OneDrive%20-%20D'accord%20Invest%20-%20Servi%C3%A7os%20Partilhados%20SA/CARFAST%20-%20OFICINA%20-%20HISTORICO%20TECNICO/2026/03_Marco/2026-03-16_BL-32-NG_VR3UPHNEXR5046661_leitura_defeitos_relatorio-de-diagnostico-do-veiculo_1.pdf,2026-03-16_VR3UPHNEXR5046661_relatorio-de-diagnostico-do-veiculo_8.pdf,historico_tecnico_2026_v2,matricula inferida por VIN,Codex,2026-05-20 03:17:29,,,,,,,,,,,,,,,,,,,,,,,,,,,,,,,,,
validado,9b04317e10dd6f07_2026-03-16_VR3UPHNEXR5046661_informacoes-de-manutencao_3.pdf,sim,11,BL-32-NG,VR3UPHNEXR5046661,,,2026-03-16,,2026-03-16,Autel,manutencao,informacoes de manutencao,file:///C:/Users/andre/OneDrive%20-%20D'accord%20Invest%20-%20Servi%C3%A7os%20Partilhados%20SA/CARFAST%20-%20OFICINA%20-%20HISTORICO%20TECNICO/2026/03_Marco/2026-03-16_BL-32-NG_VR3UPHNEXR5046661_manutencao_informacoes-de-manutencao.pdf,2026-03-16_VR3UPHNEXR5046661_informacoes-de-manutencao_3.pdf,historico_tecnico_2026_v2,matricula inferida por VIN,Codex,2026-05-20 03:17:29,,,,,,,,,,,,,,,,,,,,,,,,,,,,,,,,,
validado,b84a5495dd75c336_2026-03-16_VR3UPHNEXR5046661_informacoes-de-manutencao_4.pdf,sim,12,BL-32-NG,VR3UPHNEXR5046661,,,2026-03-16,,2026-03-16,Autel,manutencao,informacoes de manutencao,file:///C:/Users/andre/OneDrive%20-%20D'accord%20Invest%20-%20Servi%C3%A7os%20Partilhados%20SA/CARFAST%20-%20OFICINA%20-%20HISTORICO%20TECNICO/2026/03_Marco/2026-03-16_BL-32-NG_VR3UPHNEXR5046661_manutencao_informacoes-de-manutencao_1.pdf,2026-03-16_VR3UPHNEXR5046661_informacoes-de-manutencao_4.pdf,historico_tecnico_2026_v2,matricula inferida por VIN,Codex,2026-05-20 03:17:29,,,,,,,,,,,,,,,,,,,,,,,,,,,,,,,,,
validado,9b04317e10dd6f07_2026-03-16_VR3UPHNEXR5046661_informacoes-de-manutencao_5.pdf,sim,13,BL-32-NG,VR3UPHNEXR5046661,,,2026-03-16,,2026-03-16,Autel,manutencao,informacoes de manutencao,file:///C:/Users/andre/OneDrive%20-%20D'accord%20Invest%20-%20Servi%C3%A7os%20Partilhados%20SA/CARFAST%20-%20OFICINA%20-%20HISTORICO%20TECNICO/2026/03_Marco/2026-03-16_BL-32-NG_VR3UPHNEXR5046661_manutencao_informacoes-de-manutencao.pdf,2026-03-16_VR3UPHNEXR5046661_informacoes-de-manutencao_5.pdf,historico_tecnico_2026_v2,matricula inferida por VIN,Codex,2026-05-20 03:17:29,,,,,,,,,,,,,,,,,,,,,,,,,,,,,,,,,
validado,b84a5495dd75c336_2026-03-16_VR3UPHNEXR5046661_informacoes-de-manutencao_6.pdf,sim,14,BL-32-NG,VR3UPHNEXR5046661,,,2026-03-16,,2026-03-16,Autel,manutencao,informacoes de manutencao,file:///C:/Users/andre/OneDrive%20-%20D'accord%20Invest%20-%20Servi%C3%A7os%20Partilhados%20SA/CARFAST%20-%20OFICINA%20-%20HISTORICO%20TECNICO/2026/03_Marco/2026-03-16_BL-32-NG_VR3UPHNEXR5046661_manutencao_informacoes-de-manutencao_1.pdf,2026-03-16_VR3UPHNEXR5046661_informacoes-de-manutencao_6.pdf,historico_tecnico_2026_v2,matricula inferida por VIN,Codex,2026-05-20 03:17:29,,,,,,,,,,,,,,,,,,,,,,,,,,,,,,,,,
validado,9b04317e10dd6f07_2026-03-16_VR3UPHNEXR5046661_informacoes-de-manutencao_7.pdf,sim,15,BL-32-NG,VR3UPHNEXR5046661,,,2026-03-16,,2026-03-16,Autel,manutencao,informacoes de manutencao,file:///C:/Users/andre/OneDrive%20-%20D'accord%20Invest%20-%20Servi%C3%A7os%20Partilhados%20SA/CARFAST%20-%20OFICINA%20-%20HISTORICO%20TECNICO/2026/03_Marco/2026-03-16_BL-32-NG_VR3UPHNEXR5046661_manutencao_informacoes-de-manutencao.pdf,2026-03-16_VR3UPHNEXR5046661_informacoes-de-manutencao_7.pdf,historico_tecnico_2026_v2,matricula inferida por VIN,Codex,2026-05-20 03:17:29,,,,,,,,,,,,,,,,,,,,,,,,,,,,,,,,,
validado,b84a5495dd75c336_2026-03-16_VR3UPHNEXR5046661_informacoes-de-manutencao_8.pdf,sim,16,BL-32-NG,VR3UPHNEXR5046661,,,2026-03-16,,2026-03-16,Autel,manutencao,informacoes de manutencao,file:///C:/Users/andre/OneDrive%20-%20D'accord%20Invest%20-%20Servi%C3%A7os%20Partilhados%20SA/CARFAST%20-%20OFICINA%20-%20HISTORICO%20TECNICO/2026/03_Marco/2026-03-16_BL-32-NG_VR3UPHNEXR5046661_manutencao_informacoes-de-manutencao_1.pdf,2026-03-16_VR3UPHNEXR5046661_informacoes-de-manutencao_8.pdf,historico_tecnico_2026_v2,matricula inferida por VIN,Codex,2026-05-20 03:17:29,,,,,,,,,,,,,,,,,,,,,,,,,,,,,,,,,
validado,ed7a395dd0ca89d0_2026-05-07_vr3uphpx1s5036461_leitura-de-defeitos_1.pdf,sim,3,BU-47-FV,VR3UPHPX1S5036461,,,2026-05-07,10:32:26,2026-05-07 10:32:26,PSA-DIAG/Stellantis,identificacao_telecarregamento,leitura de defeitos | codigos: B1181; U1213 81; U1800; U1208 29,file:///C:/Users/andre/OneDrive%20-%20D'accord%20Invest%20-%20Servi%C3%A7os%20Partilhados%20SA/CARFAST%20-%20OFICINA%20-%20HISTORICO%20TECNICO/2026/05_Maio/2026-05-07_BU-47-FV_VR3UPHPX1S5036461_identificacao_telecarregamento_calculador.pdf,2026-05-07_vr3uphpx1s5036461_leitura-de-defeitos_1.pdf,historico_tecnico_2026_v2,matricula inferida por VIN,Codex,2026-05-20 03:17:29,,,,,,,,,,,,,,,,,,,,,Dinâmica,,,,,Sim,,B1181; U1213 81; U1800; U1208 29,Sim,Permanente,do defeitoComando bloqueado,,Prioridade alta: diagnosticar defeitos permanentes/críticos
validado,5ddecccb39cf2b64_2026-05-07_vr3uphpx1s5036461_informacoes-lubrificacao-motor_pre_1.pdf,sim,5,BU-47-FV,VR3UPHPX1S5036461,,,2026-05-07,10:33:28,2026-05-07 10:33:28,PSA-DIAG/Stellantis,lubrificacao_motor,informacoes lubrificacao motor_pre,file:///C:/Users/andre/OneDrive%20-%20D'accord%20Invest%20-%20Servi%C3%A7os%20Partilhados%20SA/CARFAST%20-%20OFICINA%20-%20HISTORICO%20TECNICO/2026/05_Maio/2026-05-07_BU-47-FV_VR3UPHPX1S5036461_lubrificacao_motor_informacoes-lubrificacao-motor-pre.pdf,2026-05-07_vr3uphpx1s5036461_informacoes-lubrificacao-motor_pre_1.pdf,historico_tecnico_2026_v2,matricula inferida por VIN,Codex,2026-05-20 03:17:29,,,,,,,,,,,,,,,,,,,,,,,,,,,,,,,,,
validado,09710c0bf2672e68_2026-05-07_vr3uphpx1s5036461_identificacao_1.pdf,sim,8,BU-47-FV,VR3UPHPX1S5036461,,,2026-05-07,10:34:58,2026-05-07 10:34:58,PSA-DIAG/Stellantis,identificacao_telecarregamento,identificacao,file:///C:/Users/andre/OneDrive%20-%20D'accord%20Invest%20-%20Servi%C3%A7os%20Partilhados%20SA/CARFAST%20-%20OFICINA%20-%20HISTORICO%20TECNICO/2026/05_Maio/2026-05-07_BU-47-FV_VR3UPHPX1S5036461_identificacao_telecarregamento_identificacao.pdf,2026-05-07_vr3uphpx1s5036461_identificacao_1.pdf,historico_tecnico_2026_v2,matricula inferida por VIN,Codex,2026-05-20 03:17:30,,,FF.FF,63.03,,,,,,,,,,,,,,,,,,,,,,,,,,,,,
validado,09710c0bf2672e68_2026-05-07_vr3uphpx1s5036461_identificacao_2.pdf,sim,9,BU-47-FV,VR3UPHPX1S5036461,,,2026-05-07,10:34:58,2026-05-07 10:34:58,PSA-DIAG/Stellantis,identificacao_telecarregamento,identificacao,file:///C:/Users/andre/OneDrive%20-%20D'accord%20Invest%20-%20Servi%C3%A7os%20Partilhados%20SA/CARFAST%20-%20OFICINA%20-%20HISTORICO%20TECNICO/2026/05_Maio/2026-05-07_BU-47-FV_VR3UPHPX1S5036461_identificacao_telecarregamento_identificacao.pdf,2026-05-07_vr3uphpx1s5036461_identificacao_2.pdf,historico_tecnico_2026_v2,matricula inferida por VIN,Codex,2026-05-20 03:17:30,,,FF.FF,63.03,,,,,,,,,,,,,,,,,,,,,,,,,,,,,
validado,14f51b546be6db91_2026-05-07_vr3uphpx1s5036461_informacoes-manutencao_pre_1.pdf,sim,11,BU-47-FV,VR3UPHPX1S5036461,,,2026-05-07,10:36:04,2026-05-07 10:36:04,PSA-DIAG/Stellantis,manutencao,informacoes manutencao_pre,file:///C:/Users/andre/OneDrive%20-%20D'accord%20Invest%20-%20Servi%C3%A7os%20Partilhados%20SA/CARFAST%20-%20OFICINA%20-%20HISTORICO%20TECNICO/2026/05_Maio/2026-05-07_BU-47-FV_VR3UPHPX1S5036461_manutencao_informacoes-manutencao-pre.pdf,2026-05-07_vr3uphpx1s5036461_informacoes-manutencao_pre_1.pdf,historico_tecnico_2026_v2,matricula inferida por VIN,Codex,2026-05-20 03:17:30,,,,,,,,,,,,,,,,,,,,,,,,,,,,,,,,,
validado,23ad857bbcaac423_2026-05-08_vr3uphpx1s5036461_informacoes-manutencao_pre_1.pdf,sim,2,BU-47-FV,VR3UPHPX1S5036461,,,2026-05-08,17:58:06,2026-05-08 17:58:06,PSA-DIAG/Stellantis,manutencao,informacoes manutencao_pre,file:///C:/Users/andre/OneDrive%20-%20D'accord%20Invest%20-%20Servi%C3%A7os%20Partilhados%20SA/CARFAST%20-%20OFICINA%20-%20HISTORICO%20TECNICO/2026/05_Maio/2026-05-08_BU-47-FV_VR3UPHPX1S5036461_manutencao_informacoes-manutencao-pre.pdf,2026-05-08_vr3uphpx1s5036461_informacoes-manutencao_pre_1.pdf,historico_tecnico_2026_v2,matricula inferida por VIN,Codex,2026-05-20 03:17:30,,,,,,,,,,,,,,,,,,,,,,,,,,,,,,,,,
validado,07867cc67832f58c_2026-05-08_vr3uphpx1s5036461_informacoes-lubrificacao-motor_pre_1.pdf,sim,4,BU-47-FV,VR3UPHPX1S5036461,,,2026-05-08,18:00:06,2026-05-08 18:00:06,PSA-DIAG/Stellantis,lubrificacao_motor,informacoes lubrificacao motor_pre,file:///C:/Users/andre/OneDrive%20-%20D'accord%20Invest%20-%20Servi%C3%A7os%20Partilhados%20SA/CARFAST%20-%20OFICINA%20-%20HISTORICO%20TECNICO/2026/05_Maio/2026-05-08_BU-47-FV_VR3UPHPX1S5036461_lubrificacao_motor_informacoes-lubrificacao-motor-pre.pdf,2026-05-08_vr3uphpx1s5036461_informacoes-lubrificacao-motor_pre_1.pdf,historico_tecnico_2026_v2,matricula inferida por VIN,Codex,2026-05-20 03:17:30,,,,,,,,,,,,,,,,,,,,,,,,,,,,,,,,,
validado,ee74a1d3b5da101e_2026-04-23_VR3UPHNE1R5051747_dos-defeitos_3.pdf,sim,2,,VR3UPNE1R5051747,,,2026-04-23,11:44:28,2026-04-23 11:44:28,PSA-DIAG/Stellantis,lubrificacao_motor,dos defeitos | codigos: U1262; B162C; P17ED; B1865; P1631; B1805; P1631 A2; C120D; B1818; U1108; B1238; B173A,file:///C:/Users/andre/OneDrive%20-%20D'accord%20Invest%20-%20Servi%C3%A7os%20Partilhados%20SA/CARFAST%20-%20OFICINA%20-%20HISTORICO%20TECNICO/2026/04_Abril/2026-04-23_VR3UPNE1R5051747_lubrificacao_motor_dos-defeitos.pdf,2026-04-23_VR3UPHNE1R5051747_dos-defeitos_3.pdf,historico_tecnico_2026_v2,,Codex,2026-05-20 03:17:30,,,,,,,,,,,,,,,,,,,,,Dinâmica,,,,,Sim,,U1262; B162C; P17ED; B1865; P1631; B1805; P1631 A2; C120D; B1818; U1108; B1238; B173A,Não,,,,Analisar códigos de defeito e confirmar recorrência
validado,e65357604b73d845_2026-04-17_VR3USHNK4SJ578909_relatorio-de-diagnostico-do-veiculo_2.pdf,sim,2,BV-79-AC,VR3USHNK4SJ578909,,,2026-04-17,,2026-04-17,Autel,leitura_defeitos,relatorio de diagnostico do veiculo,file:///C:/Users/andre/OneDrive%20-%20D'accord%20Invest%20-%20Servi%C3%A7os%20Partilhados%20SA/CARFAST%20-%20OFICINA%20-%20HISTORICO%20TECNICO/2026/04_Abril/2026-04-17_BV-79-AC_VR3USHNK4SJ578909_leitura_defeitos_relatorio-de-diagnostico-do-veiculo.pdf,2026-04-17_VR3USHNK4SJ578909_relatorio-de-diagnostico-do-veiculo_2.pdf,historico_tecnico_2026_v2,matricula inferida por VIN,Codex,2026-05-20 03:17:30,,,,,,,,,,,,,,,,,,,,,,,,,,,,,,,,,
validado,1eacbd57796149b4_2026-04-17_VR3USHNK4SJ578909_informacoes-de-manutencao_3.pdf,sim,5,BV-79-AC,VR3USHNK4SJ578909,,,2026-04-17,,2026-04-17,Autel,manutencao,informacoes de manutencao,file:///C:/Users/andre/OneDrive%20-%20D'accord%20Invest%20-%20Servi%C3%A7os%20Partilhados%20SA/CARFAST%20-%20OFICINA%20-%20HISTORICO%20TECNICO/2026/04_Abril/2026-04-17_BV-79-AC_VR3USHNK4SJ578909_manutencao_informacoes-de-manutencao.pdf,2026-04-17_VR3USHNK4SJ578909_informacoes-de-manutencao_3.pdf,historico_tecnico_2026_v2,matricula inferida por VIN,Codex,2026-05-20 03:17:30,,,,,,,,,,,,,,,,,,,,,,,,,,,,,,,,,
validado,cbe6ecbd28b88259_2026-04-17_VR3USHNK4SJ578909_informacoes-de-manutencao_4.pdf,sim,6,BV-79-AC,VR3USHNK4SJ578909,,,2026-04-17,,2026-04-17,Autel,manutencao,informacoes de manutencao,file:///C:/Users/andre/OneDrive%20-%20D'accord%20Invest%20-%20Servi%C3%A7os%20Partilhados%20SA/CARFAST%20-%20OFICINA%20-%20HISTORICO%20TECNICO/2026/04_Abril/2026-04-17_BV-79-AC_VR3USHNK4SJ578909_manutencao_informacoes-de-manutencao_1.pdf,2026-04-17_VR3USHNK4SJ578909_informacoes-de-manutencao_4.pdf,historico_tecnico_2026_v2,matricula inferida por VIN,Codex,2026-05-20 03:17:30,,,,,,,,,,,,,,,,,,,,,,,,,,,,,,,,,
validado,5fb7778d823285e6_2026-04-14_VR3USHNK5SJ560127_relatorio-de-diagnostico-do-veiculo_2.pdf,sim,2,BU-02-UZ,VR3USHNK5SJ560127,,,2026-04-14,,2026-04-14,Autel,leitura_defeitos,relatorio de diagnostico do veiculo,file:///C:/Users/andre/OneDrive%20-%20D'accord%20Invest%20-%20Servi%C3%A7os%20Partilhados%20SA/CARFAST%20-%20OFICINA%20-%20HISTORICO%20TECNICO/2026/04_Abril/2026-04-14_BU-02-UZ_VR3USHNK5SJ560127_leitura_defeitos_relatorio-de-diagnostico-do-veiculo.pdf,2026-04-14_VR3USHNK5SJ560127_relatorio-de-diagnostico-do-veiculo_2.pdf,historico_tecnico_2026_v2,matricula inferida por VIN,Codex,2026-05-20 03:17:30,,,,,,,,,,,,,,,,,,,,,,,,,,,,,,,,,
validado,5fb7778d823285e6_2026-04-14_VR3USHNK5SJ560127_relatorio-de-diagnostico-do-veiculo_3.pdf,sim,3,BU-02-UZ,VR3USHNK5SJ560127,,,2026-04-14,,2026-04-14,Autel,leitura_defeitos,relatorio de diagnostico do veiculo,file:///C:/Users/andre/OneDrive%20-%20D'accord%20Invest%20-%20Servi%C3%A7os%20Partilhados%20SA/CARFAST%20-%20OFICINA%20-%20HISTORICO%20TECNICO/2026/04_Abril/2026-04-14_BU-02-UZ_VR3USHNK5SJ560127_leitura_defeitos_relatorio-de-diagnostico-do-veiculo.pdf,2026-04-14_VR3USHNK5SJ560127_relatorio-de-diagnostico-do-veiculo_3.pdf,historico_tecnico_2026_v2,matricula inferida por VIN,Codex,2026-05-20 03:17:30,,,,,,,,,,,,,,,,,,,,,,,,,,,,,,,,,
validado,5fb7778d823285e6_2026-04-14_VR3USHNK5SJ560127_relatorio-de-diagnostico-do-veiculo_4.pdf,sim,4,BU-02-UZ,VR3USHNK5SJ560127,,,2026-04-14,,2026-04-14,Autel,leitura_defeitos,relatorio de diagnostico do veiculo,file:///C:/Users/andre/OneDrive%20-%20D'accord%20Invest%20-%20Servi%C3%A7os%20Partilhados%20SA/CARFAST%20-%20OFICINA%20-%20HISTORICO%20TECNICO/2026/04_Abril/2026-04-14_BU-02-UZ_VR3USHNK5SJ560127_leitura_defeitos_relatorio-de-diagnostico-do-veiculo.pdf,2026-04-14_VR3USHNK5SJ560127_relatorio-de-diagnostico-do-veiculo_4.pdf,historico_tecnico_2026_v2,matricula inferida por VIN,Codex,2026-05-20 03:17:30,,,,,,,,,,,,,,,,,,,,,,,,,,,,,,,,,
validado,e37f0036d578275e_2026-04-14_VR3USHNK5SJ560127_informacoes-de-manutencao_3.pdf,sim,7,BU-02-UZ,VR3USHNK5SJ560127,,,2026-04-14,,2026-04-14,Autel,manutencao,informacoes de manutencao,file:///C:/Users/andre/OneDrive%20-%20D'accord%20Invest%20-%20Servi%C3%A7os%20Partilhados%20SA/CARFAST%20-%20OFICINA%20-%20HISTORICO%20TECNICO/2026/04_Abril/2026-04-14_BU-02-UZ_VR3USHNK5SJ560127_manutencao_informacoes-de-manutencao.pdf,2026-04-14_VR3USHNK5SJ560127_informacoes-de-manutencao_3.pdf,historico_tecnico_2026_v2,matricula inferida por VIN,Codex,2026-05-20 03:17:30,,,,,,,,,,,,,,,,,,,,,,,,,,,,,,,,,
validado,c641ef52153f7550_2026-04-14_VR3USHNK5SJ560127_informacoes-de-manutencao_4.pdf,sim,8,BU-02-UZ,VR3USHNK5SJ560127,,,2026-04-14,,2026-04-14,Autel,manutencao,informacoes de manutencao,file:///C:/Users/andre/OneDrive%20-%20D'accord%20Invest%20-%20Servi%C3%A7os%20Partilhados%20SA/CARFAST%20-%20OFICINA%20-%20HISTORICO%20TECNICO/2026/04_Abril/2026-04-14_BU-02-UZ_VR3USHNK5SJ560127_manutencao_informacoes-de-manutencao_1.pdf,2026-04-14_VR3USHNK5SJ560127_informacoes-de-manutencao_4.pdf,historico_tecnico_2026_v2,matricula inferida por VIN,Codex,2026-05-20 03:17:30,,,,,,,,,,,,,,,,,,,,,,,,,,,,,,,,,
validado,e37f0036d578275e_2026-04-14_VR3USHNK5SJ560127_informacoes-de-manutencao_5.pdf,sim,9,BU-02-UZ,VR3USHNK5SJ560127,,,2026-04-14,,2026-04-14,Autel,manutencao,informacoes de manutencao,file:///C:/Users/andre/OneDrive%20-%20D'accord%20Invest%20-%20Servi%C3%A7os%20Partilhados%20SA/CARFAST%20-%20OFICINA%20-%20HISTORICO%20TECNICO/2026/04_Abril/2026-04-14_BU-02-UZ_VR3USHNK5SJ560127_manutencao_informacoes-de-manutencao.pdf,2026-04-14_VR3USHNK5SJ560127_informacoes-de-manutencao_5.pdf,historico_tecnico_2026_v2,matricula inferida por VIN,Codex,2026-05-20 03:17:30,,,,,,,,,,,,,,,,,,,,,,,,,,,,,,,,,
validado,c641ef52153f7550_2026-04-14_VR3USHNK5SJ560127_informacoes-de-manutencao_6.pdf,sim,10,BU-02-UZ,VR3USHNK5SJ560127,,,2026-04-14,,2026-04-14,Autel,manutencao,informacoes de manutencao,file:///C:/Users/andre/OneDrive%20-%20D'accord%20Invest%20-%20Servi%C3%A7os%20Partilhados%20SA/CARFAST%20-%20OFICINA%20-%20HISTORICO%20TECNICO/2026/04_Abril/2026-04-14_BU-02-UZ_VR3USHNK5SJ560127_manutencao_informacoes-de-manutencao_1.pdf,2026-04-14_VR3USHNK5SJ560127_informacoes-de-manutencao_6.pdf,historico_tecnico_2026_v2,matricula inferida por VIN,Codex,2026-05-20 03:17:30,,,,,,,,,,,,,,,,,,,,,,,,,,,,,,,,,
validado,e37f0036d578275e_2026-04-14_VR3USHNK5SJ560127_informacoes-de-manutencao_7.pdf,sim,11,BU-02-UZ,VR3USHNK5SJ560127,,,2026-04-14,,2026-04-14,Autel,manutencao,informacoes de manutencao,file:///C:/Users/andre/OneDrive%20-%20D'accord%20Invest%20-%20Servi%C3%A7os%20Partilhados%20SA/CARFAST%20-%20OFICINA%20-%20HISTORICO%20TECNICO/2026/04_Abril/2026-04-14_BU-02-UZ_VR3USHNK5SJ560127_manutencao_informacoes-de-manutencao.pdf,2026-04-14_VR3USHNK5SJ560127_informacoes-de-manutencao_7.pdf,historico_tecnico_2026_v2,matricula inferida por VIN,Codex,2026-05-20 03:17:30,,,,,,,,,,,,,,,,,,,,,,,,,,,,,,,,,
validado,c641ef52153f7550_2026-04-14_VR3USHNK5SJ560127_informacoes-de-manutencao_8.pdf,sim,12,BU-02-UZ,VR3USHNK5SJ560127,,,2026-04-14,,2026-04-14,Autel,manutencao,informacoes de manutencao,file:///C:/Users/andre/OneDrive%20-%20D'accord%20Invest%20-%20Servi%C3%A7os%20Partilhados%20SA/CARFAST%20-%20OFICINA%20-%20HISTORICO%20TECNICO/2026/04_Abril/2026-04-14_BU-02-UZ_VR3USHNK5SJ560127_manutencao_informacoes-de-manutencao_1.pdf,2026-04-14_VR3USHNK5SJ560127_informacoes-de-manutencao_8.pdf,historico_tecnico_2026_v2,matricula inferida por VIN,Codex,2026-05-20 03:17:30,,,,,,,,,,,,,,,,,,,,,,,,,,,,,,,,,
validado,89e70b0ae989f283_2026-04-09_VR3USHPY9SJ686685_dos-defeitos_5.pdf,sim,2,,VR3USHP9S686685,,,2026-04-09,14:36:52,2026-04-09 14:36:52,PSA-DIAG/Stellantis,identificacao_telecarregamento,dos defeitos | codigos: U183A 61; U1471; U1213 23; B1400; C1638; B122A 62; B1865; U1806 DE; C1638 92; B120A; B122A; U183A,file:///C:/Users/andre/OneDrive%20-%20D'accord%20Invest%20-%20Servi%C3%A7os%20Partilhados%20SA/CARFAST%20-%20OFICINA%20-%20HISTORICO%20TECNICO/2026/04_Abril/2026-04-09_VR3USHP9S686685_identificacao_telecarregamento_dos-defeitos.pdf,2026-04-09_VR3USHPY9SJ686685_dos-defeitos_5.pdf,historico_tecnico_2026_v2,,Codex,2026-05-20 03:17:30,,,,,,,,,,,,,,,,,,,,,Dinâmica,,,,,Sim,,U183A 61; U1471; U1213 23; B1400; C1638; B122A 62; B1865; U1806 DE; C1638 92; B120A; B122A; U183A,Sim,Permanente,,,Prioridade alta: diagnosticar defeitos permanentes/críticos
validado,89e70b0ae989f283_2026-04-09_VR3USHPY9SJ686685_dos-defeitos_8.pdf,sim,3,,VR3USHP9S686685,,,2026-04-09,14:36:52,2026-04-09 14:36:52,PSA-DIAG/Stellantis,identificacao_telecarregamento,dos defeitos | codigos: U183A 61; U1471; U1213 23; B1400; C1638; B122A 62; B1865; U1806 DE; C1638 92; B120A; B122A; U183A,file:///C:/Users/andre/OneDrive%20-%20D'accord%20Invest%20-%20Servi%C3%A7os%20Partilhados%20SA/CARFAST%20-%20OFICINA%20-%20HISTORICO%20TECNICO/2026/04_Abril/2026-04-09_VR3USHP9S686685_identificacao_telecarregamento_dos-defeitos.pdf,2026-04-09_VR3USHPY9SJ686685_dos-defeitos_8.pdf,historico_tecnico_2026_v2,,Codex,2026-05-20 03:17:30,,,,,,,,,,,,,,,,,,,,,Dinâmica,,,,,Sim,,U183A 61; U1471; U1213 23; B1400; C1638; B122A 62; B1865; U1806 DE; C1638 92; B120A; B122A; U183A,Sim,Permanente,,,Prioridade alta: diagnosticar defeitos permanentes/críticos
validado,25dec795149e9766_2026-04-09_VR3USHPY9SJ686685_dos-defeitos_4.pdf,sim,5,,VR3USHP9S686685,,,2026-04-09,14:38:45,2026-04-09 14:38:45,PSA-DIAG/Stellantis,lubrificacao_motor,dos defeitos | codigos: B1238; U1806; U1118; B1004; U1118 13; U1205; U2000; U1011 00; B15F2; U1213 00; U1826 00; U1108,file:///C:/Users/andre/OneDrive%20-%20D'accord%20Invest%20-%20Servi%C3%A7os%20Partilhados%20SA/CARFAST%20-%20OFICINA%20-%20HISTORICO%20TECNICO/2026/04_Abril/2026-04-09_VR3USHP9S686685_lubrificacao_motor_dos-defeitos.pdf,2026-04-09_VR3USHPY9SJ686685_dos-defeitos_4.pdf,historico_tecnico_2026_v2,,Codex,2026-05-20 03:17:30,,,,,,,,,,,,,,,,,,,,,Dinâmica,,,,,Sim,,B1238; U1806; U1118; B1004; U1118 13; U1205; U2000; U1011 00; B15F2; U1213 00; U1826 00; U1108,Não,,,,Analisar códigos de defeito e confirmar recorrência
validado,25dec795149e9766_2026-04-09_VR3USHPY9SJ686685_dos-defeitos_7.pdf,sim,6,,VR3USHP9S686685,,,2026-04-09,14:38:45,2026-04-09 14:38:45,PSA-DIAG/Stellantis,lubrificacao_motor,dos defeitos | codigos: B1238; U1806; U1118; B1004; U1118 13; U1205; U2000; U1011 00; B15F2; U1213 00; U1826 00; U1108,file:///C:/Users/andre/OneDrive%20-%20D'accord%20Invest%20-%20Servi%C3%A7os%20Partilhados%20SA/CARFAST%20-%20OFICINA%20-%20HISTORICO%20TECNICO/2026/04_Abril/2026-04-09_VR3USHP9S686685_lubrificacao_motor_dos-defeitos.pdf,2026-04-09_VR3USHPY9SJ686685_dos-defeitos_7.pdf,historico_tecnico_2026_v2,,Codex,2026-05-20 03:17:30,,,,,,,,,,,,,,,,,,,,,Dinâmica,,,,,Sim,,B1238; U1806; U1118; B1004; U1118 13; U1205; U2000; U1011 00; B15F2; U1213 00; U1826 00; U1108,Não,,,,Analisar códigos de defeito e confirmar recorrência
validado,89f90d48d4e4d9df_2026-04-09_VR3USHPY9SJ686685_calculador_2.pdf,sim,2,BU-03-FX,VR3USHPY9SJ686685,,,2026-04-09,14:29:29,2026-04-09 14:29:29,PSA-DIAG/Stellantis,identificacao_telecarregamento,calculador | codigos: U183A 00; B2ED3; U1804; U0293; U1826 00,file:///C:/Users/andre/OneDrive%20-%20D'accord%20Invest%20-%20Servi%C3%A7os%20Partilhados%20SA/CARFAST%20-%20OFICINA%20-%20HISTORICO%20TECNICO/2026/04_Abril/2026-04-09_BU-03-FX_VR3USHPY9SJ686685_identificacao_telecarregamento_calculador.pdf,2026-04-09_VR3USHPY9SJ686685_calculador_2.pdf,historico_tecnico_2026_v2,matricula inferida por VIN,Codex,2026-05-20 03:17:30,,,,,,,,,,,,,,,,,,,,,Dinâmica,,,,,Sim,,U183A 00; B2ED3; U1804; U0293; U1826 00,Sim,Permanente,ncoerência,,Prioridade alta: diagnosticar defeitos permanentes/críticos
validado,89f90d48d4e4d9df_2026-04-09_VR3USHPY9SJ686685_calculador_3.pdf,sim,3,BU-03-FX,VR3USHPY9SJ686685,,,2026-04-09,14:29:29,2026-04-09 14:29:29,PSA-DIAG/Stellantis,identificacao_telecarregamento,calculador | codigos: U183A 00; B2ED3; U1804; U0293; U1826 00,file:///C:/Users/andre/OneDrive%20-%20D'accord%20Invest%20-%20Servi%C3%A7os%20Partilhados%20SA/CARFAST%20-%20OFICINA%20-%20HISTORICO%20TECNICO/2026/04_Abril/2026-04-09_BU-03-FX_VR3USHPY9SJ686685_identificacao_telecarregamento_calculador.pdf,2026-04-09_VR3USHPY9SJ686685_calculador_3.pdf,historico_tecnico_2026_v2,matricula inferida por VIN,Codex,2026-05-20 03:17:30,,,,,,,,,,,,,,,,,,,,,Dinâmica,,,,,Sim,,U183A 00; B2ED3; U1804; U0293; U1826 00,Sim,Permanente,ncoerência,,Prioridade alta: diagnosticar defeitos permanentes/críticos
validado,af433d1f3e21fdaa_2026-04-09_VR3USHPY9SJ686685_identificacao_2.pdf,sim,5,BU-03-FX,VR3USHPY9SJ686685,,,2026-04-09,14:30:37,2026-04-09 14:30:37,PSA-DIAG/Stellantis,identificacao_telecarregamento,identificacao,file:///C:/Users/andre/OneDrive%20-%20D'accord%20Invest%20-%20Servi%C3%A7os%20Partilhados%20SA/CARFAST%20-%20OFICINA%20-%20HISTORICO%20TECNICO/2026/04_Abril/2026-04-09_BU-03-FX_VR3USHPY9SJ686685_identificacao_telecarregamento_identificacao.pdf,2026-04-09_VR3USHPY9SJ686685_identificacao_2.pdf,historico_tecnico_2026_v2,matricula inferida por VIN,Codex,2026-05-20 03:17:30,,,68.03,,,,,,,,,,,,,,,,,,,,,,,,,,,,,,
validado,af433d1f3e21fdaa_2026-04-09_VR3USHPY9SJ686685_identificacao_3.pdf,sim,6,BU-03-FX,VR3USHPY9SJ686685,,,2026-04-09,14:30:37,2026-04-09 14:30:37,PSA-DIAG/Stellantis,identificacao_telecarregamento,identificacao,file:///C:/Users/andre/OneDrive%20-%20D'accord%20Invest%20-%20Servi%C3%A7os%20Partilhados%20SA/CARFAST%20-%20OFICINA%20-%20HISTORICO%20TECNICO/2026/04_Abril/2026-04-09_BU-03-FX_VR3USHPY9SJ686685_identificacao_telecarregamento_identificacao.pdf,2026-04-09_VR3USHPY9SJ686685_identificacao_3.pdf,historico_tecnico_2026_v2,matricula inferida por VIN,Codex,2026-05-20 03:17:30,,,68.03,,,,,,,,,,,,,,,,,,,,,,,,,,,,,,
validado,05d3380e137a1b1c_2026-04-09_VR3USHPY9SJ686685_parametros-de-manutencao-recuperados-do-veiculo_2.pdf,sim,8,BU-03-FX,VR3USHPY9SJ686685,,,2026-04-09,14:33:18,2026-04-09 14:33:18,PSA-DIAG/Stellantis,parametrizacao_manutencao,parametros de manutencao recuperados do veiculo,file:///C:/Users/andre/OneDrive%20-%20D'accord%20Invest%20-%20Servi%C3%A7os%20Partilhados%20SA/CARFAST%20-%20OFICINA%20-%20HISTORICO%20TECNICO/2026/04_Abril/2026-04-09_BU-03-FX_VR3USHPY9SJ686685_parametrizacao_manutencao_parametros-de-manutencao-recuperados-do-veiculo.pdf,2026-04-09_VR3USHPY9SJ686685_parametros-de-manutencao-recuperados-do-veiculo_2.pdf,historico_tecnico_2026_v2,matricula inferida por VIN,Codex,2026-05-20 03:17:30,,,,,,,,,,,,,,,,,,,,,,,,,,,,,,,,,
validado,05d3380e137a1b1c_2026-04-09_VR3USHPY9SJ686685_parametros-de-manutencao-recuperados-do-veiculo_3.pdf,sim,9,BU-03-FX,VR3USHPY9SJ686685,,,2026-04-09,14:33:18,2026-04-09 14:33:18,PSA-DIAG/Stellantis,parametrizacao_manutencao,parametros de manutencao recuperados do veiculo,file:///C:/Users/andre/OneDrive%20-%20D'accord%20Invest%20-%20Servi%C3%A7os%20Partilhados%20SA/CARFAST%20-%20OFICINA%20-%20HISTORICO%20TECNICO/2026/04_Abril/2026-04-09_BU-03-FX_VR3USHPY9SJ686685_parametrizacao_manutencao_parametros-de-manutencao-recuperados-do-veiculo.pdf,2026-04-09_VR3USHPY9SJ686685_parametros-de-manutencao-recuperados-do-veiculo_3.pdf,historico_tecnico_2026_v2,matricula inferida por VIN,Codex,2026-05-20 03:17:30,,,,,,,,,,,,,,,,,,,,,,,,,,,,,,,,,
validado,27ef272c2a0d497b_2026-04-09_VR3USHPY9SJ686685_informacoes-manutencao_2.pdf,sim,11,BU-03-FX,VR3USHPY9SJ686685,,,2026-04-09,14:34:32,2026-04-09 14:34:32,PSA-DIAG/Stellantis,manutencao,informacoes manutencao,file:///C:/Users/andre/OneDrive%20-%20D'accord%20Invest%20-%20Servi%C3%A7os%20Partilhados%20SA/CARFAST%20-%20OFICINA%20-%20HISTORICO%20TECNICO/2026/04_Abril/2026-04-09_BU-03-FX_VR3USHPY9SJ686685_manutencao_informacoes-manutencao.pdf,2026-04-09_VR3USHPY9SJ686685_informacoes-manutencao_2.pdf,historico_tecnico_2026_v2,matricula inferida por VIN,Codex,2026-05-20 03:17:30,,,,,,,,,,,,,,,,,,,,,,,,,,,,,,,,,
validado,27ef272c2a0d497b_2026-04-09_VR3USHPY9SJ686685_informacoes-manutencao_3.pdf,sim,12,BU-03-FX,VR3USHPY9SJ686685,,,2026-04-09,14:34:32,2026-04-09 14:34:32,PSA-DIAG/Stellantis,manutencao,informacoes manutencao,file:///C:/Users/andre/OneDrive%20-%20D'accord%20Invest%20-%20Servi%C3%A7os%20Partilhados%20SA/CARFAST%20-%20OFICINA%20-%20HISTORICO%20TECNICO/2026/04_Abril/2026-04-09_BU-03-FX_VR3USHPY9SJ686685_manutencao_informacoes-manutencao.pdf,2026-04-09_VR3USHPY9SJ686685_informacoes-manutencao_3.pdf,historico_tecnico_2026_v2,matricula inferida por VIN,Codex,2026-05-20 03:17:30,,,,,,,,,,,,,,,,,,,,,,,,,,,,,,,,,
validado,0466ca252e1206ca_2026-04-09_VR3USHPY9SJ686685_dos-defeitos_6.pdf,sim,14,BU-03-FX,VR3USHPY9SJ686685,,,2026-04-09,14:39:36,2026-04-09 14:39:36,PSA-DIAG/Stellantis,leitura_defeitos,dos defeitos | codigos: U1164; U1153; U1105,file:///C:/Users/andre/OneDrive%20-%20D'accord%20Invest%20-%20Servi%C3%A7os%20Partilhados%20SA/CARFAST%20-%20OFICINA%20-%20HISTORICO%20TECNICO/2026/04_Abril/2026-04-09_BU-03-FX_VR3USHPY9SJ686685_leitura_defeitos_dos-defeitos.pdf,2026-04-09_VR3USHPY9SJ686685_dos-defeitos_6.pdf,historico_tecnico_2026_v2,matricula inferida por VIN,Codex,2026-05-20 03:17:30,,,,,,,,,,,,,,,,,,,,,,,,,,Sim,,U1164; U1153; U1105,Não,,,,Analisar códigos de defeito e confirmar recorrência
validado,0466ca252e1206ca_2026-04-09_VR3USHPY9SJ686685_dos-defeitos_9.pdf,sim,15,BU-03-FX,VR3USHPY9SJ686685,,,2026-04-09,14:39:36,2026-04-09 14:39:36,PSA-DIAG/Stellantis,leitura_defeitos,dos defeitos | codigos: U1164; U1153; U1105,file:///C:/Users/andre/OneDrive%20-%20D'accord%20Invest%20-%20Servi%C3%A7os%20Partilhados%20SA/CARFAST%20-%20OFICINA%20-%20HISTORICO%20TECNICO/2026/04_Abril/2026-04-09_BU-03-FX_VR3USHPY9SJ686685_leitura_defeitos_dos-defeitos.pdf,2026-04-09_VR3USHPY9SJ686685_dos-defeitos_9.pdf,historico_tecnico_2026_v2,matricula inferida por VIN,Codex,2026-05-20 03:17:30,,,,,,,,,,,,,,,,,,,,,,,,,,Sim,,U1164; U1153; U1105,Não,,,,Analisar códigos de defeito e confirmar recorrência
validado,74d292a82cf521b6_2026-04-22_VR3USHPY9SJ686685_informacoes-manutencao_2.pdf,sim,2,BU-03-FX,VR3USHPY9SJ686685,,,2026-04-22,17:18:40,2026-04-22 17:18:40,PSA-DIAG/Stellantis,manutencao,informacoes manutencao,file:///C:/Users/andre/OneDrive%20-%20D'accord%20Invest%20-%20Servi%C3%A7os%20Partilhados%20SA/CARFAST%20-%20OFICINA%20-%20HISTORICO%20TECNICO/2026/04_Abril/2026-04-22_BU-03-FX_VR3USHPY9SJ686685_manutencao_informacoes-manutencao.pdf,2026-04-22_VR3USHPY9SJ686685_informacoes-manutencao_2.pdf,historico_tecnico_2026_v2,matricula inferida por VIN,Codex,2026-05-20 03:17:30,,,,,,,,,,,,,,,,,,,,,,,,,,,,,,,,,
validado,d1e61f3bf6c71ff9_2026-04-22_VR3USHPY9SJ686685_identificacao_2.pdf,sim,4,BU-03-FX,VR3USHPY9SJ686685,,,2026-04-22,17:19:52,2026-04-22 17:19:52,PSA-DIAG/Stellantis,identificacao_telecarregamento,identificacao,file:///C:/Users/andre/OneDrive%20-%20D'accord%20Invest%20-%20Servi%C3%A7os%20Partilhados%20SA/CARFAST%20-%20OFICINA%20-%20HISTORICO%20TECNICO/2026/04_Abril/2026-04-22_BU-03-FX_VR3USHPY9SJ686685_identificacao_telecarregamento_identificacao.pdf,2026-04-22_VR3USHPY9SJ686685_identificacao_2.pdf,historico_tecnico_2026_v2,matricula inferida por VIN,Codex,2026-05-20 03:17:30,,,68.03,,,,,,,,,,,,,,,,,,,,,,,,,,,,,,
validado,5a4eb51d70e3c429_2026-04-23_VR3USHPY9SJ686685_informacoes-manutencao_2.pdf,sim,2,BU-03-FX,VR3USHPY9SJ686685,,,2026-04-23,11:30:06,2026-04-23 11:30:06,PSA-DIAG/Stellantis,manutencao,informacoes manutencao,file:///C:/Users/andre/OneDrive%20-%20D'accord%20Invest%20-%20Servi%C3%A7os%20Partilhados%20SA/CARFAST%20-%20OFICINA%20-%20HISTORICO%20TECNICO/2026/04_Abril/2026-04-23_BU-03-FX_VR3USHPY9SJ686685_manutencao_informacoes-manutencao.pdf,2026-04-23_VR3USHPY9SJ686685_informacoes-manutencao_2.pdf,historico_tecnico_2026_v2,matricula inferida por VIN,Codex,2026-05-20 03:17:30,,,,,,,,,,,,,,,,,,,,,,,,,,,,,,,,,
validado,d82b0d1efb6edf99_2026-04-27_VR3USHPY9SJ686685_informacoes-manutencao_2.pdf,sim,2,BU-03-FX,VR3USHPY9SJ686685,,,2026-04-27,11:55:51,2026-04-27 11:55:51,PSA-DIAG/Stellantis,manutencao,informacoes manutencao,file:///C:/Users/andre/OneDrive%20-%20D'accord%20Invest%20-%20Servi%C3%A7os%20Partilhados%20SA/CARFAST%20-%20OFICINA%20-%20HISTORICO%20TECNICO/2026/04_Abril/2026-04-27_BU-03-FX_VR3USHPY9SJ686685_manutencao_informacoes-manutencao.pdf,2026-04-27_VR3USHPY9SJ686685_informacoes-manutencao_2.pdf,historico_tecnico_2026_v2,matricula inferida por VIN,Codex,2026-05-20 03:17:30,,,,,,,,,,,,,,,,,,,,,,,,,,,,,,,,,
validado,d9a4cde6a22e1033_2026-04-27_VR3USHPY9SJ686685_global_2.pdf,sim,4,BU-03-FX,VR3USHPY9SJ686685,,,2026-04-27,12:00:32,2026-04-27 12:00:32,PSA-DIAG/Stellantis,lubrificacao_motor,global | codigos: U1109 87; B1818; U1802 81; U1262 29; U1826 00; B2ED3; U183A 00; U0293; U1476 87,file:///C:/Users/andre/OneDrive%20-%20D'accord%20Invest%20-%20Servi%C3%A7os%20Partilhados%20SA/CARFAST%20-%20OFICINA%20-%20HISTORICO%20TECNICO/2026/04_Abril/2026-04-27_BU-03-FX_VR3USHPY9SJ686685_lubrificacao_motor_global.pdf,2026-04-27_VR3USHPY9SJ686685_global_2.pdf,historico_tecnico_2026_v2,matricula inferida por VIN,Codex,2026-05-20 03:17:30,,,,,,,,,,,,,,,,,,,,,Dinâmica,,,,,Sim,,U1109 87; B1818; U1802 81; U1262 29; U1826 00; B2ED3; U183A 00; U0293; U1476 87,Sim,Permanente,Defeito de medição,,Prioridade alta: diagnosticar defeitos permanentes/críticos
validado,3b2b0135b30e12a5_2026-01-06_VR7BAHNEANE076574_relatorio-de-diagnostico-do-veiculo_2.pdf,sim,2,BA-09-MF,VR7BAHNEANE076574,,,2026-01-06,,2026-01-06,Autel,leitura_defeitos,relatorio de diagnostico do veiculo,file:///C:/Users/andre/OneDrive%20-%20D'accord%20Invest%20-%20Servi%C3%A7os%20Partilhados%20SA/CARFAST%20-%20OFICINA%20-%20HISTORICO%20TECNICO/2026/01_Janeiro/2026-01-06_BA-09-MF_VR7BAHNEANE076574_leitura_defeitos_relatorio-de-diagnostico-do-veiculo.pdf,2026-01-06_VR7BAHNEANE076574_relatorio-de-diagnostico-do-veiculo_2.pdf,historico_tecnico_2026_v2,matricula inferida por VIN,Codex,2026-05-20 03:17:30,,,,,,,,,,,,,,,,,,,,,,,,,,,,,,,,,
validado,3b2b0135b30e12a5_2026-01-06_VR7BAHNEANE076574_relatorio-de-diagnostico-do-veiculo_3.pdf,sim,3,BA-09-MF,VR7BAHNEANE076574,,,2026-01-06,,2026-01-06,Autel,leitura_defeitos,relatorio de diagnostico do veiculo,file:///C:/Users/andre/OneDrive%20-%20D'accord%20Invest%20-%20Servi%C3%A7os%20Partilhados%20SA/CARFAST%20-%20OFICINA%20-%20HISTORICO%20TECNICO/2026/01_Janeiro/2026-01-06_BA-09-MF_VR7BAHNEANE076574_leitura_defeitos_relatorio-de-diagnostico-do-veiculo.pdf,2026-01-06_VR7BAHNEANE076574_relatorio-de-diagnostico-do-veiculo_3.pdf,historico_tecnico_2026_v2,matricula inferida por VIN,Codex,2026-05-20 03:17:30,,,,,,,,,,,,,,,,,,,,,,,,,,,,,,,,,
validado,3b2b0135b30e12a5_2026-01-06_VR7BAHNEANE076574_relatorio-de-diagnostico-do-veiculo_4.pdf,sim,4,BA-09-MF,VR7BAHNEANE076574,,,2026-01-06,,2026-01-06,Autel,leitura_defeitos,relatorio de diagnostico do veiculo,file:///C:/Users/andre/OneDrive%20-%20D'accord%20Invest%20-%20Servi%C3%A7os%20Partilhados%20SA/CARFAST%20-%20OFICINA%20-%20HISTORICO%20TECNICO/2026/01_Janeiro/2026-01-06_BA-09-MF_VR7BAHNEANE076574_leitura_defeitos_relatorio-de-diagnostico-do-veiculo.pdf,2026-01-06_VR7BAHNEANE076574_relatorio-de-diagnostico-do-veiculo_4.pdf,historico_tecnico_2026_v2,matricula inferida por VIN,Codex,2026-05-20 03:17:30,,,,,,,,,,,,,,,,,,,,,,,,,,,,,,,,,
validado,5ae8adaab9df97e6_2026-01-06_VR7BAHNEANE076574_informacoes-de-manutencao_2.pdf,sim,6,BA-09-MF,VR7BAHNEANE076574,,,2026-01-06,,2026-01-06,Autel,manutencao,informacoes de manutencao,file:///C:/Users/andre/OneDrive%20-%20D'accord%20Invest%20-%20Servi%C3%A7os%20Partilhados%20SA/CARFAST%20-%20OFICINA%20-%20HISTORICO%20TECNICO/2026/01_Janeiro/2026-01-06_BA-09-MF_VR7BAHNEANE076574_manutencao_informacoes-de-manutencao.pdf,2026-01-06_VR7BAHNEANE076574_informacoes-de-manutencao_2.pdf,historico_tecnico_2026_v2,matricula inferida por VIN,Codex,2026-05-20 03:17:30,,,,,,,,,,,,,,,,,,,,,,,,,,,,,,,,,
validado,5ae8adaab9df97e6_2026-01-06_VR7BAHNEANE076574_informacoes-de-manutencao_3.pdf,sim,7,BA-09-MF,VR7BAHNEANE076574,,,2026-01-06,,2026-01-06,Autel,manutencao,informacoes de manutencao,file:///C:/Users/andre/OneDrive%20-%20D'accord%20Invest%20-%20Servi%C3%A7os%20Partilhados%20SA/CARFAST%20-%20OFICINA%20-%20HISTORICO%20TECNICO/2026/01_Janeiro/2026-01-06_BA-09-MF_VR7BAHNEANE076574_manutencao_informacoes-de-manutencao.pdf,2026-01-06_VR7BAHNEANE076574_informacoes-de-manutencao_3.pdf,historico_tecnico_2026_v2,matricula inferida por VIN,Codex,2026-05-20 03:17:30,,,,,,,,,,,,,,,,,,,,,,,,,,,,,,,,,
validado,5ae8adaab9df97e6_2026-01-06_VR7BAHNEANE076574_informacoes-de-manutencao_4.pdf,sim,8,BA-09-MF,VR7BAHNEANE076574,,,2026-01-06,,2026-01-06,Autel,manutencao,informacoes de manutencao,file:///C:/Users/andre/OneDrive%20-%20D'accord%20Invest%20-%20Servi%C3%A7os%20Partilhados%20SA/CARFAST%20-%20OFICINA%20-%20HISTORICO%20TECNICO/2026/01_Janeiro/2026-01-06_BA-09-MF_VR7BAHNEANE076574_manutencao_informacoes-de-manutencao.pdf,2026-01-06_VR7BAHNEANE076574_informacoes-de-manutencao_4.pdf,historico_tecnico_2026_v2,matricula inferida por VIN,Codex,2026-05-20 03:17:30,,,,,,,,,,,,,,,,,,,,,,,,,,,,,,,,,
validado,2f0224633f8b2d1a_2026-03-25_VR7BAHPY0SE013687_informacoes-de-manutencao_2.pdf,sim,2,BU-80-HZ,VR7BAHPY0SE013687,,,2026-03-25,,2026-03-25,Autel,manutencao,informacoes de manutencao,file:///C:/Users/andre/OneDrive%20-%20D'accord%20Invest%20-%20Servi%C3%A7os%20Partilhados%20SA/CARFAST%20-%20OFICINA%20-%20HISTORICO%20TECNICO/2026/03_Marco/2026-03-25_BU-80-HZ_VR7BAHPY0SE013687_manutencao_informacoes-de-manutencao.pdf,2026-03-25_VR7BAHPY0SE013687_informacoes-de-manutencao_2.pdf,historico_tecnico_2026_v2,matricula inferida por VIN,Codex,2026-05-20 03:17:30,,,,,,,,,,,,,,,,,,,,,,,,,,,,,,,,,
validado,2f0224633f8b2d1a_2026-03-25_VR7BAHPY0SE013687_informacoes-de-manutencao_3.pdf,sim,3,BU-80-HZ,VR7BAHPY0SE013687,,,2026-03-25,,2026-03-25,Autel,manutencao,informacoes de manutencao,file:///C:/Users/andre/OneDrive%20-%20D'accord%20Invest%20-%20Servi%C3%A7os%20Partilhados%20SA/CARFAST%20-%20OFICINA%20-%20HISTORICO%20TECNICO/2026/03_Marco/2026-03-25_BU-80-HZ_VR7BAHPY0SE013687_manutencao_informacoes-de-manutencao.pdf,2026-03-25_VR7BAHPY0SE013687_informacoes-de-manutencao_3.pdf,historico_tecnico_2026_v2,matricula inferida por VIN,Codex,2026-05-20 03:17:30,,,,,,,,,,,,,,,,,,,,,,,,,,,,,,,,,
validado,2f0224633f8b2d1a_2026-03-25_VR7BAHPY0SE013687_informacoes-de-manutencao_4.pdf,sim,4,BU-80-HZ,VR7BAHPY0SE013687,,,2026-03-25,,2026-03-25,Autel,manutencao,informacoes de manutencao,file:///C:/Users/andre/OneDrive%20-%20D'accord%20Invest%20-%20Servi%C3%A7os%20Partilhados%20SA/CARFAST%20-%20OFICINA%20-%20HISTORICO%20TECNICO/2026/03_Marco/2026-03-25_BU-80-HZ_VR7BAHPY0SE013687_manutencao_informacoes-de-manutencao.pdf,2026-03-25_VR7BAHPY0SE013687_informacoes-de-manutencao_4.pdf,historico_tecnico_2026_v2,matricula inferida por VIN,Codex,2026-05-20 03:17:30,,,,,,,,,,,,,,,,,,,,,,,,,,,,,,,,,
validado,93a721acd2bc6f1d_2026-01-06_VR7BAHPY4RE088483_informacoes-de-manutencao_2.pdf,sim,2,BU-33-UZ,VR7BAHPY4RE088483,,,2026-01-06,,2026-01-06,Autel,manutencao,informacoes de manutencao,file:///C:/Users/andre/OneDrive%20-%20D'accord%20Invest%20-%20Servi%C3%A7os%20Partilhados%20SA/CARFAST%20-%20OFICINA%20-%20HISTORICO%20TECNICO/2026/01_Janeiro/2026-01-06_BU-33-UZ_VR7BAHPY4RE088483_manutencao_informacoes-de-manutencao.pdf,2026-01-06_VR7BAHPY4RE088483_informacoes-de-manutencao_2.pdf,historico_tecnico_2026_v2,matricula inferida por VIN,Codex,2026-05-20 03:17:30,,,,,,,,,,,,,,,,,,,,,,,,,,,,,,,,,
validado,7b6ba85992f47e4b_2026-03-12_VR7BBYHZBNE063309_informacoes-lubrificacao-motor_2.pdf,sim,2,AX-30-EF,VR7BBYHZBNE063309,,,2026-03-12,,2026-03-12,Autel,lubrificacao_motor,informacoes lubrificacao motor,file:///C:/Users/andre/OneDrive%20-%20D'accord%20Invest%20-%20Servi%C3%A7os%20Partilhados%20SA/CARFAST%20-%20OFICINA%20-%20HISTORICO%20TECNICO/2026/03_Marco/2026-03-12_AX-30-EF_VR7BBYHZBNE063309_lubrificacao_motor_informacoes-lubrificacao-motor.pdf,2026-03-12_VR7BBYHZBNE063309_informacoes-lubrificacao-motor_2.pdf,historico_tecnico_2026_v2,matricula inferida por VIN,Codex,2026-05-20 03:17:30,,,,,,,,,,,,,,,,,,,,,,,,,,,,,,,,,
validado,7b6ba85992f47e4b_2026-03-12_VR7BBYHZBNE063309_informacoes-lubrificacao-motor_3.pdf,sim,3,AX-30-EF,VR7BBYHZBNE063309,,,2026-03-12,,2026-03-12,Autel,lubrificacao_motor,informacoes lubrificacao motor,file:///C:/Users/andre/OneDrive%20-%20D'accord%20Invest%20-%20Servi%C3%A7os%20Partilhados%20SA/CARFAST%20-%20OFICINA%20-%20HISTORICO%20TECNICO/2026/03_Marco/2026-03-12_AX-30-EF_VR7BBYHZBNE063309_lubrificacao_motor_informacoes-lubrificacao-motor.pdf,2026-03-12_VR7BBYHZBNE063309_informacoes-lubrificacao-motor_3.pdf,historico_tecnico_2026_v2,matricula inferida por VIN,Codex,2026-05-20 03:17:30,,,,,,,,,,,,,,,,,,,,,,,,,,,,,,,,,
validado,7b6ba85992f47e4b_2026-03-12_VR7BBYHZBNE063309_informacoes-lubrificacao-motor_4.pdf,sim,4,AX-30-EF,VR7BBYHZBNE063309,,,2026-03-12,,2026-03-12,Autel,lubrificacao_motor,informacoes lubrificacao motor,file:///C:/Users/andre/OneDrive%20-%20D'accord%20Invest%20-%20Servi%C3%A7os%20Partilhados%20SA/CARFAST%20-%20OFICINA%20-%20HISTORICO%20TECNICO/2026/03_Marco/2026-03-12_AX-30-EF_VR7BBYHZBNE063309_lubrificacao_motor_informacoes-lubrificacao-motor.pdf,2026-03-12_VR7BBYHZBNE063309_informacoes-lubrificacao-motor_4.pdf,historico_tecnico_2026_v2,matricula inferida por VIN,Codex,2026-05-20 03:17:30,,,,,,,,,,,,,,,,,,,,,,,,,,,,,,,,,
validado,4b2a9c0e0044da10_2026-03-12_VR7BBYHZBNE063309_informacoes-de-manutencao_2.pdf,sim,6,AX-30-EF,VR7BBYHZBNE063309,,,2026-03-12,,2026-03-12,Autel,manutencao,informacoes de manutencao,file:///C:/Users/andre/OneDrive%20-%20D'accord%20Invest%20-%20Servi%C3%A7os%20Partilhados%20SA/CARFAST%20-%20OFICINA%20-%20HISTORICO%20TECNICO/2026/03_Marco/2026-03-12_AX-30-EF_VR7BBYHZBNE063309_manutencao_informacoes-de-manutencao.pdf,2026-03-12_VR7BBYHZBNE063309_informacoes-de-manutencao_2.pdf,historico_tecnico_2026_v2,matricula inferida por VIN,Codex,2026-05-20 03:17:30,,,,,,,,,,,,,,,,,,,,,,,,,,,,,,,,,
validado,4b2a9c0e0044da10_2026-03-12_VR7BBYHZBNE063309_informacoes-de-manutencao_3.pdf,sim,7,AX-30-EF,VR7BBYHZBNE063309,,,2026-03-12,,2026-03-12,Autel,manutencao,informacoes de manutencao,file:///C:/Users/andre/OneDrive%20-%20D'accord%20Invest%20-%20Servi%C3%A7os%20Partilhados%20SA/CARFAST%20-%20OFICINA%20-%20HISTORICO%20TECNICO/2026/03_Marco/2026-03-12_AX-30-EF_VR7BBYHZBNE063309_manutencao_informacoes-de-manutencao.pdf,2026-03-12_VR7BBYHZBNE063309_informacoes-de-manutencao_3.pdf,historico_tecnico_2026_v2,matricula inferida por VIN,Codex,2026-05-20 03:17:30,,,,,,,,,,,,,,,,,,,,,,,,,,,,,,,,,
validado,4b2a9c0e0044da10_2026-03-12_VR7BBYHZBNE063309_informacoes-de-manutencao_4.pdf,sim,8,AX-30-EF,VR7BBYHZBNE063309,,,2026-03-12,,2026-03-12,Autel,manutencao,informacoes de manutencao,file:///C:/Users/andre/OneDrive%20-%20D'accord%20Invest%20-%20Servi%C3%A7os%20Partilhados%20SA/CARFAST%20-%20OFICINA%20-%20HISTORICO%20TECNICO/2026/03_Marco/2026-03-12_AX-30-EF_VR7BBYHZBNE063309_manutencao_informacoes-de-manutencao.pdf,2026-03-12_VR7BBYHZBNE063309_informacoes-de-manutencao_4.pdf,historico_tecnico_2026_v2,matricula inferida por VIN,Codex,2026-05-20 03:17:30,,,,,,,,,,,,,,,,,,,,,,,,,,,,,,,,,
validado,307e3c17f4f0011a_2026-02-04_VR7BBYHZBNE063312_informacoes-lubrificacao-motor_2.pdf,sim,2,AX-36-EF,VR7BBYHZBNE063312,,,2026-02-04,,2026-02-04,Autel,lubrificacao_motor,informacoes lubrificacao motor,file:///C:/Users/andre/OneDrive%20-%20D'accord%20Invest%20-%20Servi%C3%A7os%20Partilhados%20SA/CARFAST%20-%20OFICINA%20-%20HISTORICO%20TECNICO/2026/02_Fevereiro/2026-02-04_AX-36-EF_VR7BBYHZBNE063312_lubrificacao_motor_informacoes-lubrificacao-motor.pdf,2026-02-04_VR7BBYHZBNE063312_informacoes-lubrificacao-motor_2.pdf,historico_tecnico_2026_v2,matricula inferida por VIN,Codex,2026-05-20 03:17:30,,,,,,,,,,,,,,,,,,,,,,,,,,,,,,,,,
validado,b21ecc77e8cafc37_2026-02-04_VR7BBYHZBNE063312_informacoes-de-manutencao_2.pdf,sim,4,AX-36-EF,VR7BBYHZBNE063312,,,2026-02-04,,2026-02-04,Autel,manutencao,informacoes de manutencao,file:///C:/Users/andre/OneDrive%20-%20D'accord%20Invest%20-%20Servi%C3%A7os%20Partilhados%20SA/CARFAST%20-%20OFICINA%20-%20HISTORICO%20TECNICO/2026/02_Fevereiro/2026-02-04_AX-36-EF_VR7BBYHZBNE063312_manutencao_informacoes-de-manutencao.pdf,2026-02-04_VR7BBYHZBNE063312_informacoes-de-manutencao_2.pdf,historico_tecnico_2026_v2,matricula inferida por VIN,Codex,2026-05-20 03:17:30,,,,,,,,,,,,,,,,,,,,,,,,,,,,,,,,,
validado,14472fb38f5f800e_2026-01-12_VR7EFYHT2PJ697243_informacoes-lubrificacao-motor_2.pdf,sim,2,BB-99-TE,VR7EFYHT2PJ697243,,,2026-01-12,,2026-01-12,Autel,lubrificacao_motor,informacoes lubrificacao motor,file:///C:/Users/andre/OneDrive%20-%20D'accord%20Invest%20-%20Servi%C3%A7os%20Partilhados%20SA/CARFAST%20-%20OFICINA%20-%20HISTORICO%20TECNICO/2026/01_Janeiro/2026-01-12_BB-99-TE_VR7EFYHT2PJ697243_lubrificacao_motor_informacoes-lubrificacao-motor.pdf,2026-01-12_VR7EFYHT2PJ697243_informacoes-lubrificacao-motor_2.pdf,historico_tecnico_2026_v2,matricula inferida por VIN,Codex,2026-05-20 03:17:30,,,,,,,,,,,,,,,,,,,,,,,,,,,,,,,,,
validado,e1cea958adb51af3_2026-01-12_VR7EFYHT2PJ697243_informacoes-de-manutencao_2.pdf,sim,4,BB-99-TE,VR7EFYHT2PJ697243,,,2026-01-12,,2026-01-12,Autel,manutencao,informacoes de manutencao,file:///C:/Users/andre/OneDrive%20-%20D'accord%20Invest%20-%20Servi%C3%A7os%20Partilhados%20SA/CARFAST%20-%20OFICINA%20-%20HISTORICO%20TECNICO/2026/01_Janeiro/2026-01-12_BB-99-TE_VR7EFYHT2PJ697243_manutencao_informacoes-de-manutencao.pdf,2026-01-12_VR7EFYHT2PJ697243_informacoes-de-manutencao_2.pdf,historico_tecnico_2026_v2,matricula inferida por VIN,Codex,2026-05-20 03:17:30,,,,,,,,,,,,,,,,,,,,,,,,,,,,,,,,,
validado,acc8383a1d17551b_2026-01-16_VR7EFYHT2PJ697243_informacoes-lubrificacao-motor_2.pdf,sim,2,BB-99-TE,VR7EFYHT2PJ697243,,,2026-01-16,,2026-01-16,Autel,lubrificacao_motor,informacoes lubrificacao motor,file:///C:/Users/andre/OneDrive%20-%20D'accord%20Invest%20-%20Servi%C3%A7os%20Partilhados%20SA/CARFAST%20-%20OFICINA%20-%20HISTORICO%20TECNICO/2026/01_Janeiro/2026-01-16_BB-99-TE_VR7EFYHT2PJ697243_lubrificacao_motor_informacoes-lubrificacao-motor.pdf,2026-01-16_VR7EFYHT2PJ697243_informacoes-lubrificacao-motor_2.pdf,historico_tecnico_2026_v2,matricula inferida por VIN,Codex,2026-05-20 03:17:30,,,,,,,,,,,,,,,,,,,,,,,,,,,,,,,,,
validado,b4eeb54361dbc752_2026-01-16_VR7EFYHT2PJ697243_informacoes-de-manutencao_2.pdf,sim,4,BB-99-TE,VR7EFYHT2PJ697243,,,2026-01-16,,2026-01-16,Autel,manutencao,informacoes de manutencao,file:///C:/Users/andre/OneDrive%20-%20D'accord%20Invest%20-%20Servi%C3%A7os%20Partilhados%20SA/CARFAST%20-%20OFICINA%20-%20HISTORICO%20TECNICO/2026/01_Janeiro/2026-01-16_BB-99-TE_VR7EFYHT2PJ697243_manutencao_informacoes-de-manutencao.pdf,2026-01-16_VR7EFYHT2PJ697243_informacoes-de-manutencao_2.pdf,historico_tecnico_2026_v2,matricula inferida por VIN,Codex,2026-05-20 03:17:30,,,,,,,,,,,,,,,,,,,,,,,,,,,,,,,,,
validado,6c690d83293f78de_2026-01-06_VR7EFYHT2PJ697244_relatorio-de-diagnostico-do-veiculo_2.pdf,sim,2,BB-69-TE,VR7EFYHT2PJ697244,,,2026-01-06,,2026-01-06,Autel,leitura_defeitos,relatorio de diagnostico do veiculo,file:///C:/Users/andre/OneDrive%20-%20D'accord%20Invest%20-%20Servi%C3%A7os%20Partilhados%20SA/CARFAST%20-%20OFICINA%20-%20HISTORICO%20TECNICO/2026/01_Janeiro/2026-01-06_BB-69-TE_VR7EFYHT2PJ697244_leitura_defeitos_relatorio-de-diagnostico-do-veiculo.pdf,2026-01-06_VR7EFYHT2PJ697244_relatorio-de-diagnostico-do-veiculo_2.pdf,historico_tecnico_2026_v2,matricula inferida por VIN,Codex,2026-05-20 03:17:30,,,,,,,,,,,,,,,,,,,,,,,,,,,,,,,,,
validado,6c690d83293f78de_2026-01-06_VR7EFYHT2PJ697244_relatorio-de-diagnostico-do-veiculo_3.pdf,sim,3,BB-69-TE,VR7EFYHT2PJ697244,,,2026-01-06,,2026-01-06,Autel,leitura_defeitos,relatorio de diagnostico do veiculo,file:///C:/Users/andre/OneDrive%20-%20D'accord%20Invest%20-%20Servi%C3%A7os%20Partilhados%20SA/CARFAST%20-%20OFICINA%20-%20HISTORICO%20TECNICO/2026/01_Janeiro/2026-01-06_BB-69-TE_VR7EFYHT2PJ697244_leitura_defeitos_relatorio-de-diagnostico-do-veiculo.pdf,2026-01-06_VR7EFYHT2PJ697244_relatorio-de-diagnostico-do-veiculo_3.pdf,historico_tecnico_2026_v2,matricula inferida por VIN,Codex,2026-05-20 03:17:30,,,,,,,,,,,,,,,,,,,,,,,,,,,,,,,,,
validado,6c690d83293f78de_2026-01-06_VR7EFYHT2PJ697244_relatorio-de-diagnostico-do-veiculo_4.pdf,sim,4,BB-69-TE,VR7EFYHT2PJ697244,,,2026-01-06,,2026-01-06,Autel,leitura_defeitos,relatorio de diagnostico do veiculo,file:///C:/Users/andre/OneDrive%20-%20D'accord%20Invest%20-%20Servi%C3%A7os%20Partilhados%20SA/CARFAST%20-%20OFICINA%20-%20HISTORICO%20TECNICO/2026/01_Janeiro/2026-01-06_BB-69-TE_VR7EFYHT2PJ697244_leitura_defeitos_relatorio-de-diagnostico-do-veiculo.pdf,2026-01-06_VR7EFYHT2PJ697244_relatorio-de-diagnostico-do-veiculo_4.pdf,historico_tecnico_2026_v2,matricula inferida por VIN,Codex,2026-05-20 03:17:30,,,,,,,,,,,,,,,,,,,,,,,,,,,,,,,,,
validado,4722f5d25fd3d95d_2026-01-06_VR7EFYHT2PJ697244_informacoes-de-manutencao_2.pdf,sim,6,BB-69-TE,VR7EFYHT2PJ697244,,,2026-01-06,,2026-01-06,Autel,manutencao,informacoes de manutencao,file:///C:/Users/andre/OneDrive%20-%20D'accord%20Invest%20-%20Servi%C3%A7os%20Partilhados%20SA/CARFAST%20-%20OFICINA%20-%20HISTORICO%20TECNICO/2026/01_Janeiro/2026-01-06_BB-69-TE_VR7EFYHT2PJ697244_manutencao_informacoes-de-manutencao.pdf,2026-01-06_VR7EFYHT2PJ697244_informacoes-de-manutencao_2.pdf,historico_tecnico_2026_v2,matricula inferida por VIN,Codex,2026-05-20 03:17:30,,,,,,,,,,,,,,,,,,,,,,,,,,,,,,,,,
validado,4722f5d25fd3d95d_2026-01-06_VR7EFYHT2PJ697244_informacoes-de-manutencao_3.pdf,sim,7,BB-69-TE,VR7EFYHT2PJ697244,,,2026-01-06,,2026-01-06,Autel,manutencao,informacoes de manutencao,file:///C:/Users/andre/OneDrive%20-%20D'accord%20Invest%20-%20Servi%C3%A7os%20Partilhados%20SA/CARFAST%20-%20OFICINA%20-%20HISTORICO%20TECNICO/2026/01_Janeiro/2026-01-06_BB-69-TE_VR7EFYHT2PJ697244_manutencao_informacoes-de-manutencao.pdf,2026-01-06_VR7EFYHT2PJ697244_informacoes-de-manutencao_3.pdf,historico_tecnico_2026_v2,matricula inferida por VIN,Codex,2026-05-20 03:17:30,,,,,,,,,,,,,,,,,,,,,,,,,,,,,,,,,
validado,4722f5d25fd3d95d_2026-01-06_VR7EFYHT2PJ697244_informacoes-de-manutencao_4.pdf,sim,8,BB-69-TE,VR7EFYHT2PJ697244,,,2026-01-06,,2026-01-06,Autel,manutencao,informacoes de manutencao,file:///C:/Users/andre/OneDrive%20-%20D'accord%20Invest%20-%20Servi%C3%A7os%20Partilhados%20SA/CARFAST%20-%20OFICINA%20-%20HISTORICO%20TECNICO/2026/01_Janeiro/2026-01-06_BB-69-TE_VR7EFYHT2PJ697244_manutencao_informacoes-de-manutencao.pdf,2026-01-06_VR7EFYHT2PJ697244_informacoes-de-manutencao_4.pdf,historico_tecnico_2026_v2,matricula inferida por VIN,Codex,2026-05-20 03:17:30,,,,,,,,,,,,,,,,,,,,,,,,,,,,,,,,,
validado,924ec0e177406bb2_2026-01-08_VR7EFYHT2PJ697244_informacoes-lubrificacao-motor_2.pdf,sim,2,BB-69-TE,VR7EFYHT2PJ697244,,,2026-01-08,,2026-01-08,Autel,lubrificacao_motor,informacoes lubrificacao motor,file:///C:/Users/andre/OneDrive%20-%20D'accord%20Invest%20-%20Servi%C3%A7os%20Partilhados%20SA/CARFAST%20-%20OFICINA%20-%20HISTORICO%20TECNICO/2026/01_Janeiro/2026-01-08_BB-69-TE_VR7EFYHT2PJ697244_lubrificacao_motor_informacoes-lubrificacao-motor.pdf,2026-01-08_VR7EFYHT2PJ697244_informacoes-lubrificacao-motor_2.pdf,historico_tecnico_2026_v2,matricula inferida por VIN,Codex,2026-05-20 03:17:30,,,,,,,,,,,,,,,,,,,,,,,,,,,,,,,,,
validado,924ec0e177406bb2_2026-01-08_VR7EFYHT2PJ697244_informacoes-lubrificacao-motor_3.pdf,sim,3,BB-69-TE,VR7EFYHT2PJ697244,,,2026-01-08,,2026-01-08,Autel,lubrificacao_motor,informacoes lubrificacao motor,file:///C:/Users/andre/OneDrive%20-%20D'accord%20Invest%20-%20Servi%C3%A7os%20Partilhados%20SA/CARFAST%20-%20OFICINA%20-%20HISTORICO%20TECNICO/2026/01_Janeiro/2026-01-08_BB-69-TE_VR7EFYHT2PJ697244_lubrificacao_motor_informacoes-lubrificacao-motor.pdf,2026-01-08_VR7EFYHT2PJ697244_informacoes-lubrificacao-motor_3.pdf,historico_tecnico_2026_v2,matricula inferida por VIN,Codex,2026-05-20 03:17:30,,,,,,,,,,,,,,,,,,,,,,,,,,,,,,,,,
validado,924ec0e177406bb2_2026-01-08_VR7EFYHT2PJ697244_informacoes-lubrificacao-motor_4.pdf,sim,4,BB-69-TE,VR7EFYHT2PJ697244,,,2026-01-08,,2026-01-08,Autel,lubrificacao_motor,informacoes lubrificacao motor,file:///C:/Users/andre/OneDrive%20-%20D'accord%20Invest%20-%20Servi%C3%A7os%20Partilhados%20SA/CARFAST%20-%20OFICINA%20-%20HISTORICO%20TECNICO/2026/01_Janeiro/2026-01-08_BB-69-TE_VR7EFYHT2PJ697244_lubrificacao_motor_informacoes-lubrificacao-motor.pdf,2026-01-08_VR7EFYHT2PJ697244_informacoes-lubrificacao-motor_4.pdf,historico_tecnico_2026_v2,matricula inferida por VIN,Codex,2026-05-20 03:17:30,,,,,,,,,,,,,,,,,,,,,,,,,,,,,,,,,
validado,924ec0e177406bb2_2026-01-08_VR7EFYHT2PJ697244_informacoes-lubrificacao-motor_5.pdf,sim,5,BB-69-TE,VR7EFYHT2PJ697244,,,2026-01-08,,2026-01-08,Autel,lubrificacao_motor,informacoes lubrificacao motor,file:///C:/Users/andre/OneDrive%20-%20D'accord%20Invest%20-%20Servi%C3%A7os%20Partilhados%20SA/CARFAST%20-%20OFICINA%20-%20HISTORICO%20TECNICO/2026/01_Janeiro/2026-01-08_BB-69-TE_VR7EFYHT2PJ697244_lubrificacao_motor_informacoes-lubrificacao-motor.pdf,2026-01-08_VR7EFYHT2PJ697244_informacoes-lubrificacao-motor_5.pdf,historico_tecnico_2026_v2,matricula inferida por VIN,Codex,2026-05-20 03:17:30,,,,,,,,,,,,,,,,,,,,,,,,,,,,,,,,,
validado,5ec7a309e3cc49e0_2026-04-27_VR7EFYHT2PJ721791_global_2.pdf,sim,2,BC-98-FA,VR7EFYHT2PJ721791,,,2026-04-27,15:34:00,2026-04-27 15:34:00,PSA-DIAG/Stellantis,identificacao_telecarregamento,global | codigos: B1563; B132A; B1562; U1F00; B1418 00; B1504; B1503; B1805; B1400; B1003; P06B8; B1865 23,file:///C:/Users/andre/OneDrive%20-%20D'accord%20Invest%20-%20Servi%C3%A7os%20Partilhados%20SA/CARFAST%20-%20OFICINA%20-%20HISTORICO%20TECNICO/2026/04_Abril/2026-04-27_BC-98-FA_VR7EFYHT2PJ721791_identificacao_telecarregamento_global.pdf,2026-04-27_VR7EFYHT2PJ721791_global_2.pdf,historico_tecnico_2026_v2,matricula inferida por VIN,Codex,2026-05-20 03:17:30,,,,,,,,,,,,,,,,,,,,,,,,,,Sim,,B1563; B132A; B1562; U1F00; B1418 00; B1504; B1503; B1805; B1400; B1003; P06B8; B1865 23,Sim,Permanente,ncoerência 30.000mbar,,Prioridade alta: diagnosticar defeitos permanentes/críticos
validado,d716d2b4b5f7a15b_2026-04-27_VR7EFYHT2PJ721791_informacoes-manutencao_2.pdf,sim,4,BC-98-FA,VR7EFYHT2PJ721791,,,2026-04-27,15:36:06,2026-04-27 15:36:06,PSA-DIAG/Stellantis,manutencao,informacoes manutencao,file:///C:/Users/andre/OneDrive%20-%20D'accord%20Invest%20-%20Servi%C3%A7os%20Partilhados%20SA/CARFAST%20-%20OFICINA%20-%20HISTORICO%20TECNICO/2026/04_Abril/2026-04-27_BC-98-FA_VR7EFYHT2PJ721791_manutencao_informacoes-manutencao.pdf,2026-04-27_VR7EFYHT2PJ721791_informacoes-manutencao_2.pdf,historico_tecnico_2026_v2,matricula inferida por VIN,Codex,2026-05-20 03:17:30,,,,,,,,,,,,,,,,,,,,,Dinâmica,,,,,,,,,,,,
validado,28cbf4fe02053f2e_2026-04-27_VR7EFYHT2PJ721791_informacoes-lubrificacao-motor_2.pdf,sim,6,BC-98-FA,VR7EFYHT2PJ721791,,,2026-04-27,15:38:13,2026-04-27 15:38:13,PSA-DIAG/Stellantis,lubrificacao_motor,informacoes lubrificacao motor,file:///C:/Users/andre/OneDrive%20-%20D'accord%20Invest%20-%20Servi%C3%A7os%20Partilhados%20SA/CARFAST%20-%20OFICINA%20-%20HISTORICO%20TECNICO/2026/04_Abril/2026-04-27_BC-98-FA_VR7EFYHT2PJ721791_lubrificacao_motor_informacoes-lubrificacao-motor.pdf,2026-04-27_VR7EFYHT2PJ721791_informacoes-lubrificacao-motor_2.pdf,historico_tecnico_2026_v2,matricula inferida por VIN,Codex,2026-05-20 03:17:30,,,,,,,,,,,,,,,,,,,,,,,,,,,,,,,,,
validado,d8183bf849706521_2026-04-27_VR7EFYHT2PJ721791_identificacao_2.pdf,sim,8,BC-98-FA,VR7EFYHT2PJ721791,,,2026-04-27,15:39:22,2026-04-27 15:39:22,PSA-DIAG/Stellantis,identificacao_telecarregamento,identificacao,file:///C:/Users/andre/OneDrive%20-%20D'accord%20Invest%20-%20Servi%C3%A7os%20Partilhados%20SA/CARFAST%20-%20OFICINA%20-%20HISTORICO%20TECNICO/2026/04_Abril/2026-04-27_BC-98-FA_VR7EFYHT2PJ721791_identificacao_telecarregamento_identificacao.pdf,2026-04-27_VR7EFYHT2PJ721791_identificacao_2.pdf,historico_tecnico_2026_v2,matricula inferida por VIN,Codex,2026-05-20 03:17:30,,,255.255,144.03,,,,,,,,,,,,,,,,,,,,,,,,,,,,,
validado,53ea833f38bb16ed_2026-04-27_VR7EFYHT2PJ721791_parametros-de-manutencao-recuperados-do-veiculo_2.pdf,sim,10,BC-98-FA,VR7EFYHT2PJ721791,,,2026-04-27,15:41:54,2026-04-27 15:41:54,PSA-DIAG/Stellantis,parametrizacao_manutencao,parametros de manutencao recuperados do veiculo,file:///C:/Users/andre/OneDrive%20-%20D'accord%20Invest%20-%20Servi%C3%A7os%20Partilhados%20SA/CARFAST%20-%20OFICINA%20-%20HISTORICO%20TECNICO/2026/04_Abril/2026-04-27_BC-98-FA_VR7EFYHT2PJ721791_parametrizacao_manutencao_parametros-de-manutencao-recuperados-do-veiculo.pdf,2026-04-27_VR7EFYHT2PJ721791_parametros-de-manutencao-recuperados-do-veiculo_2.pdf,historico_tecnico_2026_v2,matricula inferida por VIN,Codex,2026-05-20 03:17:30,,,,,,,,,,,,,,,,,,,,,Dinâmica,,,,,,,,,,,,
validado,2373d1f5451c6aa1_2026-04-10_VR7EFYHT2PJ721793_informacoes-lubrificacao-motor_2.pdf,sim,2,BC-79-DZ,VR7EFYHT2PJ721793,,,2026-04-10,,2026-04-10,Autel,lubrificacao_motor,informacoes lubrificacao motor,file:///C:/Users/andre/OneDrive%20-%20D'accord%20Invest%20-%20Servi%C3%A7os%20Partilhados%20SA/CARFAST%20-%20OFICINA%20-%20HISTORICO%20TECNICO/2026/04_Abril/2026-04-10_BC-79-DZ_VR7EFYHT2PJ721793_lubrificacao_motor_informacoes-lubrificacao-motor.pdf,2026-04-10_VR7EFYHT2PJ721793_informacoes-lubrificacao-motor_2.pdf,historico_tecnico_2026_v2,matricula inferida por VIN,Codex,2026-05-20 03:17:30,,,,,,,,,,,,,,,,,,,,,,,,,,,,,,,,,
validado,2373d1f5451c6aa1_2026-04-10_VR7EFYHT2PJ721793_informacoes-lubrificacao-motor_3.pdf,sim,3,BC-79-DZ,VR7EFYHT2PJ721793,,,2026-04-10,,2026-04-10,Autel,lubrificacao_motor,informacoes lubrificacao motor,file:///C:/Users/andre/OneDrive%20-%20D'accord%20Invest%20-%20Servi%C3%A7os%20Partilhados%20SA/CARFAST%20-%20OFICINA%20-%20HISTORICO%20TECNICO/2026/04_Abril/2026-04-10_BC-79-DZ_VR7EFYHT2PJ721793_lubrificacao_motor_informacoes-lubrificacao-motor.pdf,2026-04-10_VR7EFYHT2PJ721793_informacoes-lubrificacao-motor_3.pdf,historico_tecnico_2026_v2,matricula inferida por VIN,Codex,2026-05-20 03:17:30,,,,,,,,,,,,,,,,,,,,,,,,,,,,,,,,,
validado,2373d1f5451c6aa1_2026-04-10_VR7EFYHT2PJ721793_informacoes-lubrificacao-motor_4.pdf,sim,4,BC-79-DZ,VR7EFYHT2PJ721793,,,2026-04-10,,2026-04-10,Autel,lubrificacao_motor,informacoes lubrificacao motor,file:///C:/Users/andre/OneDrive%20-%20D'accord%20Invest%20-%20Servi%C3%A7os%20Partilhados%20SA/CARFAST%20-%20OFICINA%20-%20HISTORICO%20TECNICO/2026/04_Abril/2026-04-10_BC-79-DZ_VR7EFYHT2PJ721793_lubrificacao_motor_informacoes-lubrificacao-motor.pdf,2026-04-10_VR7EFYHT2PJ721793_informacoes-lubrificacao-motor_4.pdf,historico_tecnico_2026_v2,matricula inferida por VIN,Codex,2026-05-20 03:17:30,,,,,,,,,,,,,,,,,,,,,,,,,,,,,,,,,
validado,2b3cb50d3396459c_2026-04-10_VR7EFYHT2PJ721793_informacoes-de-manutencao_2.pdf,sim,6,BC-79-DZ,VR7EFYHT2PJ721793,,,2026-04-10,,2026-04-10,Autel,manutencao,informacoes de manutencao,file:///C:/Users/andre/OneDrive%20-%20D'accord%20Invest%20-%20Servi%C3%A7os%20Partilhados%20SA/CARFAST%20-%20OFICINA%20-%20HISTORICO%20TECNICO/2026/04_Abril/2026-04-10_BC-79-DZ_VR7EFYHT2PJ721793_manutencao_informacoes-de-manutencao.pdf,2026-04-10_VR7EFYHT2PJ721793_informacoes-de-manutencao_2.pdf,historico_tecnico_2026_v2,matricula inferida por VIN,Codex,2026-05-20 03:17:30,,,,,,,,,,,,,,,,,,,,,,,,,,,,,,,,,
validado,2b3cb50d3396459c_2026-04-10_VR7EFYHT2PJ721793_informacoes-de-manutencao_3.pdf,sim,7,BC-79-DZ,VR7EFYHT2PJ721793,,,2026-04-10,,2026-04-10,Autel,manutencao,informacoes de manutencao,file:///C:/Users/andre/OneDrive%20-%20D'accord%20Invest%20-%20Servi%C3%A7os%20Partilhados%20SA/CARFAST%20-%20OFICINA%20-%20HISTORICO%20TECNICO/2026/04_Abril/2026-04-10_BC-79-DZ_VR7EFYHT2PJ721793_manutencao_informacoes-de-manutencao.pdf,2026-04-10_VR7EFYHT2PJ721793_informacoes-de-manutencao_3.pdf,historico_tecnico_2026_v2,matricula inferida por VIN,Codex,2026-05-20 03:17:30,,,,,,,,,,,,,,,,,,,,,,,,,,,,,,,,,
validado,2b3cb50d3396459c_2026-04-10_VR7EFYHT2PJ721793_informacoes-de-manutencao_4.pdf,sim,8,BC-79-DZ,VR7EFYHT2PJ721793,,,2026-04-10,,2026-04-10,Autel,manutencao,informacoes de manutencao,file:///C:/Users/andre/OneDrive%20-%20D'accord%20Invest%20-%20Servi%C3%A7os%20Partilhados%20SA/CARFAST%20-%20OFICINA%20-%20HISTORICO%20TECNICO/2026/04_Abril/2026-04-10_BC-79-DZ_VR7EFYHT2PJ721793_manutencao_informacoes-de-manutencao.pdf,2026-04-10_VR7EFYHT2PJ721793_informacoes-de-manutencao_4.pdf,historico_tecnico_2026_v2,matricula inferida por VIN,Codex,2026-05-20 03:17:30,,,,,,,,,,,,,,,,,,,,,,,,,,,,,,,,,
validado,d72918c31e26570b_2026-04-13_VR7EFYHT2PJ721793_informacoes-lubrificacao-motor_2.pdf,sim,2,BC-79-DZ,VR7EFYHT2PJ721793,,,2026-04-13,,2026-04-13,Autel,lubrificacao_motor,informacoes lubrificacao motor,file:///C:/Users/andre/OneDrive%20-%20D'accord%20Invest%20-%20Servi%C3%A7os%20Partilhados%20SA/CARFAST%20-%20OFICINA%20-%20HISTORICO%20TECNICO/2026/04_Abril/2026-04-13_BC-79-DZ_VR7EFYHT2PJ721793_lubrificacao_motor_informacoes-lubrificacao-motor.pdf,2026-04-13_VR7EFYHT2PJ721793_informacoes-lubrificacao-motor_2.pdf,historico_tecnico_2026_v2,matricula inferida por VIN,Codex,2026-05-20 03:17:30,,,,,,,,,,,,,,,,,,,,,,,,,,,,,,,,,
validado,d72918c31e26570b_2026-04-13_VR7EFYHT2PJ721793_informacoes-lubrificacao-motor_3.pdf,sim,3,BC-79-DZ,VR7EFYHT2PJ721793,,,2026-04-13,,2026-04-13,Autel,lubrificacao_motor,informacoes lubrificacao motor,file:///C:/Users/andre/OneDrive%20-%20D'accord%20Invest%20-%20Servi%C3%A7os%20Partilhados%20SA/CARFAST%20-%20OFICINA%20-%20HISTORICO%20TECNICO/2026/04_Abril/2026-04-13_BC-79-DZ_VR7EFYHT2PJ721793_lubrificacao_motor_informacoes-lubrificacao-motor.pdf,2026-04-13_VR7EFYHT2PJ721793_informacoes-lubrificacao-motor_3.pdf,historico_tecnico_2026_v2,matricula inferida por VIN,Codex,2026-05-20 03:17:30,,,,,,,,,,,,,,,,,,,,,,,,,,,,,,,,,
validado,d72918c31e26570b_2026-04-13_VR7EFYHT2PJ721793_informacoes-lubrificacao-motor_4.pdf,sim,4,BC-79-DZ,VR7EFYHT2PJ721793,,,2026-04-13,,2026-04-13,Autel,lubrificacao_motor,informacoes lubrificacao motor,file:///C:/Users/andre/OneDrive%20-%20D'accord%20Invest%20-%20Servi%C3%A7os%20Partilhados%20SA/CARFAST%20-%20OFICINA%20-%20HISTORICO%20TECNICO/2026/04_Abril/2026-04-13_BC-79-DZ_VR7EFYHT2PJ721793_lubrificacao_motor_informacoes-lubrificacao-motor.pdf,2026-04-13_VR7EFYHT2PJ721793_informacoes-lubrificacao-motor_4.pdf,historico_tecnico_2026_v2,matricula inferida por VIN,Codex,2026-05-20 03:17:30,,,,,,,,,,,,,,,,,,,,,,,,,,,,,,,,,
validado,ca4b1cf81b70f4e5_2026-04-13_VR7EFYHT2PJ721793_informacoes-de-manutencao_2.pdf,sim,6,BC-79-DZ,VR7EFYHT2PJ721793,,,2026-04-13,,2026-04-13,Autel,manutencao,informacoes de manutencao,file:///C:/Users/andre/OneDrive%20-%20D'accord%20Invest%20-%20Servi%C3%A7os%20Partilhados%20SA/CARFAST%20-%20OFICINA%20-%20HISTORICO%20TECNICO/2026/04_Abril/2026-04-13_BC-79-DZ_VR7EFYHT2PJ721793_manutencao_informacoes-de-manutencao.pdf,2026-04-13_VR7EFYHT2PJ721793_informacoes-de-manutencao_2.pdf,historico_tecnico_2026_v2,matricula inferida por VIN,Codex,2026-05-20 03:17:30,,,,,,,,,,,,,,,,,,,,,,,,,,,,,,,,,
validado,ca4b1cf81b70f4e5_2026-04-13_VR7EFYHT2PJ721793_informacoes-de-manutencao_3.pdf,sim,7,BC-79-DZ,VR7EFYHT2PJ721793,,,2026-04-13,,2026-04-13,Autel,manutencao,informacoes de manutencao,file:///C:/Users/andre/OneDrive%20-%20D'accord%20Invest%20-%20Servi%C3%A7os%20Partilhados%20SA/CARFAST%20-%20OFICINA%20-%20HISTORICO%20TECNICO/2026/04_Abril/2026-04-13_BC-79-DZ_VR7EFYHT2PJ721793_manutencao_informacoes-de-manutencao.pdf,2026-04-13_VR7EFYHT2PJ721793_informacoes-de-manutencao_3.pdf,historico_tecnico_2026_v2,matricula inferida por VIN,Codex,2026-05-20 03:17:30,,,,,,,,,,,,,,,,,,,,,,,,,,,,,,,,,
validado,ca4b1cf81b70f4e5_2026-04-13_VR7EFYHT2PJ721793_informacoes-de-manutencao_4.pdf,sim,8,BC-79-DZ,VR7EFYHT2PJ721793,,,2026-04-13,,2026-04-13,Autel,manutencao,informacoes de manutencao,file:///C:/Users/andre/OneDrive%20-%20D'accord%20Invest%20-%20Servi%C3%A7os%20Partilhados%20SA/CARFAST%20-%20OFICINA%20-%20HISTORICO%20TECNICO/2026/04_Abril/2026-04-13_BC-79-DZ_VR7EFYHT2PJ721793_manutencao_informacoes-de-manutencao.pdf,2026-04-13_VR7EFYHT2PJ721793_informacoes-de-manutencao_4.pdf,historico_tecnico_2026_v2,matricula inferida por VIN,Codex,2026-05-20 03:17:30,,,,,,,,,,,,,,,,,,,,,,,,,,,,,,,,,
validado,6088b686bb25b203_2026-01-06_VR7EFYHT2PJ721799_informacoes-de-manutencao_2.pdf,sim,3,BC-10-EB,VR7EFYHT2PJ721799,,,2026-01-06,,2026-01-06,Autel,manutencao,informacoes de manutencao,file:///C:/Users/andre/OneDrive%20-%20D'accord%20Invest%20-%20Servi%C3%A7os%20Partilhados%20SA/CARFAST%20-%20OFICINA%20-%20HISTORICO%20TECNICO/2026/01_Janeiro/2026-01-06_BC-10-EB_VR7EFYHT2PJ721799_manutencao_informacoes-de-manutencao.pdf,2026-01-06_VR7EFYHT2PJ721799_informacoes-de-manutencao_2.pdf,historico_tecnico_2026_v2,matricula inferida por VIN,Codex,2026-05-20 03:17:30,,,,,,,,,,,,,,,,,,,,,,,,,,,,,,,,,
validado,0b0e79f806538cf8_2026-03-24_VXKUPHMHDP4099816_relatorio-de-diagnostico-do-veiculo_2.pdf,sim,2,BB-59-CT,VXKUPHMHDP4099816,,,2026-03-24,,2026-03-24,Autel,leitura_defeitos,relatorio de diagnostico do veiculo,file:///C:/Users/andre/OneDrive%20-%20D'accord%20Invest%20-%20Servi%C3%A7os%20Partilhados%20SA/CARFAST%20-%20OFICINA%20-%20HISTORICO%20TECNICO/2026/03_Marco/2026-03-24_BB-59-CT_VXKUPHMHDP4099816_leitura_defeitos_relatorio-de-diagnostico-do-veiculo.pdf,2026-03-24_VXKUPHMHDP4099816_relatorio-de-diagnostico-do-veiculo_2.pdf,historico_tecnico_2026_v2,matricula inferida por VIN,Codex,2026-05-20 03:17:30,,,,,,,,,,,,,,,,,,,,,,,,,,,,,,,,,
validado,0b0e79f806538cf8_2026-03-24_VXKUPHMHDP4099816_relatorio-de-diagnostico-do-veiculo_3.pdf,sim,3,BB-59-CT,VXKUPHMHDP4099816,,,2026-03-24,,2026-03-24,Autel,leitura_defeitos,relatorio de diagnostico do veiculo,file:///C:/Users/andre/OneDrive%20-%20D'accord%20Invest%20-%20Servi%C3%A7os%20Partilhados%20SA/CARFAST%20-%20OFICINA%20-%20HISTORICO%20TECNICO/2026/03_Marco/2026-03-24_BB-59-CT_VXKUPHMHDP4099816_leitura_defeitos_relatorio-de-diagnostico-do-veiculo.pdf,2026-03-24_VXKUPHMHDP4099816_relatorio-de-diagnostico-do-veiculo_3.pdf,historico_tecnico_2026_v2,matricula inferida por VIN,Codex,2026-05-20 03:17:30,,,,,,,,,,,,,,,,,,,,,,,,,,,,,,,,,
validado,0b0e79f806538cf8_2026-03-24_VXKUPHMHDP4099816_relatorio-de-diagnostico-do-veiculo_4.pdf,sim,4,BB-59-CT,VXKUPHMHDP4099816,,,2026-03-24,,2026-03-24,Autel,leitura_defeitos,relatorio de diagnostico do veiculo,file:///C:/Users/andre/OneDrive%20-%20D'accord%20Invest%20-%20Servi%C3%A7os%20Partilhados%20SA/CARFAST%20-%20OFICINA%20-%20HISTORICO%20TECNICO/2026/03_Marco/2026-03-24_BB-59-CT_VXKUPHMHDP4099816_leitura_defeitos_relatorio-de-diagnostico-do-veiculo.pdf,2026-03-24_VXKUPHMHDP4099816_relatorio-de-diagnostico-do-veiculo_4.pdf,historico_tecnico_2026_v2,matricula inferida por VIN,Codex,2026-05-20 03:17:30,,,,,,,,,,,,,,,,,,,,,,,,,,,,,,,,,
validado,0f265ed93f5f8d4c_2026-03-24_VXKUPHMHDP4099816_informacoes-de-manutencao_2.pdf,sim,6,BB-59-CT,VXKUPHMHDP4099816,,,2026-03-24,,2026-03-24,Autel,manutencao,informacoes de manutencao,file:///C:/Users/andre/OneDrive%20-%20D'accord%20Invest%20-%20Servi%C3%A7os%20Partilhados%20SA/CARFAST%20-%20OFICINA%20-%20HISTORICO%20TECNICO/2026/03_Marco/2026-03-24_BB-59-CT_VXKUPHMHDP4099816_manutencao_informacoes-de-manutencao.pdf,2026-03-24_VXKUPHMHDP4099816_informacoes-de-manutencao_2.pdf,historico_tecnico_2026_v2,matricula inferida por VIN,Codex,2026-05-20 03:17:30,,,,,,,,,,,,,,,,,,,,,,,,,,,,,,,,,
validado,0f265ed93f5f8d4c_2026-03-24_VXKUPHMHDP4099816_informacoes-de-manutencao_3.pdf,sim,7,BB-59-CT,VXKUPHMHDP4099816,,,2026-03-24,,2026-03-24,Autel,manutencao,informacoes de manutencao,file:///C:/Users/andre/OneDrive%20-%20D'accord%20Invest%20-%20Servi%C3%A7os%20Partilhados%20SA/CARFAST%20-%20OFICINA%20-%20HISTORICO%20TECNICO/2026/03_Marco/2026-03-24_BB-59-CT_VXKUPHMHDP4099816_manutencao_informacoes-de-manutencao.pdf,2026-03-24_VXKUPHMHDP4099816_informacoes-de-manutencao_3.pdf,historico_tecnico_2026_v2,matricula inferida por VIN,Codex,2026-05-20 03:17:30,,,,,,,,,,,,,,,,,,,,,,,,,,,,,,,,,
validado,0f265ed93f5f8d4c_2026-03-24_VXKUPHMHDP4099816_informacoes-de-manutencao_4.pdf,sim,8,BB-59-CT,VXKUPHMHDP4099816,,,2026-03-24,,2026-03-24,Autel,manutencao,informacoes de manutencao,file:///C:/Users/andre/OneDrive%20-%20D'accord%20Invest%20-%20Servi%C3%A7os%20Partilhados%20SA/CARFAST%20-%20OFICINA%20-%20HISTORICO%20TECNICO/2026/03_Marco/2026-03-24_BB-59-CT_VXKUPHMHDP4099816_manutencao_informacoes-de-manutencao.pdf,2026-03-24_VXKUPHMHDP4099816_informacoes-de-manutencao_4.pdf,historico_tecnico_2026_v2,matricula inferida por VIN,Codex,2026-05-20 03:17:30,,,,,,,,,,,,,,,,,,,,,,,,,,,,,,,,,
validado,c5bb70abf41751d0_2026-01-06_WF0NXXGCHNRA87978_relatorio-de-diagnostico-do-veiculo_2.pdf,sim,2,BL-43-RR,WF0NXXGCHNRA87978,,,2026-01-06,,2026-01-06,Autel,leitura_defeitos,relatorio de diagnostico do veiculo,file:///C:/Users/andre/OneDrive%20-%20D'accord%20Invest%20-%20Servi%C3%A7os%20Partilhados%20SA/CARFAST%20-%20OFICINA%20-%20HISTORICO%20TECNICO/2026/01_Janeiro/2026-01-06_BL-43-RR_WF0NXXGCHNRA87978_leitura_defeitos_relatorio-de-diagnostico-do-veiculo.pdf,2026-01-06_WF0NXXGCHNRA87978_relatorio-de-diagnostico-do-veiculo_2.pdf,historico_tecnico_2026_v2,matricula inferida por VIN,Codex,2026-05-20 03:17:30,,,,,,,,,,,,,,,,,,,,,,,,,,,,,,,,,
validado,34984a5f4372d2c8_2026-04-14_WV2ZZZST0RH019415_2-sistemas-analisados-27-3-3_2.pdf,sim,2,BJ-04-UP,WV2ZZZST0RH019415,,,2026-04-14,,2026-04-14,Autel,outro,2 sistemas analisados 27 3 3,file:///C:/Users/andre/OneDrive%20-%20D'accord%20Invest%20-%20Servi%C3%A7os%20Partilhados%20SA/CARFAST%20-%20OFICINA%20-%20HISTORICO%20TECNICO/2026/04_Abril/2026-04-14_BJ-04-UP_WV2ZZZST0RH019415_outro_2-sistemas-analisados-27-3-3.pdf,2026-04-14_WV2ZZZST0RH019415_2-sistemas-analisados-27-3-3_2.pdf,historico_tecnico_2026_v2,matricula inferida por VIN,Codex,2026-05-20 03:17:30,,,,,,,,,,,,,,,,,,,,,,,,,,,,,,,,,
validado,34984a5f4372d2c8_2026-04-14_WV2ZZZST0RH019415_2-sistemas-analisados-27-3-3_3.pdf,sim,3,BJ-04-UP,WV2ZZZST0RH019415,,,2026-04-14,,2026-04-14,Autel,outro,2 sistemas analisados 27 3 3,file:///C:/Users/andre/OneDrive%20-%20D'accord%20Invest%20-%20Servi%C3%A7os%20Partilhados%20SA/CARFAST%20-%20OFICINA%20-%20HISTORICO%20TECNICO/2026/04_Abril/2026-04-14_BJ-04-UP_WV2ZZZST0RH019415_outro_2-sistemas-analisados-27-3-3.pdf,2026-04-14_WV2ZZZST0RH019415_2-sistemas-analisados-27-3-3_3.pdf,historico_tecnico_2026_v2,matricula inferida por VIN,Codex,2026-05-20 03:17:30,,,,,,,,,,,,,,,,,,,,,,,,,,,,,,,,,
validado,34984a5f4372d2c8_2026-04-14_WV2ZZZST0RH019415_2-sistemas-analisados-27-3-3_4.pdf,sim,4,BJ-04-UP,WV2ZZZST0RH019415,,,2026-04-14,,2026-04-14,Autel,outro,2 sistemas analisados 27 3 3,file:///C:/Users/andre/OneDrive%20-%20D'accord%20Invest%20-%20Servi%C3%A7os%20Partilhados%20SA/CARFAST%20-%20OFICINA%20-%20HISTORICO%20TECNICO/2026/04_Abril/2026-04-14_BJ-04-UP_WV2ZZZST0RH019415_outro_2-sistemas-analisados-27-3-3.pdf,2026-04-14_WV2ZZZST0RH019415_2-sistemas-analisados-27-3-3_4.pdf,historico_tecnico_2026_v2,matricula inferida por VIN,Codex,2026-05-20 03:17:30,,,,,,,,,,,,,,,,,,,,,,,,,,,,,,,,,
validado,d429e5069b4f4ecd_2026-03-24_WV2ZZZST0SH009635_1-sistemas-analisados-26-2-1_2.pdf,sim,2,BS-07-MG,WV2ZZZST0SH009635,,,2026-03-24,,2026-03-24,Autel,outro,1 sistemas analisados 26 2 1,file:///C:/Users/andre/OneDrive%20-%20D'accord%20Invest%20-%20Servi%C3%A7os%20Partilhados%20SA/CARFAST%20-%20OFICINA%20-%20HISTORICO%20TECNICO/2026/03_Marco/2026-03-24_BS-07-MG_WV2ZZZST0SH009635_outro_1-sistemas-analisados-26-2-1.pdf,2026-03-24_WV2ZZZST0SH009635_1-sistemas-analisados-26-2-1_2.pdf,historico_tecnico_2026_v2,matricula inferida por VIN,Codex,2026-05-20 03:17:30,,,,,,,,,,,,,,,,,,,,,,,,,,,,,,,,,
validado,d429e5069b4f4ecd_2026-03-24_WV2ZZZST0SH009635_1-sistemas-analisados-26-2-1_3.pdf,sim,3,BS-07-MG,WV2ZZZST0SH009635,,,2026-03-24,,2026-03-24,Autel,outro,1 sistemas analisados 26 2 1,file:///C:/Users/andre/OneDrive%20-%20D'accord%20Invest%20-%20Servi%C3%A7os%20Partilhados%20SA/CARFAST%20-%20OFICINA%20-%20HISTORICO%20TECNICO/2026/03_Marco/2026-03-24_BS-07-MG_WV2ZZZST0SH009635_outro_1-sistemas-analisados-26-2-1.pdf,2026-03-24_WV2ZZZST0SH009635_1-sistemas-analisados-26-2-1_3.pdf,historico_tecnico_2026_v2,matricula inferida por VIN,Codex,2026-05-20 03:17:30,,,,,,,,,,,,,,,,,,,,,,,,,,,,,,,,,
validado,d429e5069b4f4ecd_2026-03-24_WV2ZZZST0SH009635_1-sistemas-analisados-26-2-1_4.pdf,sim,4,BS-07-MG,WV2ZZZST0SH009635,,,2026-03-24,,2026-03-24,Autel,outro,1 sistemas analisados 26 2 1,file:///C:/Users/andre/OneDrive%20-%20D'accord%20Invest%20-%20Servi%C3%A7os%20Partilhados%20SA/CARFAST%20-%20OFICINA%20-%20HISTORICO%20TECNICO/2026/03_Marco/2026-03-24_BS-07-MG_WV2ZZZST0SH009635_outro_1-sistemas-analisados-26-2-1.pdf,2026-03-24_WV2ZZZST0SH009635_1-sistemas-analisados-26-2-1_4.pdf,historico_tecnico_2026_v2,matricula inferida por VIN,Codex,2026-05-20 03:17:30,,,,,,,,,,,,,,,,,,,,,,,,,,,,,,,,,
